id_cliente,piano,fatturazione,mesi_anzianita,licenze,utenti_attivi_30gg,login_medi_settimana,feature_usate,integrazioni_attive,ticket_90gg,tempo_risposta_medio_ore,ritardi_pagamento_12m,churn
C-00001,Pro,annuale,8,42,33,3.4,4,0,2,9.2,1,0
C-00002,Basic,mensile,49,8,6,2.8,7,2,1,6.7,1,0
C-00003,Enterprise,annuale,13,34,27,3.5,6,1,2,6.3,1,0
C-00004,Pro,annuale,2,33,30,3.2,7,1,1,12.3,1,0
C-00005,Basic,mensile,15,10,5,1.4,5,0,2,16.4,0,1
C-00006,Enterprise,annuale,24,90,44,3.7,6,1,4,21.4,1,0
C-00007,Pro,mensile,25,41,30,4.2,8,0,1,9.0,1,0
C-00008,Pro,mensile,7,45,29,2.4,5,0,4,8.7,1,0
C-00009,Basic,mensile,20,9,6,5.8,4,1,0,10.8,1,0
C-00010,Pro,annuale,35,21,12,5.1,3,2,2,11.1,0,0
C-00011,Basic,mensile,5,10,8,4.4,6,1,1,6.3,2,1
C-00012,Enterprise,mensile,8,74,43,4.4,6,5,4,24.0,0,0
C-00013,Pro,mensile,26,26,18,3.2,6,1,1,10.1,0,0
C-00014,Pro,mensile,27,49,33,4.8,2,0,1,13.8,0,0
C-00015,Basic,mensile,45,5,4,5.4,2,1,4,12.9,0,0
C-00016,Basic,mensile,21,5,4,4.3,8,1,0,12.7,0,0
C-00017,Pro,mensile,22,21,16,2.4,6,2,0,5.5,0,0
C-00018,Basic,mensile,10,7,3,3.1,3,1,1,10.0,1,0
C-00019,Pro,annuale,46,23,21,4.0,3,2,2,39.3,2,0
C-00020,Pro,mensile,48,17,8,4.4,4,0,1,25.9,1,0
C-00021,Pro,annuale,19,14,8,3.1,7,1,2,11.0,0,0
C-00022,Basic,mensile,11,5,3,2.4,6,1,1,8.0,2,0
C-00023,Enterprise,mensile,19,275,177,5.4,6,2,2,2.6,1,0
C-00024,Enterprise,mensile,20,268,122,1.7,6,0,1,7.4,1,1
C-00025,Pro,mensile,10,6,5,1.9,7,1,0,9.5,0,0
C-00026,Basic,mensile,12,10,7,1.3,5,1,4,8.3,1,0
C-00027,Pro,annuale,48,6,4,1.9,5,1,1,8.6,0,0
C-00028,Basic,mensile,29,9,2,4.9,5,1,3,14.5,0,0
C-00029,Basic,mensile,17,2,0,5.0,9,2,0,5.5,0,0
C-00030,Pro,annuale,8,32,24,3.1,6,2,1,11.8,1,0
C-00031,Pro,mensile,12,6,4,3.9,6,2,1,9.4,0,0
C-00032,Enterprise,mensile,4,180,49,3.2,7,4,2,5.9,0,0
C-00033,Basic,mensile,24,1,1,1.5,4,1,0,27.3,1,1
C-00034,Basic,mensile,11,5,4,6.3,5,0,0,15.7,0,0
C-00035,Pro,mensile,25,10,4,5.1,6,1,1,6.2,0,0
C-00036,Basic,annuale,34,6,5,3.7,9,1,1,13.6,1,0
C-00037,Basic,annuale,26,1,1,2.0,4,0,1,4.3,1,1
C-00038,Pro,mensile,15,33,18,2.9,5,3,1,6.7,1,0
C-00039,Basic,annuale,10,5,4,2.2,8,0,4,22.2,1,0
C-00040,Pro,annuale,7,19,13,3.3,6,0,2,12.3,0,0
C-00041,Basic,mensile,45,4,3,3.6,6,1,5,11.8,0,0
C-00042,Pro,annuale,25,11,10,2.7,4,1,4,18.1,0,0
C-00043,Pro,annuale,16,32,12,1.2,4,3,3,14.4,1,0
C-00044,Basic,annuale,31,3,1,6.2,5,0,1,8.5,0,0
C-00045,Pro,annuale,40,6,6,3.5,4,1,3,17.5,0,0
C-00046,Pro,mensile,12,48,29,3.8,7,1,4,3.6,1,0
C-00047,Basic,mensile,24,4,3,2.6,6,1,2,6.7,0,0
C-00048,Basic,mensile,25,3,2,1.0,7,1,4,9.4,0,0
C-00049,Pro,mensile,51,7,3,3.1,4,1,1,13.9,1,0
C-00050,Basic,mensile,15,4,3,2.7,5,1,0,8.2,0,0
C-00051,Basic,annuale,10,8,6,4.2,7,2,3,3.4,1,0
C-00052,Basic,mensile,26,7,4,4.5,4,0,1,3.2,0,0
C-00053,Pro,mensile,33,50,18,4.3,4,1,2,9.6,0,0
C-00054,Pro,annuale,23,38,14,4.6,5,1,3,7.5,0,0
C-00055,Pro,mensile,54,26,4,5.7,4,1,2,5.8,0,0
C-00056,Pro,mensile,15,15,10,3.7,3,3,1,5.2,0,0
C-00057,Pro,annuale,23,17,5,4.7,5,2,3,10.8,0,0
C-00058,Pro,mensile,5,25,16,3.9,7,3,3,21.8,0,0
C-00059,Basic,mensile,9,2,2,0.5,3,0,2,10.8,0,1
C-00060,Basic,mensile,12,9,5,3.0,6,0,2,22.0,0,0
C-00061,Pro,annuale,17,15,12,2.0,6,2,0,8.0,0,0
C-00062,Pro,mensile,6,10,5,3.5,6,0,0,13.0,0,0
C-00063,Pro,mensile,31,10,5,2.1,5,0,2,22.5,0,0
C-00064,Pro,mensile,11,20,16,4.0,2,0,1,9.1,0,0
C-00065,Pro,mensile,77,22,20,4.6,3,1,1,10.2,2,0
C-00066,Pro,annuale,11,21,13,4.9,5,0,2,8.0,0,1
C-00067,Pro,mensile,21,36,18,5.5,9,2,3,14.3,1,0
C-00068,Basic,annuale,20,6,5,0.9,5,1,6,17.2,0,1
C-00069,Basic,mensile,8,6,4,1.5,5,0,3,12.3,0,0
C-00070,Basic,mensile,18,9,8,7.0,9,2,3,8.7,0,0
C-00071,Basic,annuale,17,3,2,4.6,7,1,4,4.1,0,0
C-00072,Basic,mensile,37,7,6,3.5,7,0,2,9.7,1,0
C-00073,Enterprise,mensile,27,54,40,3.2,5,1,3,8.9,1,0
C-00074,Basic,annuale,30,10,7,3.1,8,0,2,11.5,0,0
C-00075,Basic,mensile,37,3,3,0.5,6,0,3,10.7,0,0
C-00076,Basic,mensile,31,9,8,2.1,6,1,2,25.7,1,0
C-00077,Basic,annuale,24,7,6,3.0,7,1,1,6.6,1,0
C-00078,Pro,mensile,12,9,4,2.2,5,1,2,3.9,0,0
C-00079,Pro,mensile,23,18,13,2.4,8,3,1,5.0,0,0
C-00080,Pro,mensile,10,15,7,6.8,9,1,1,6.8,0,0
C-00081,Pro,mensile,19,14,12,2.8,6,3,2,19.1,0,0
C-00082,Basic,mensile,17,4,3,3.6,4,0,0,4.6,0,0
C-00083,Pro,annuale,18,7,6,3.5,7,0,2,5.0,0,0
C-00084,Basic,mensile,6,4,1,4.0,5,0,2,12.8,0,1
C-00085,Basic,annuale,1,6,4,2.5,6,1,1,16.6,0,0
C-00086,Basic,mensile,14,6,4,4.9,3,1,3,3.9,0,0
C-00087,Pro,mensile,43,5,4,3.8,7,2,2,3.5,0,0
C-00088,Pro,mensile,21,36,32,1.4,8,2,4,6.2,1,0
C-00089,Basic,annuale,40,4,3,3.0,3,2,1,14.8,0,0
C-00090,Pro,mensile,10,31,29,3.0,6,3,1,10.9,0,0
C-00091,Basic,mensile,14,10,9,2.9,7,3,2,6.4,0,0
C-00092,Pro,annuale,80,27,23,3.9,3,0,0,15.6,0,0
C-00093,Basic,annuale,10,5,4,4.1,4,3,3,10.8,0,0
C-00094,Basic,mensile,30,7,6,3.9,5,4,2,9.4,0,0
C-00095,Basic,annuale,30,8,3,3.7,7,2,1,3.8,0,0
C-00096,Pro,mensile,28,33,30,3.3,5,0,2,6.3,0,0
C-00097,Basic,mensile,30,6,4,0.2,4,1,2,32.4,0,1
C-00098,Basic,mensile,10,10,10,4.3,4,1,0,8.2,0,0
C-00099,Basic,mensile,15,9,6,3.9,5,2,4,5.6,0,0
C-00100,Enterprise,mensile,1,271,168,1.8,2,0,2,8.0,3,1
C-00101,Enterprise,annuale,52,70,53,3.6,6,1,0,10.7,0,0
C-00102,Pro,mensile,30,18,13,4.1,2,2,2,17.0,1,0
C-00103,Basic,annuale,12,9,6,4.8,7,1,1,14.5,0,0
C-00104,Enterprise,annuale,10,166,147,3.9,6,0,0,6.7,1,0
C-00105,Pro,annuale,43,22,10,3.7,7,1,2,21.4,0,0
C-00106,Pro,annuale,11,36,13,4.5,4,0,2,16.3,0,0
C-00107,Basic,annuale,12,3,2,2.8,6,4,2,7.7,1,0
C-00108,Basic,annuale,8,6,5,3.8,7,2,1,9.3,0,0
C-00109,Basic,mensile,34,2,1,2.3,5,1,2,14.3,2,0
C-00110,Enterprise,mensile,40,81,61,4.8,3,0,3,19.1,0,1
C-00111,Pro,mensile,17,23,12,0.9,3,0,1,4.0,1,0
C-00112,Basic,mensile,40,1,0,4.3,6,1,3,10.4,2,0
C-00113,Basic,mensile,26,10,10,3.2,5,0,1,9.8,0,0
C-00114,Pro,annuale,8,50,40,4.6,8,1,1,7.1,1,0
C-00115,Basic,mensile,50,7,5,2.1,7,1,1,7.1,0,0
C-00116,Enterprise,annuale,8,54,38,3.3,6,1,5,18.8,1,0
C-00117,Pro,mensile,18,7,1,3.3,9,1,1,13.8,0,0
C-00118,Pro,mensile,17,27,7,3.8,6,2,3,35.4,0,0
C-00119,Basic,mensile,15,8,6,1.7,3,1,3,7.1,0,0
C-00120,Pro,mensile,3,40,34,4.1,3,3,2,10.9,0,0
C-00121,Pro,mensile,70,20,18,0.6,7,1,2,12.0,1,0
C-00122,Pro,mensile,3,6,4,2.3,5,1,1,17.1,0,0
C-00123,Basic,mensile,52,9,6,1.0,8,1,3,22.6,0,0
C-00124,Basic,mensile,10,3,2,4.4,3,3,5,10.6,0,0
C-00125,Basic,mensile,13,10,4,3.8,4,4,1,5.2,1,0
C-00126,Pro,mensile,49,9,6,3.8,7,3,2,6.5,0,0
C-00127,Basic,mensile,28,9,8,5.3,7,0,2,10.9,0,0
C-00128,Basic,mensile,6,6,4,2.8,7,1,1,19.6,2,0
C-00129,Basic,mensile,6,3,2,4.1,3,2,2,4.2,2,0
C-00130,Pro,mensile,25,50,34,3.3,5,0,4,5.0,0,0
C-00131,Basic,mensile,8,6,6,3.1,6,1,1,15.8,0,0
C-00132,Enterprise,annuale,29,42,23,5.0,8,3,2,4.6,0,0
C-00133,Pro,annuale,31,10,6,6.1,4,0,1,5.1,0,0
C-00134,Basic,annuale,11,10,7,2.6,6,1,1,19.8,0,0
C-00135,Pro,mensile,13,27,23,4.4,4,3,0,8.8,2,0
C-00136,Basic,mensile,26,4,2,3.6,7,2,3,8.4,0,0
C-00137,Enterprise,mensile,10,297,169,3.7,3,1,3,22.7,0,0
C-00138,Pro,annuale,21,32,24,3.5,12,0,5,5.3,0,0
C-00139,Pro,annuale,83,22,20,2.7,3,1,1,4.7,1,0
C-00140,Basic,annuale,27,7,7,0.0,6,0,1,26.6,1,0
C-00141,Pro,annuale,15,26,21,5.3,7,0,4,11.5,0,0
C-00142,Pro,mensile,74,35,12,2.2,4,3,0,15.0,1,0
C-00143,Enterprise,annuale,36,60,30,2.9,4,0,4,8.3,1,0
C-00144,Pro,annuale,8,26,21,2.9,6,2,4,9.4,1,0
C-00145,Pro,mensile,10,10,9,2.1,6,4,1,6.6,0,0
C-00146,Basic,annuale,4,9,6,3.5,6,0,4,12.1,0,0
C-00147,Basic,mensile,25,1,1,3.1,6,2,3,16.5,1,0
C-00148,Pro,annuale,2,28,24,2.2,4,1,2,11.2,0,0
C-00149,Basic,annuale,74,7,3,3.4,8,0,2,18.9,0,0
C-00150,Basic,mensile,16,10,1,3.2,4,0,2,14.9,1,0
C-00151,Pro,annuale,37,37,14,4.5,6,3,0,5.3,1,0
C-00152,Enterprise,mensile,15,30,14,1.3,8,1,2,9.2,0,0
C-00153,Basic,annuale,25,2,1,2.1,8,0,4,7.6,0,0
C-00154,Pro,annuale,18,11,4,4.2,4,0,3,15.7,0,0
C-00155,Basic,annuale,21,8,6,2.3,4,1,3,13.2,0,0
C-00156,Pro,annuale,45,31,20,1.9,6,1,3,10.8,0,0
C-00157,Basic,mensile,60,8,5,2.4,5,1,1,18.4,0,0
C-00158,Pro,mensile,57,16,9,3.1,6,3,1,3.3,0,0
C-00159,Pro,mensile,84,17,11,3.1,5,2,1,7.0,0,0
C-00160,Pro,mensile,11,18,6,2.9,4,0,2,7.3,3,1
C-00161,Basic,mensile,27,10,7,1.8,5,2,2,11.6,0,1
C-00162,Enterprise,mensile,11,249,188,4.3,6,2,1,13.9,0,0
C-00163,Basic,mensile,44,4,3,5.1,7,1,0,10.0,0,0
C-00164,Basic,mensile,9,1,1,0.5,5,1,3,4.5,0,0
C-00165,Pro,annuale,46,30,26,1.0,3,0,1,12.8,0,0
C-00166,Basic,mensile,23,10,8,4.6,5,1,5,10.8,1,0
C-00167,Pro,annuale,19,39,31,5.4,6,0,4,4.1,1,0
C-00168,Pro,mensile,20,25,18,0.2,7,3,2,8.4,0,0
C-00169,Basic,mensile,7,8,5,4.3,7,2,1,12.5,0,0
C-00170,Enterprise,mensile,8,162,136,5.5,8,0,4,27.0,0,0
C-00171,Basic,mensile,24,10,5,2.0,6,0,1,5.2,0,1
C-00172,Pro,mensile,24,6,3,5.4,7,1,2,16.1,0,0
C-00173,Basic,mensile,12,10,3,3.0,4,1,3,5.2,0,0
C-00174,Enterprise,mensile,16,184,131,3.6,6,2,2,4.7,0,0
C-00175,Basic,mensile,28,8,7,2.2,6,1,4,4.8,0,0
C-00176,Basic,annuale,10,4,3,4.6,7,1,3,14.4,1,0
C-00177,Basic,mensile,3,7,3,4.4,7,0,6,10.8,0,0
C-00178,Enterprise,annuale,54,85,61,5.6,4,0,2,8.3,1,0
C-00179,Enterprise,mensile,25,298,266,5.2,7,1,1,13.2,0,0
C-00180,Pro,annuale,14,16,11,3.2,8,2,3,10.2,1,0
C-00181,Enterprise,annuale,11,45,30,7.0,8,2,1,10.7,1,0
C-00182,Enterprise,annuale,10,127,106,5.1,5,0,1,8.3,1,0
C-00183,Pro,annuale,44,5,3,4.0,9,0,3,5.4,1,0
C-00184,Basic,mensile,6,5,2,1.8,7,3,1,27.6,0,1
C-00185,Pro,mensile,27,40,33,1.1,6,2,2,23.2,0,0
C-00186,Pro,mensile,27,22,18,1.2,5,0,2,26.0,2,1
C-00187,Basic,annuale,34,8,6,1.9,7,1,4,7.2,0,0
C-00188,Basic,annuale,15,7,3,5.1,7,1,2,6.6,1,0
C-00189,Pro,mensile,51,24,18,3.9,6,3,0,7.8,1,0
C-00190,Basic,annuale,35,7,5,2.3,10,1,2,19.0,0,0
C-00191,Enterprise,mensile,14,78,60,3.0,4,0,1,10.0,1,0
C-00192,Basic,annuale,11,3,2,2.8,6,2,1,7.2,0,0
C-00193,Basic,annuale,18,1,1,4.3,5,1,0,12.4,0,0
C-00194,Pro,mensile,14,39,27,2.0,5,0,2,6.4,1,0
C-00195,Basic,annuale,9,8,7,3.7,5,2,2,4.4,1,0
C-00196,Basic,annuale,21,9,8,3.6,5,2,1,10.8,0,0
C-00197,Pro,mensile,16,49,29,2.0,5,0,2,7.3,0,0
C-00198,Enterprise,mensile,59,30,28,5.4,3,1,2,9.9,1,0
C-00199,Basic,mensile,14,2,1,2.8,2,0,0,2.0,1,1
C-00200,Basic,annuale,11,5,1,1.8,6,0,3,5.9,1,1
C-00201,Pro,mensile,20,38,21,4.4,5,0,3,9.7,0,0
C-00202,Enterprise,annuale,24,219,177,3.3,2,1,4,4.0,0,0
C-00203,Pro,annuale,26,11,7,3.8,3,1,1,4.1,0,0
C-00204,Basic,mensile,25,4,3,1.5,4,0,1,10.2,0,1
C-00205,Basic,mensile,21,10,3,4.3,3,0,4,15.2,1,1
C-00206,Basic,annuale,20,8,5,6.2,8,3,0,5.9,0,0
C-00207,Basic,annuale,31,4,2,1.4,6,1,1,8.5,0,0
C-00208,Pro,mensile,9,20,13,3.7,5,0,3,8.7,1,0
C-00209,Basic,mensile,11,2,1,2.1,6,1,1,3.9,0,0
C-00210,Pro,mensile,5,36,23,7.0,3,1,3,20.3,1,0
C-00211,Pro,annuale,9,22,12,4.9,6,1,1,9.0,0,0
C-00212,Pro,mensile,41,7,4,3.6,9,2,2,9.0,0,0
C-00213,Basic,annuale,30,5,4,1.5,3,1,1,12.5,1,0
C-00214,Pro,mensile,64,42,30,1.8,4,0,2,3.9,1,0
C-00215,Pro,annuale,54,46,33,4.2,6,2,4,17.4,1,0
C-00216,Pro,mensile,30,50,28,1.3,4,1,2,18.8,0,0
C-00217,Basic,mensile,22,2,2,1.3,3,1,1,10.9,0,0
C-00218,Basic,annuale,20,2,2,3.2,6,1,1,13.2,1,0
C-00219,Enterprise,annuale,2,148,117,3.4,6,1,2,8.2,0,0
C-00220,Basic,mensile,19,10,8,3.7,4,1,3,16.8,0,0
C-00221,Basic,mensile,13,5,2,2.6,7,0,2,6.1,0,1
C-00222,Pro,mensile,9,22,14,4.5,3,1,2,9.8,0,0
C-00223,Pro,mensile,27,47,35,2.0,5,2,0,10.2,0,0
C-00224,Enterprise,mensile,17,172,98,4.1,6,1,0,9.8,1,0
C-00225,Basic,annuale,21,6,4,3.5,6,0,6,19.0,0,0
C-00226,Enterprise,mensile,8,236,154,4.0,6,3,2,37.2,0,0
C-00227,Basic,annuale,36,7,6,4.9,6,1,2,9.4,1,0
C-00228,Pro,mensile,14,32,27,2.6,6,0,2,13.3,3,1
C-00229,Pro,mensile,26,40,35,2.3,7,1,5,6.2,1,0
C-00230,Basic,annuale,15,7,6,0.8,6,0,4,18.6,1,0
C-00231,Basic,mensile,2,10,7,0.4,5,1,2,7.3,2,1
C-00232,Basic,annuale,28,9,8,3.0,7,2,2,66.0,0,0
C-00233,Enterprise,mensile,18,214,113,3.0,4,0,3,3.7,1,0
C-00234,Pro,annuale,4,19,18,1.7,7,2,3,36.3,0,0
C-00235,Enterprise,annuale,7,198,126,2.0,4,1,3,18.1,0,0
C-00236,Pro,annuale,37,21,19,5.3,5,1,2,5.1,0,0
C-00237,Pro,mensile,5,15,7,4.4,6,0,4,40.2,0,1
C-00238,Pro,mensile,14,36,27,1.4,6,1,2,5.7,1,0
C-00239,Basic,mensile,68,6,5,2.6,3,0,2,8.3,1,0
C-00240,Basic,mensile,28,7,4,3.8,5,1,2,4.6,0,0
C-00241,Pro,mensile,33,35,15,2.3,7,1,2,9.2,1,0
C-00242,Pro,mensile,16,49,12,2.1,10,1,3,9.7,1,0
C-00243,Basic,mensile,4,9,4,2.7,5,3,2,16.5,0,0
C-00244,Pro,mensile,23,18,13,4.7,3,2,3,43.2,1,0
C-00245,Pro,mensile,8,46,42,4.9,5,3,3,7.4,0,0
C-00246,Enterprise,mensile,7,30,14,2.2,5,1,1,1.9,0,0
C-00247,Pro,mensile,21,30,10,3.8,3,3,1,14.8,0,0
C-00248,Basic,annuale,8,10,6,3.2,7,3,2,7.2,1,0
C-00249,Basic,mensile,19,3,1,1.8,6,2,1,29.8,0,0
C-00250,Basic,mensile,11,4,2,2.8,5,0,2,9.8,0,0
C-00251,Pro,mensile,19,49,23,1.4,5,0,4,6.3,0,0
C-00252,Enterprise,annuale,13,114,100,4.8,2,2,0,5.4,1,0
C-00253,Pro,mensile,19,13,5,5.4,5,1,1,14.5,1,0
C-00254,Basic,annuale,51,2,2,2.6,5,1,2,8.5,0,0
C-00255,Basic,annuale,34,5,3,2.3,5,1,2,24.1,1,0
C-00256,Pro,mensile,18,26,19,4.7,6,1,1,8.8,1,0
C-00257,Pro,annuale,46,48,23,4.9,5,3,2,23.4,0,0
C-00258,Basic,annuale,26,1,1,1.6,6,1,0,4.4,0,0
C-00259,Basic,mensile,44,5,2,3.0,7,0,1,3.5,0,0
C-00260,Pro,mensile,5,33,25,3.1,5,0,6,16.4,1,1
C-00261,Basic,annuale,8,1,1,2.1,5,0,1,7.6,0,0
C-00262,Pro,annuale,23,43,37,3.7,7,2,3,8.5,0,0
C-00263,Basic,mensile,17,6,3,2.2,5,2,1,5.4,2,0
C-00264,Basic,mensile,19,4,2,2.4,5,4,3,5.2,1,0
C-00265,Enterprise,annuale,29,60,42,3.1,7,0,2,14.6,0,0
C-00266,Basic,mensile,23,2,2,1.1,6,2,3,9.9,1,0
C-00267,Basic,annuale,36,9,3,0.3,8,0,0,5.3,2,0
C-00268,Basic,mensile,36,8,6,4.5,5,1,2,16.1,0,0
C-00269,Basic,annuale,8,7,4,2.2,5,2,2,20.2,1,0
C-00270,Basic,annuale,2,9,6,6.2,3,1,3,9.4,0,0
C-00271,Basic,annuale,8,1,0,6.0,4,3,0,18.3,1,0
C-00272,Basic,annuale,8,7,5,2.5,6,3,4,5.5,0,0
C-00273,Basic,annuale,20,8,5,6.5,4,1,0,14.1,1,0
C-00274,Pro,annuale,20,14,7,4.5,5,1,2,11.0,0,0
C-00275,Pro,annuale,16,21,9,2.3,4,1,2,6.2,0,0
C-00276,Basic,mensile,27,8,6,0.0,2,2,2,34.3,1,1
C-00277,Basic,annuale,84,7,4,4.2,5,0,2,11.5,0,0
C-00278,Pro,mensile,16,46,14,3.2,6,1,3,7.0,2,1
C-00279,Enterprise,annuale,23,152,58,3.8,5,0,2,10.1,0,0
C-00280,Enterprise,annuale,19,131,59,2.9,7,1,2,5.9,0,0
C-00281,Basic,mensile,12,1,1,1.6,4,1,2,5.0,1,0
C-00282,Basic,mensile,30,6,4,2.6,3,0,1,7.6,0,0
C-00283,Basic,mensile,16,6,5,4.2,8,2,3,8.0,1,0
C-00284,Basic,annuale,10,4,4,2.7,8,1,1,6.2,0,0
C-00285,Pro,mensile,10,25,14,2.7,5,2,2,21.2,0,0
C-00286,Basic,mensile,37,1,1,1.1,5,0,3,6.3,1,0
C-00287,Basic,annuale,29,8,6,3.3,7,2,1,5.7,0,0
C-00288,Basic,annuale,13,9,7,1.6,6,2,0,4.9,0,0
C-00289,Pro,mensile,27,15,12,4.5,3,2,2,4.6,0,0
C-00290,Basic,mensile,19,10,9,2.2,3,2,3,18.5,2,0
C-00291,Pro,annuale,24,23,13,2.8,3,2,2,11.7,0,0
C-00292,Basic,annuale,12,7,4,6.2,7,1,4,15.1,0,0
C-00293,Enterprise,annuale,8,244,222,2.8,6,0,3,18.4,0,0
C-00294,Basic,mensile,15,10,5,2.6,4,1,3,8.2,1,0
C-00295,Pro,mensile,9,14,9,4.0,4,2,0,24.2,0,0
C-00296,Enterprise,mensile,8,158,143,0.7,3,1,1,6.9,0,0
C-00297,Enterprise,annuale,5,92,59,5.0,7,1,2,5.2,1,0
C-00298,Pro,mensile,2,44,29,4.6,7,3,3,12.5,2,0
C-00299,Pro,mensile,13,27,16,3.9,6,3,2,10.9,1,0
C-00300,Pro,annuale,42,46,33,0.0,7,2,2,10.9,0,0
C-00301,Pro,annuale,35,18,12,2.8,4,2,2,18.4,0,0
C-00302,Basic,annuale,56,4,2,1.4,6,0,1,10.7,0,0
C-00303,Pro,mensile,8,16,11,4.8,5,0,2,12.1,0,1
C-00304,Pro,mensile,31,7,5,4.7,3,1,4,22.6,1,0
C-00305,Enterprise,mensile,17,94,48,3.7,5,0,1,11.7,0,0
C-00306,Pro,mensile,10,39,33,1.5,7,1,3,13.5,0,0
C-00307,Basic,mensile,39,4,4,5.3,3,2,1,4.3,0,0
C-00308,Pro,mensile,18,47,32,2.8,5,1,1,93.1,1,1
C-00309,Basic,annuale,3,8,7,5.7,7,3,1,3.9,0,0
C-00310,Basic,annuale,35,8,4,3.6,7,0,2,7.2,1,0
C-00311,Pro,annuale,25,37,32,3.9,5,0,1,7.1,0,0
C-00312,Basic,mensile,21,3,2,2.6,4,1,0,35.4,0,0
C-00313,Basic,mensile,7,7,5,5.2,7,1,1,7.0,2,0
C-00314,Basic,mensile,23,4,2,4.1,4,1,2,13.0,0,0
C-00315,Basic,mensile,51,9,5,5.2,4,1,3,7.1,1,0
C-00316,Basic,mensile,25,5,2,3.4,3,1,7,5.4,1,1
C-00317,Basic,mensile,5,9,5,3.1,5,1,2,14.1,3,0
C-00318,Pro,annuale,26,7,4,4.0,6,2,0,6.5,0,0
C-00319,Basic,mensile,25,8,5,5.2,7,0,3,11.3,0,0
C-00320,Enterprise,annuale,33,42,30,4.6,5,0,1,14.6,0,0
C-00321,Enterprise,mensile,25,255,169,3.4,9,2,2,31.4,1,0
C-00322,Pro,mensile,8,47,33,0.6,6,1,1,4.7,0,0
C-00323,Basic,mensile,20,6,3,4.3,6,1,5,9.1,0,0
C-00324,Pro,mensile,16,48,16,1.2,4,1,1,9.4,2,0
C-00325,Pro,mensile,22,15,9,3.2,4,1,2,10.0,0,0
C-00326,Pro,annuale,40,50,19,3.0,6,1,2,46.7,0,0
C-00327,Pro,mensile,11,25,16,1.2,6,0,2,9.0,1,0
C-00328,Pro,mensile,62,26,23,3.7,4,2,5,2.2,0,0
C-00329,Pro,annuale,26,7,5,6.2,5,1,0,8.9,0,0
C-00330,Basic,mensile,35,6,4,2.8,5,0,0,9.3,0,0
C-00331,Pro,annuale,32,13,9,4.3,5,0,3,8.7,0,0
C-00332,Basic,mensile,25,2,1,6.5,4,2,0,6.5,0,0
C-00333,Pro,annuale,29,13,11,4.4,4,1,3,4.5,1,0
C-00334,Enterprise,mensile,1,80,74,2.3,5,0,3,36.5,0,0
C-00335,Basic,mensile,32,2,1,3.5,7,3,3,12.1,0,0
C-00336,Pro,annuale,9,45,35,3.9,7,0,0,8.9,3,0
C-00337,Basic,annuale,18,4,2,5.2,3,2,3,35.8,1,0
C-00338,Pro,mensile,25,30,21,4.9,3,0,0,5.9,0,0
C-00339,Basic,annuale,41,1,0,0.0,5,1,2,14.4,2,1
C-00340,Enterprise,mensile,9,165,36,2.0,4,2,1,4.7,0,0
C-00341,Basic,mensile,13,8,6,3.1,7,1,3,15.7,0,1
C-00342,Enterprise,mensile,15,64,36,1.8,5,3,4,5.1,2,1
C-00343,Pro,annuale,22,48,29,0.0,7,1,2,13.3,0,0
C-00344,Pro,mensile,16,23,8,2.2,3,1,0,32.3,0,0
C-00345,Pro,annuale,29,9,8,3.2,9,0,0,10.6,1,0
C-00346,Pro,mensile,4,44,33,2.5,7,0,1,2.7,0,0
C-00347,Enterprise,annuale,17,178,155,1.8,6,0,0,10.2,0,0
C-00348,Basic,annuale,55,5,3,3.3,8,3,1,13.3,1,0
C-00349,Pro,mensile,16,8,4,3.7,5,3,3,17.2,0,0
C-00350,Basic,mensile,26,1,0,2.5,4,2,2,24.2,0,0
C-00351,Pro,mensile,37,15,13,5.1,5,1,1,25.0,0,0
C-00352,Basic,annuale,26,7,3,3.3,7,2,3,9.2,0,0
C-00353,Pro,mensile,66,29,17,2.0,7,1,0,6.7,0,0
C-00354,Pro,mensile,21,23,14,1.6,5,0,5,5.1,1,0
C-00355,Pro,mensile,30,40,23,2.9,6,1,1,7.2,0,0
C-00356,Pro,annuale,23,9,5,4.8,4,1,2,13.3,1,0
C-00357,Pro,mensile,48,38,24,2.0,4,0,0,4.5,0,0
C-00358,Pro,mensile,14,47,39,4.0,6,1,2,5.7,0,0
C-00359,Pro,annuale,69,11,9,3.3,5,1,0,14.0,2,0
C-00360,Pro,mensile,11,35,27,6.0,4,1,4,6.8,0,0
C-00361,Enterprise,annuale,58,265,31,3.7,7,0,1,12.5,0,0
C-00362,Basic,mensile,8,4,3,2.2,6,0,1,6.1,2,1
C-00363,Basic,mensile,31,10,3,4.2,5,2,2,11.9,0,0
C-00364,Basic,annuale,19,8,3,4.3,4,0,2,6.3,0,0
C-00365,Pro,annuale,36,44,26,2.6,4,0,4,3.2,0,0
C-00366,Basic,annuale,27,4,3,1.6,6,0,5,17.7,1,0
C-00367,Pro,mensile,35,9,7,4.0,7,0,1,6.6,0,0
C-00368,Pro,mensile,8,16,11,3.3,4,1,2,8.6,1,0
C-00369,Basic,mensile,4,6,4,1.1,7,1,1,6.6,1,0
C-00370,Enterprise,mensile,7,178,150,3.6,7,2,3,13.9,1,0
C-00371,Pro,mensile,7,24,17,2.3,7,1,3,12.2,0,0
C-00372,Basic,mensile,8,8,5,1.1,6,4,0,13.8,0,0
C-00373,Basic,mensile,12,9,5,2.7,5,2,2,7.2,1,0
C-00374,Basic,mensile,12,2,2,5.0,7,1,2,9.7,1,0
C-00375,Basic,mensile,20,5,2,4.9,5,1,1,12.8,0,0
C-00376,Basic,mensile,10,7,6,4.5,4,0,5,25.3,0,0
C-00377,Enterprise,annuale,10,145,84,3.6,5,2,1,12.0,1,0
C-00378,Basic,annuale,17,7,4,4.0,5,0,6,5.5,1,1
C-00379,Basic,mensile,40,7,4,3.3,5,1,4,11.7,1,0
C-00380,Pro,annuale,14,20,13,1.7,8,2,2,9.1,1,0
C-00381,Pro,annuale,19,47,24,1.9,5,1,4,3.0,0,0
C-00382,Enterprise,mensile,21,65,43,2.3,4,1,3,3.3,1,0
C-00383,Pro,mensile,9,39,25,5.2,8,0,1,9.6,1,0
C-00384,Pro,mensile,15,15,11,4.7,4,2,3,10.1,0,0
C-00385,Basic,mensile,11,3,1,1.7,2,1,2,8.4,0,0
C-00386,Enterprise,annuale,37,162,131,3.3,7,1,0,17.0,0,0
C-00387,Pro,annuale,35,9,7,2.6,8,0,4,5.7,0,0
C-00388,Enterprise,mensile,10,185,115,3.0,6,0,2,4.4,1,0
C-00389,Basic,annuale,18,2,1,2.4,5,0,3,6.1,0,0
C-00390,Enterprise,mensile,30,300,222,5.2,6,0,1,6.9,1,0
C-00391,Pro,annuale,25,40,29,3.2,7,4,4,9.7,0,0
C-00392,Basic,annuale,27,3,2,3.5,7,1,0,6.2,0,0
C-00393,Pro,mensile,9,15,3,3.5,3,0,0,2.8,0,0
C-00394,Pro,mensile,57,48,29,1.8,7,0,2,2.1,0,0
C-00395,Basic,annuale,12,4,2,3.4,6,3,1,10.8,1,0
C-00396,Pro,annuale,12,45,33,4.7,2,1,1,5.1,0,0
C-00397,Pro,mensile,6,42,35,5.3,3,2,6,3.0,1,0
C-00398,Basic,mensile,17,9,8,1.6,3,3,2,14.5,2,0
C-00399,Pro,mensile,43,48,17,1.1,8,0,3,25.3,0,0
C-00400,Basic,annuale,24,4,2,3.3,5,2,1,9.4,0,0
C-00401,Basic,annuale,18,8,4,4.8,6,0,1,11.7,1,1
C-00402,Enterprise,annuale,33,143,92,3.7,1,0,2,11.8,0,0
C-00403,Pro,annuale,42,10,9,4.2,7,3,3,2.5,0,0
C-00404,Basic,annuale,35,1,1,1.3,5,0,1,17.0,1,0
C-00405,Enterprise,annuale,3,237,52,2.4,8,2,1,21.0,0,0
C-00406,Enterprise,mensile,33,172,148,0.1,5,1,0,30.1,1,0
C-00407,Basic,annuale,27,10,6,3.0,7,0,2,7.7,0,0
C-00408,Pro,mensile,10,11,8,0.2,6,1,1,5.1,1,0
C-00409,Basic,mensile,27,8,6,5.1,5,0,4,22.6,1,0
C-00410,Enterprise,annuale,43,187,85,5.4,8,1,1,13.5,0,0
C-00411,Pro,annuale,12,49,41,3.4,5,4,2,16.9,0,0
C-00412,Pro,annuale,37,26,20,1.1,8,1,1,6.8,0,0
C-00413,Basic,mensile,25,8,5,3.7,2,0,3,11.8,0,0
C-00414,Enterprise,mensile,1,30,19,5.8,6,1,4,5.3,1,0
C-00415,Basic,mensile,19,9,5,3.9,8,1,1,10.0,1,0
C-00416,Basic,mensile,24,7,5,4.9,8,1,3,8.1,1,0
C-00417,Basic,mensile,15,1,0,2.5,5,1,1,40.8,1,1
C-00418,Pro,mensile,25,7,4,2.0,5,2,3,13.9,0,0
C-00419,Basic,mensile,18,7,5,3.1,7,1,1,2.7,0,0
C-00420,Enterprise,annuale,79,130,85,0.5,5,0,2,10.0,1,0
C-00421,Pro,mensile,15,45,32,6.4,8,0,4,12.5,0,0
C-00422,Basic,mensile,10,5,3,3.4,4,2,2,7.5,0,0
C-00423,Basic,annuale,35,3,2,4.4,3,2,3,5.2,0,0
C-00424,Basic,mensile,16,2,1,2.6,7,2,0,14.9,0,0
C-00425,Pro,annuale,18,25,13,1.0,5,1,2,5.6,1,0
C-00426,Pro,annuale,17,7,2,5.2,5,1,0,14.1,0,0
C-00427,Basic,mensile,34,10,6,1.6,5,1,6,5.3,1,0
C-00428,Pro,annuale,8,22,6,3.7,9,0,0,7.3,2,0
C-00429,Basic,annuale,37,8,6,3.8,6,3,1,17.7,1,0
C-00430,Pro,annuale,29,33,14,3.3,9,2,4,13.4,1,0
C-00431,Enterprise,annuale,62,158,113,2.1,5,1,1,10.2,1,0
C-00432,Pro,annuale,23,35,25,3.0,5,2,2,9.8,0,0
C-00433,Pro,annuale,8,12,10,1.9,4,0,3,10.6,1,0
C-00434,Pro,mensile,23,43,32,4.3,5,1,1,6.2,1,0
C-00435,Basic,annuale,25,3,2,4.0,3,4,2,4.0,2,0
C-00436,Basic,annuale,45,9,5,3.2,0,0,1,14.1,0,0
C-00437,Basic,annuale,8,4,3,2.4,5,1,2,25.0,0,0
C-00438,Pro,annuale,5,30,27,6.2,7,0,0,14.4,1,0
C-00439,Pro,mensile,23,5,4,1.4,5,0,5,11.6,1,0
C-00440,Pro,annuale,64,31,30,1.0,5,1,5,4.8,0,0
C-00441,Enterprise,annuale,32,102,73,3.1,5,2,1,16.9,0,0
C-00442,Basic,mensile,33,8,4,2.8,5,1,4,13.3,0,0
C-00443,Pro,mensile,6,13,8,4.7,7,0,2,15.8,1,0
C-00444,Basic,mensile,20,2,2,4.1,7,1,0,18.6,2,0
C-00445,Basic,mensile,46,3,2,3.2,7,3,2,25.9,1,0
C-00446,Pro,annuale,25,5,2,3.9,4,2,2,5.1,1,0
C-00447,Enterprise,mensile,4,237,206,3.9,5,1,1,4.6,0,0
C-00448,Pro,mensile,20,43,24,6.1,7,0,4,10.9,0,0
C-00449,Basic,annuale,30,10,6,3.6,8,1,5,5.7,0,0
C-00450,Pro,annuale,19,14,11,2.2,6,5,0,5.2,0,0
C-00451,Basic,annuale,9,6,4,3.5,5,3,1,20.8,1,0
C-00452,Enterprise,annuale,36,136,89,0.0,7,0,3,5.5,1,0
C-00453,Pro,annuale,14,5,2,3.2,9,1,1,9.9,0,0
C-00454,Basic,annuale,27,6,5,4.7,5,0,0,3.8,0,0
C-00455,Basic,annuale,20,4,2,4.0,4,2,1,10.4,3,0
C-00456,Basic,mensile,14,7,4,3.6,7,1,3,20.3,0,0
C-00457,Enterprise,annuale,69,38,24,4.1,6,0,2,20.7,0,0
C-00458,Pro,mensile,12,43,21,4.7,4,2,2,18.7,1,0
C-00459,Pro,mensile,21,49,31,5.2,5,0,1,9.5,1,0
C-00460,Pro,mensile,20,37,33,3.8,6,2,1,19.5,0,0
C-00461,Pro,annuale,23,38,28,2.8,6,2,0,12.9,0,0
C-00462,Basic,annuale,66,1,1,0.0,7,2,5,7.7,0,0
C-00463,Enterprise,mensile,30,151,113,4.6,4,1,5,12.6,0,0
C-00464,Basic,annuale,14,10,6,3.9,4,2,2,17.0,0,0
C-00465,Pro,mensile,53,24,21,3.4,7,1,1,4.5,0,0
C-00466,Pro,annuale,34,28,22,2.2,3,1,2,5.3,0,0
C-00467,Pro,annuale,14,36,10,4.6,5,1,1,9.2,0,0
C-00468,Enterprise,annuale,47,181,171,2.8,6,1,5,4.8,1,0
C-00469,Basic,annuale,6,8,5,3.2,5,2,2,4.8,0,0
C-00470,Pro,mensile,7,38,14,3.1,7,3,1,7.8,0,0
C-00471,Basic,mensile,4,6,1,3.8,3,3,1,18.1,0,0
C-00472,Pro,annuale,2,36,14,1.6,7,1,4,17.9,0,0
C-00473,Basic,annuale,45,7,5,4.0,6,0,0,12.1,1,0
C-00474,Basic,mensile,23,8,4,2.2,5,3,1,11.1,0,0
C-00475,Basic,mensile,4,2,2,2.2,7,0,0,35.0,2,1
C-00476,Basic,mensile,19,7,6,4.4,4,1,2,7.2,1,0
C-00477,Basic,mensile,37,9,6,1.8,7,1,1,11.6,0,0
C-00478,Pro,mensile,11,34,21,4.4,4,0,1,7.0,1,0
C-00479,Pro,mensile,15,31,10,3.3,9,1,1,4.6,0,0
C-00480,Basic,annuale,71,9,6,0.9,2,1,1,20.4,0,0
C-00481,Basic,mensile,17,1,1,5.1,6,0,3,8.3,0,0
C-00482,Basic,mensile,5,2,1,3.6,4,1,3,15.2,1,0
C-00483,Pro,mensile,13,39,33,3.8,5,1,4,8.6,1,0
C-00484,Basic,mensile,4,2,1,4.6,4,1,1,21.1,1,0
C-00485,Basic,annuale,32,8,3,5.3,4,0,3,5.5,1,0
C-00486,Basic,mensile,9,10,2,3.5,3,0,1,20.1,2,1
C-00487,Pro,annuale,9,6,5,4.1,1,1,1,17.1,0,0
C-00488,Basic,annuale,75,5,3,3.7,6,0,0,3.4,1,0
C-00489,Pro,mensile,7,30,26,2.7,5,2,2,7.3,0,0
C-00490,Pro,annuale,6,28,24,1.0,3,0,2,18.5,2,1
C-00491,Pro,annuale,8,6,4,3.5,8,0,2,26.7,0,0
C-00492,Pro,mensile,38,40,32,5.1,6,3,1,15.4,0,0
C-00493,Pro,mensile,29,6,3,4.0,4,0,1,7.9,0,0
C-00494,Basic,annuale,13,10,8,1.7,5,1,2,5.6,0,0
C-00495,Pro,annuale,12,23,7,4.7,5,0,6,14.0,1,1
C-00496,Pro,mensile,28,37,34,2.8,6,1,2,7.7,0,0
C-00497,Basic,annuale,24,4,4,0.3,7,3,1,7.9,0,0
C-00498,Pro,mensile,17,42,29,4.6,6,3,1,8.7,1,0
C-00499,Basic,annuale,30,6,4,1.9,9,2,3,17.0,1,0
C-00500,Pro,mensile,7,40,19,5.7,6,3,1,29.6,1,0
C-00501,Pro,mensile,9,6,4,4.8,9,1,3,18.5,3,1
C-00502,Enterprise,annuale,31,297,221,2.9,6,1,3,10.1,0,0
C-00503,Enterprise,annuale,25,203,124,3.8,6,3,3,5.8,0,0
C-00504,Pro,annuale,20,45,37,6.6,6,0,1,14.9,0,0
C-00505,Pro,mensile,74,50,46,4.6,7,1,9,27.2,0,0
C-00506,Pro,mensile,35,8,5,3.5,2,0,1,18.3,0,0
C-00507,Basic,annuale,13,3,2,7.0,3,2,6,11.3,1,0
C-00508,Pro,annuale,10,37,34,3.4,4,1,1,7.5,0,0
C-00509,Pro,mensile,26,11,3,4.0,4,1,2,12.3,1,0
C-00510,Basic,annuale,45,5,4,1.9,8,0,4,20.0,1,0
C-00511,Basic,mensile,3,3,2,0.9,6,2,2,11.5,0,0
C-00512,Pro,mensile,25,31,24,2.8,4,5,3,9.4,0,0
C-00513,Basic,mensile,15,6,4,3.3,5,0,4,6.6,0,0
C-00514,Basic,mensile,23,6,4,3.7,4,4,3,47.3,1,1
C-00515,Basic,mensile,5,3,1,1.2,7,2,4,5.9,0,0
C-00516,Basic,annuale,45,8,6,4.1,8,1,1,5.5,1,0
C-00517,Basic,mensile,53,2,2,2.0,4,0,1,11.0,0,0
C-00518,Pro,mensile,33,13,8,4.1,5,1,1,8.9,1,0
C-00519,Basic,mensile,61,5,3,4.5,8,3,5,18.5,0,0
C-00520,Pro,mensile,15,20,15,2.6,6,2,1,18.9,0,0
C-00521,Enterprise,mensile,24,182,172,1.9,7,2,1,4.8,0,0
C-00522,Basic,annuale,33,5,5,5.4,5,2,3,6.4,1,0
C-00523,Basic,mensile,26,7,7,4.4,4,2,3,5.9,0,0
C-00524,Pro,annuale,16,26,15,3.4,6,1,3,16.0,1,0
C-00525,Basic,annuale,18,2,1,5.3,4,1,3,12.9,0,0
C-00526,Basic,mensile,50,6,2,3.3,7,2,0,8.0,1,0
C-00527,Enterprise,annuale,20,249,132,2.3,7,1,3,11.4,1,0
C-00528,Enterprise,annuale,43,35,25,1.8,5,1,0,5.1,0,0
C-00529,Pro,annuale,19,26,21,3.0,5,2,2,6.4,0,0
C-00530,Basic,annuale,43,4,2,4.3,7,0,7,4.6,0,1
C-00531,Pro,annuale,21,6,3,5.1,8,1,0,10.9,0,0
C-00532,Pro,annuale,31,27,20,3.2,5,4,1,10.9,0,0
C-00533,Basic,annuale,11,4,2,4.9,7,2,3,5.5,0,0
C-00534,Pro,mensile,24,28,14,2.9,4,3,1,12.9,1,0
C-00535,Basic,annuale,12,2,2,2.1,8,3,1,18.9,0,0
C-00536,Basic,annuale,14,10,7,1.4,6,4,4,5.4,2,0
C-00537,Pro,annuale,15,20,14,2.5,4,2,2,8.2,0,0
C-00538,Basic,mensile,17,6,5,1.4,7,2,2,13.6,0,0
C-00539,Basic,mensile,40,6,3,6.0,6,1,2,10.0,0,0
C-00540,Pro,mensile,14,16,10,3.8,7,2,0,4.4,2,0
C-00541,Enterprise,mensile,22,283,178,3.1,5,3,2,7.7,1,0
C-00542,Pro,mensile,43,5,4,5.6,7,1,0,7.5,0,0
C-00543,Pro,mensile,31,21,10,1.4,7,1,4,9.0,1,0
C-00544,Enterprise,mensile,3,215,172,3.0,5,0,3,9.3,0,0
C-00545,Basic,mensile,5,2,1,6.0,4,1,3,25.6,0,1
C-00546,Basic,mensile,27,5,5,3.0,7,1,1,8.8,0,0
C-00547,Basic,annuale,13,4,2,6.6,6,1,3,3.6,1,0
C-00548,Basic,mensile,4,5,3,4.3,5,1,1,10.6,0,0
C-00549,Pro,mensile,12,10,4,5.0,7,1,3,28.5,0,0
C-00550,Basic,mensile,27,8,7,5.1,4,0,4,9.0,0,0
C-00551,Pro,mensile,15,12,4,3.2,7,1,2,7.7,1,0
C-00552,Basic,mensile,21,1,1,2.5,5,2,0,8.3,2,0
C-00553,Basic,annuale,16,1,1,3.0,3,0,4,14.2,0,0
C-00554,Enterprise,annuale,11,149,108,1.8,9,1,3,8.3,1,0
C-00555,Basic,mensile,24,7,4,3.1,7,1,2,4.0,1,1
C-00556,Basic,annuale,4,6,2,3.2,4,3,5,6.7,2,0
C-00557,Basic,mensile,10,8,5,5.6,8,2,1,9.6,0,0
C-00558,Pro,mensile,35,44,30,4.0,8,2,5,13.8,0,0
C-00559,Pro,mensile,5,5,2,6.5,7,2,1,7.0,0,0
C-00560,Pro,mensile,20,41,33,0.2,3,0,5,8.4,1,0
C-00561,Basic,annuale,14,9,8,1.5,4,1,2,10.3,0,0
C-00562,Basic,annuale,13,8,7,2.7,7,1,4,6.3,0,0
C-00563,Pro,annuale,37,13,4,5.3,8,1,3,9.5,1,0
C-00564,Pro,mensile,42,35,20,3.0,4,2,2,13.2,1,0
C-00565,Pro,annuale,8,34,24,1.1,5,2,1,4.9,0,0
C-00566,Pro,mensile,17,35,25,2.9,4,0,2,12.0,0,0
C-00567,Pro,mensile,3,24,17,1.5,5,1,0,5.2,0,0
C-00568,Basic,mensile,36,6,2,1.2,6,0,1,5.3,0,1
C-00569,Basic,annuale,19,6,3,6.0,2,4,1,6.7,0,0
C-00570,Pro,annuale,5,26,12,2.7,6,2,2,22.7,0,0
C-00571,Basic,mensile,10,7,1,3.4,6,1,1,3.6,0,0
C-00572,Pro,annuale,7,37,31,3.1,5,1,2,7.6,3,0
C-00573,Pro,annuale,10,18,10,2.8,8,0,1,9.8,0,0
C-00574,Pro,annuale,3,33,31,2.0,4,0,3,20.1,0,0
C-00575,Enterprise,mensile,50,55,48,2.8,3,1,1,32.2,0,0
C-00576,Pro,annuale,8,27,16,3.7,5,1,2,7.8,1,1
C-00577,Enterprise,annuale,20,163,122,5.2,6,0,3,13.8,0,0
C-00578,Pro,annuale,27,10,6,4.5,4,1,2,9.4,0,0
C-00579,Enterprise,mensile,42,300,130,1.5,8,2,1,9.4,0,0
C-00580,Basic,annuale,20,9,7,4.6,4,2,2,11.8,0,0
C-00581,Pro,mensile,16,46,28,3.9,4,1,5,3.9,0,0
C-00582,Pro,annuale,21,34,24,2.3,7,0,4,9.7,1,0
C-00583,Basic,mensile,8,10,5,3.5,8,0,4,13.1,0,0
C-00584,Basic,mensile,8,7,2,4.0,6,1,1,6.0,1,0
C-00585,Enterprise,mensile,16,235,170,3.3,2,0,1,13.2,0,0
C-00586,Pro,mensile,2,21,15,3.9,5,1,3,3.5,1,0
C-00587,Basic,mensile,11,4,3,2.0,4,1,6,10.6,2,0
C-00588,Basic,mensile,13,7,6,6.0,5,3,4,22.4,0,0
C-00589,Basic,mensile,67,7,5,0.5,6,1,1,8.8,1,0
C-00590,Basic,mensile,46,3,1,4.0,5,1,1,5.6,0,0
C-00591,Enterprise,annuale,27,115,58,3.7,6,2,1,4.3,1,0
C-00592,Basic,annuale,36,1,0,4.1,7,1,1,12.6,0,1
C-00593,Basic,annuale,8,3,1,2.2,4,1,3,17.5,2,1
C-00594,Pro,mensile,22,30,16,4.8,4,1,1,9.7,0,0
C-00595,Basic,mensile,33,7,5,3.0,7,5,0,7.6,0,0
C-00596,Basic,annuale,8,10,3,1.5,2,2,0,3.1,0,0
C-00597,Pro,mensile,5,25,24,1.7,4,2,1,10.8,0,0
C-00598,Pro,mensile,25,38,17,3.4,2,0,2,6.6,1,0
C-00599,Enterprise,annuale,6,286,192,1.0,6,1,3,6.8,1,0
C-00600,Pro,annuale,29,29,13,5.7,6,1,3,26.4,0,0
C-00601,Pro,mensile,42,24,18,4.7,6,1,5,3.4,1,0
C-00602,Pro,annuale,9,49,27,5.8,5,1,2,3.7,0,0
C-00603,Enterprise,mensile,9,292,146,5.6,6,1,1,11.5,1,0
C-00604,Pro,annuale,41,7,4,2.7,4,4,3,7.9,0,0
C-00605,Enterprise,mensile,21,209,116,2.0,7,0,2,7.3,0,0
C-00606,Pro,mensile,37,6,4,0.0,9,0,0,11.8,0,0
C-00607,Enterprise,annuale,16,43,37,2.6,6,1,2,11.7,0,0
C-00608,Basic,mensile,17,7,5,5.7,5,3,2,5.6,1,0
C-00609,Pro,annuale,20,23,17,2.0,7,2,1,7.0,3,0
C-00610,Basic,mensile,58,10,8,2.9,4,1,2,10.3,0,0
C-00611,Pro,annuale,35,18,15,2.4,5,3,2,11.1,0,0
C-00612,Pro,annuale,11,32,17,3.7,8,0,4,13.4,0,0
C-00613,Enterprise,mensile,23,148,91,5.0,4,0,1,7.0,1,0
C-00614,Enterprise,annuale,15,161,65,1.0,3,1,3,12.3,0,1
C-00615,Basic,mensile,13,6,5,1.3,6,2,3,17.7,1,0
C-00616,Pro,mensile,28,11,4,5.3,6,1,1,10.3,1,0
C-00617,Pro,mensile,24,16,15,4.2,6,1,2,9.4,0,0
C-00618,Basic,annuale,9,3,2,2.8,4,2,0,8.7,2,0
C-00619,Basic,annuale,20,6,5,5.6,6,0,1,6.9,0,0
C-00620,Basic,annuale,13,10,7,1.3,4,1,4,5.7,1,0
C-00621,Pro,annuale,27,21,11,4.5,8,0,2,8.4,0,0
C-00622,Pro,annuale,12,43,30,3.1,4,3,2,13.1,0,0
C-00623,Enterprise,mensile,17,110,86,4.0,2,3,2,5.9,0,0
C-00624,Pro,annuale,13,27,14,0.0,6,1,1,9.6,1,0
C-00625,Enterprise,annuale,4,253,234,2.8,4,1,3,8.9,0,0
C-00626,Basic,mensile,56,1,1,4.2,6,0,4,29.1,1,0
C-00627,Pro,annuale,20,40,35,3.1,4,1,2,15.4,0,0
C-00628,Basic,mensile,57,9,8,5.0,5,0,4,15.3,0,0
C-00629,Pro,mensile,21,34,30,4.9,4,0,2,17.4,1,0
C-00630,Pro,mensile,32,25,12,1.9,5,2,1,7.2,0,0
C-00631,Enterprise,mensile,12,235,87,4.4,4,2,2,22.8,0,0
C-00632,Pro,mensile,12,40,33,1.8,5,1,1,11.0,0,0
C-00633,Basic,annuale,19,7,4,3.3,4,2,1,9.7,0,0
C-00634,Basic,annuale,57,8,3,4.1,7,1,4,4.8,0,0
C-00635,Basic,mensile,9,3,2,2.0,6,1,1,7.9,0,0
C-00636,Basic,mensile,3,5,3,4.3,4,2,2,3.5,1,0
C-00637,Pro,mensile,40,29,15,2.5,3,1,1,8.6,1,0
C-00638,Pro,mensile,33,39,17,2.4,2,2,4,7.1,0,0
C-00639,Pro,annuale,14,17,12,4.2,4,0,4,7.9,1,0
C-00640,Enterprise,mensile,72,278,265,2.0,5,0,2,4.4,0,0
C-00641,Pro,annuale,74,30,22,2.0,5,2,3,15.3,0,0
C-00642,Pro,annuale,3,13,10,4.7,9,0,1,14.3,0,0
C-00643,Basic,annuale,11,8,5,3.4,7,1,0,27.6,0,0
C-00644,Basic,annuale,19,8,6,1.2,3,1,5,27.1,0,0
C-00645,Pro,mensile,27,13,3,4.4,4,0,1,11.0,0,0
C-00646,Enterprise,annuale,24,133,62,2.6,2,1,1,18.5,0,0
C-00647,Basic,annuale,20,1,1,1.2,4,2,1,11.7,0,0
C-00648,Pro,annuale,8,37,32,0.0,6,2,3,7.7,0,0
C-00649,Pro,annuale,29,23,15,4.5,3,0,2,8.5,0,0
C-00650,Basic,annuale,30,5,2,2.0,3,1,0,14.7,0,0
C-00651,Basic,annuale,38,10,6,1.5,3,0,4,96.0,1,0
C-00652,Enterprise,mensile,7,177,68,4.1,6,0,1,20.1,0,0
C-00653,Pro,annuale,17,23,21,4.3,2,1,5,11.6,0,0
C-00654,Basic,annuale,13,1,1,2.1,9,0,4,13.4,0,0
C-00655,Enterprise,mensile,7,218,129,4.5,5,2,0,13.3,0,0
C-00656,Basic,annuale,17,5,4,6.1,5,1,1,9.5,1,0
C-00657,Enterprise,mensile,8,278,172,5.1,5,1,1,15.7,1,0
C-00658,Basic,annuale,6,7,3,4.9,5,2,2,9.1,0,0
C-00659,Pro,mensile,34,16,12,3.6,5,0,5,5.5,0,0
C-00660,Basic,mensile,14,2,1,2.6,5,1,2,13.4,0,1
C-00661,Basic,annuale,11,4,4,3.1,5,5,4,14.5,1,0
C-00662,Enterprise,mensile,45,104,67,3.8,5,1,1,9.2,1,0
C-00663,Basic,mensile,31,10,8,1.4,2,0,2,12.0,0,0
C-00664,Basic,mensile,2,10,6,2.1,6,1,2,17.8,2,0
C-00665,Basic,mensile,27,6,4,1.2,6,1,1,9.7,0,0
C-00666,Pro,annuale,27,16,12,3.5,6,0,2,7.6,2,0
C-00667,Pro,annuale,16,32,19,3.3,8,2,3,6.5,0,0
C-00668,Enterprise,mensile,16,244,199,2.3,5,0,2,8.6,0,0
C-00669,Basic,annuale,4,3,2,4.3,7,0,5,25.1,0,0
C-00670,Basic,mensile,71,10,6,1.7,5,1,4,8.9,0,0
C-00671,Basic,annuale,17,6,4,2.2,5,1,2,12.4,1,0
C-00672,Pro,mensile,26,29,19,4.3,6,1,4,8.2,0,0
C-00673,Enterprise,mensile,17,181,134,4.5,4,1,0,7.8,0,0
C-00674,Pro,mensile,11,11,9,2.1,4,2,2,5.9,0,0
C-00675,Pro,annuale,36,32,15,3.5,5,0,3,10.6,2,0
C-00676,Basic,mensile,22,10,4,2.1,3,1,0,7.3,2,1
C-00677,Enterprise,mensile,17,140,111,2.9,4,2,2,21.5,0,0
C-00678,Pro,annuale,25,13,6,3.4,7,1,0,9.4,0,0
C-00679,Basic,annuale,19,6,5,4.0,5,2,4,9.7,0,0
C-00680,Basic,mensile,60,7,3,3.6,2,1,0,9.0,0,0
C-00681,Basic,annuale,35,8,6,3.6,3,0,2,12.5,2,1
C-00682,Basic,annuale,29,6,4,1.7,8,1,1,24.5,1,0
C-00683,Basic,mensile,5,1,1,3.7,8,2,3,5.4,1,0
C-00684,Pro,annuale,29,45,32,4.0,6,1,1,11.8,0,0
C-00685,Pro,mensile,29,20,10,4.2,4,2,2,3.9,1,0
C-00686,Basic,annuale,8,7,6,2.2,5,2,1,20.8,2,0
C-00687,Basic,mensile,5,6,4,4.5,5,1,0,9.4,2,0
C-00688,Enterprise,annuale,34,34,27,1.4,7,2,2,4.1,1,0
C-00689,Pro,mensile,37,13,9,2.6,6,3,0,4.7,0,0
C-00690,Pro,mensile,12,12,10,2.8,7,1,2,16.3,2,0
C-00691,Basic,annuale,11,3,2,1.4,5,0,2,3.7,0,0
C-00692,Enterprise,mensile,22,97,52,2.8,7,1,1,11.8,0,0
C-00693,Basic,annuale,14,6,5,3.5,5,2,4,7.7,0,0
C-00694,Basic,annuale,4,6,5,0.6,5,1,4,8.9,0,0
C-00695,Enterprise,annuale,8,55,39,2.6,5,0,2,6.7,1,0
C-00696,Pro,mensile,25,14,8,0.8,6,0,2,5.6,2,0
C-00697,Pro,annuale,9,43,18,6.1,8,0,0,7.5,2,0
C-00698,Pro,mensile,38,33,19,3.5,5,0,1,14.1,0,0
C-00699,Pro,mensile,28,47,23,3.4,8,2,4,8.4,2,0
C-00700,Basic,annuale,26,6,4,3.5,5,2,1,12.9,0,0
C-00701,Basic,annuale,22,8,6,4.0,5,2,2,8.6,0,0
C-00702,Basic,mensile,11,4,4,4.6,4,3,0,14.4,0,0
C-00703,Basic,mensile,31,4,3,1.0,2,1,3,12.8,1,0
C-00704,Enterprise,annuale,10,93,52,5.0,7,2,2,7.2,1,0
C-00705,Basic,annuale,40,3,1,4.9,3,0,4,5.6,1,0
C-00706,Pro,mensile,54,9,7,3.1,5,0,4,17.7,2,0
C-00707,Pro,annuale,22,12,8,3.0,4,3,1,6.1,0,0
C-00708,Pro,mensile,49,5,1,0.0,7,1,3,13.5,1,0
C-00709,Basic,mensile,8,8,5,1.5,8,3,1,10.2,0,0
C-00710,Pro,annuale,29,8,8,3.9,7,0,1,7.6,1,0
C-00711,Enterprise,annuale,20,104,62,4.9,5,0,1,12.9,1,0
C-00712,Pro,mensile,34,21,16,4.2,5,1,1,22.7,0,0
C-00713,Pro,mensile,3,18,3,3.1,4,1,6,14.6,0,0
C-00714,Enterprise,mensile,33,48,29,5.9,8,1,2,10.8,0,0
C-00715,Pro,annuale,11,38,10,4.6,3,0,3,26.5,1,0
C-00716,Basic,mensile,20,8,6,2.6,8,1,2,3.7,0,0
C-00717,Pro,mensile,71,45,41,6.3,7,1,2,5.1,0,0
C-00718,Basic,annuale,29,5,4,1.7,6,1,1,7.6,2,0
C-00719,Pro,mensile,27,34,21,1.1,7,1,0,23.4,0,0
C-00720,Enterprise,annuale,25,83,33,2.6,5,1,1,17.6,0,0
C-00721,Pro,mensile,42,50,19,2.1,4,0,2,3.6,1,0
C-00722,Basic,annuale,35,9,7,2.7,5,0,2,7.7,0,0
C-00723,Basic,mensile,25,2,2,4.3,4,1,1,4.5,0,0
C-00724,Enterprise,mensile,23,293,247,3.2,7,2,3,9.8,1,0
C-00725,Basic,mensile,22,9,4,3.2,5,1,1,17.2,0,0
C-00726,Basic,annuale,19,2,2,3.3,7,0,0,18.0,0,0
C-00727,Basic,annuale,7,6,4,0.0,7,2,3,11.7,0,0
C-00728,Basic,mensile,29,9,6,1.1,4,4,3,7.7,1,0
C-00729,Pro,mensile,12,10,7,2.7,4,3,1,9.4,0,0
C-00730,Pro,annuale,17,34,21,2.0,5,0,6,15.1,1,0
C-00731,Basic,mensile,37,4,2,2.9,3,0,2,40.9,1,1
C-00732,Basic,mensile,19,8,5,5.2,6,1,3,4.9,0,0
C-00733,Basic,annuale,18,7,6,3.1,6,0,2,25.9,0,0
C-00734,Basic,mensile,22,9,4,1.3,6,2,1,11.6,0,1
C-00735,Basic,mensile,15,6,4,2.1,5,1,0,16.4,1,0
C-00736,Pro,mensile,70,34,26,5.6,7,2,6,11.2,0,0
C-00737,Basic,mensile,63,8,7,5.3,6,1,2,23.2,1,0
C-00738,Basic,mensile,62,1,1,4.0,10,1,2,12.2,1,1
C-00739,Basic,annuale,25,3,1,1.0,7,0,2,6.8,0,0
C-00740,Basic,annuale,12,8,2,3.6,6,0,2,13.1,1,1
C-00741,Basic,mensile,37,2,2,3.7,3,1,4,19.7,0,0
C-00742,Basic,annuale,15,8,6,3.2,7,2,6,10.0,1,0
C-00743,Enterprise,mensile,40,294,164,2.4,5,0,1,2.9,0,0
C-00744,Basic,annuale,11,3,1,2.7,5,2,0,9.3,0,0
C-00745,Pro,mensile,26,24,21,2.3,5,1,1,10.6,1,0
C-00746,Pro,annuale,44,48,21,1.6,5,2,1,9.7,0,0
C-00747,Basic,mensile,16,9,6,5.1,3,2,0,7.4,1,0
C-00748,Basic,mensile,16,5,3,4.4,4,2,4,22.1,1,0
C-00749,Pro,mensile,5,24,20,2.8,7,2,1,2.4,1,0
C-00750,Pro,mensile,12,32,31,3.7,6,3,1,10.6,0,0
C-00751,Basic,mensile,25,9,4,3.7,8,0,0,10.7,1,0
C-00752,Basic,annuale,28,7,6,6.5,7,0,2,35.1,2,0
C-00753,Basic,annuale,30,7,4,4.4,5,3,3,9.9,0,0
C-00754,Pro,mensile,3,12,7,4.4,7,0,2,13.1,0,0
C-00755,Pro,annuale,16,40,29,3.3,6,0,0,10.8,1,0
C-00756,Basic,annuale,6,2,1,2.6,4,1,1,10.6,0,0
C-00757,Basic,annuale,24,2,2,5.1,9,0,3,28.8,0,0
C-00758,Enterprise,annuale,4,218,122,4.1,8,4,1,5.1,2,0
C-00759,Basic,annuale,7,1,1,2.0,3,2,4,6.7,0,0
C-00760,Pro,mensile,35,49,40,3.8,7,3,3,15.7,2,0
C-00761,Pro,annuale,13,24,15,4.4,3,0,3,11.7,0,0
C-00762,Basic,annuale,49,1,1,0.3,8,1,3,8.4,0,0
C-00763,Basic,mensile,31,10,5,1.9,6,0,3,9.6,0,0
C-00764,Basic,mensile,16,1,1,3.7,4,2,3,17.3,0,0
C-00765,Enterprise,mensile,38,221,153,0.5,7,0,4,13.4,1,0
C-00766,Basic,annuale,17,8,4,0.7,5,4,0,6.5,1,0
C-00767,Basic,mensile,33,8,6,2.8,3,3,1,11.5,2,0
C-00768,Basic,annuale,11,2,2,3.9,7,1,5,9.7,0,0
C-00769,Basic,annuale,40,9,4,4.0,7,1,2,13.3,3,0
C-00770,Pro,annuale,5,14,7,5.4,5,2,3,8.2,1,0
C-00771,Basic,mensile,7,5,3,3.3,6,3,2,4.8,0,0
C-00772,Pro,annuale,9,31,17,2.7,2,0,4,15.0,0,0
C-00773,Pro,annuale,12,44,34,1.4,5,0,0,13.9,0,0
C-00774,Pro,mensile,25,33,18,2.7,6,0,3,23.4,0,0
C-00775,Basic,annuale,20,3,2,4.2,4,1,2,4.5,2,0
C-00776,Enterprise,mensile,34,188,99,4.3,5,0,3,9.6,2,0
C-00777,Pro,annuale,44,36,20,3.6,8,1,1,8.7,0,0
C-00778,Basic,mensile,4,3,1,4.0,7,2,2,7.9,0,1
C-00779,Pro,mensile,48,26,15,5.0,6,2,3,4.0,0,0
C-00780,Enterprise,mensile,17,34,20,3.3,6,0,2,5.3,1,0
C-00781,Basic,mensile,61,6,4,5.1,7,0,0,11.8,1,1
C-00782,Enterprise,mensile,11,241,174,2.2,7,1,3,7.4,0,0
C-00783,Pro,annuale,3,12,1,3.1,3,1,0,6.1,0,0
C-00784,Pro,mensile,31,32,29,2.5,5,0,3,23.6,2,0
C-00785,Enterprise,mensile,30,142,135,4.3,4,2,2,41.5,0,0
C-00786,Basic,annuale,8,6,6,1.8,3,0,3,9.7,0,0
C-00787,Pro,annuale,8,11,8,2.7,4,2,1,4.1,1,0
C-00788,Basic,mensile,35,6,2,0.6,6,0,0,12.7,2,1
C-00789,Pro,annuale,26,5,2,4.0,7,1,1,2.9,1,0
C-00790,Pro,mensile,16,42,28,4.9,8,0,1,4.4,1,0
C-00791,Basic,annuale,28,6,4,4.5,5,1,0,12.8,1,0
C-00792,Basic,mensile,24,4,2,4.3,5,1,2,4.4,0,0
C-00793,Basic,annuale,9,1,1,4.4,4,1,2,8.4,1,0
C-00794,Basic,annuale,37,6,3,4.2,4,0,1,4.1,1,0
C-00795,Basic,annuale,32,7,5,4.1,3,2,3,10.3,0,0
C-00796,Basic,annuale,20,10,7,4.2,9,0,2,19.6,1,0
C-00797,Basic,annuale,35,3,1,2.3,3,3,0,6.9,0,0
C-00798,Basic,mensile,67,2,1,2.9,7,0,2,9.9,1,0
C-00799,Pro,annuale,8,19,16,3.3,5,1,0,6.1,0,0
C-00800,Pro,annuale,16,19,16,2.7,6,0,2,6.4,0,0
C-00801,Pro,annuale,17,47,29,1.0,7,1,1,6.1,1,0
C-00802,Basic,mensile,35,2,2,1.5,8,1,2,16.0,0,0
C-00803,Enterprise,mensile,12,107,83,3.5,4,3,4,4.3,0,0
C-00804,Pro,annuale,33,47,30,4.5,8,1,0,8.2,0,0
C-00805,Basic,mensile,13,3,2,3.2,4,1,1,12.8,1,0
C-00806,Basic,mensile,7,4,3,7.0,7,0,3,17.3,2,1
C-00807,Pro,mensile,21,44,36,1.9,2,0,1,13.0,1,0
C-00808,Basic,annuale,13,10,3,3.8,6,1,4,9.6,0,0
C-00809,Pro,mensile,23,42,32,5.0,6,3,5,7.1,1,0
C-00810,Enterprise,mensile,27,160,126,4.7,7,1,2,17.4,1,0
C-00811,Basic,mensile,4,4,3,4.1,7,2,3,5.9,0,0
C-00812,Basic,annuale,14,2,2,4.7,4,1,1,6.0,0,0
C-00813,Enterprise,annuale,21,118,40,3.3,7,1,2,22.5,0,0
C-00814,Pro,mensile,35,31,10,5.5,5,0,2,12.4,0,0
C-00815,Basic,mensile,32,1,0,5.0,4,0,2,12.7,1,0
C-00816,Enterprise,annuale,10,290,110,2.0,1,4,0,14.3,0,0
C-00817,Enterprise,mensile,18,273,252,3.7,4,0,3,9.4,0,0
C-00818,Pro,annuale,28,8,6,1.0,3,1,5,4.2,0,0
C-00819,Pro,mensile,17,29,23,5.3,6,1,2,11.6,1,0
C-00820,Basic,annuale,11,8,6,3.5,4,2,3,9.9,0,0
C-00821,Basic,mensile,19,8,5,5.1,6,3,4,6.0,0,0
C-00822,Pro,annuale,26,17,12,3.0,3,2,5,5.2,0,0
C-00823,Basic,mensile,9,6,5,0.6,6,2,2,9.7,0,0
C-00824,Pro,annuale,30,29,12,6.9,4,1,2,4.4,0,0
C-00825,Pro,annuale,22,5,3,3.4,5,0,1,9.2,0,0
C-00826,Basic,annuale,31,1,1,1.8,6,2,1,8.5,0,0
C-00827,Pro,mensile,19,27,19,4.8,8,0,2,9.3,0,0
C-00828,Basic,mensile,60,2,1,6.1,9,0,2,12.7,0,0
C-00829,Enterprise,annuale,26,137,21,2.9,5,1,0,14.5,0,0
C-00830,Basic,annuale,33,10,6,3.1,8,1,2,6.5,1,0
C-00831,Pro,mensile,30,8,6,3.5,6,0,2,16.9,0,0
C-00832,Pro,mensile,17,47,32,1.6,8,0,2,8.8,1,0
C-00833,Basic,mensile,24,7,3,2.2,2,0,1,28.6,0,0
C-00834,Pro,annuale,12,21,15,5.7,2,4,0,7.0,1,0
C-00835,Pro,annuale,57,26,15,3.0,3,3,1,3.8,0,0
C-00836,Pro,annuale,28,44,20,2.0,7,1,2,16.5,1,0
C-00837,Pro,annuale,10,18,16,2.6,4,0,0,12.9,0,0
C-00838,Enterprise,mensile,49,240,105,4.7,4,1,2,20.6,0,1
C-00839,Basic,mensile,18,8,4,0.4,6,1,3,12.0,1,0
C-00840,Pro,mensile,37,37,23,3.6,8,2,2,40.7,0,0
C-00841,Basic,annuale,4,2,1,6.6,6,1,2,8.9,0,0
C-00842,Pro,mensile,43,9,8,6.0,6,1,4,18.7,0,0
C-00843,Pro,mensile,27,12,7,4.0,4,0,4,7.3,3,1
C-00844,Basic,mensile,10,2,1,5.0,8,1,2,13.4,2,1
C-00845,Basic,mensile,27,6,4,5.0,3,1,2,15.0,1,1
C-00846,Enterprise,annuale,53,158,76,3.0,4,2,3,16.5,0,0
C-00847,Basic,mensile,13,3,3,4.5,5,0,0,15.9,0,0
C-00848,Pro,mensile,12,25,16,5.7,4,0,3,1.4,1,0
C-00849,Basic,annuale,17,10,8,1.4,6,0,2,9.6,0,0
C-00850,Enterprise,mensile,21,239,83,4.0,6,3,3,7.1,0,0
C-00851,Basic,mensile,38,9,5,3.7,4,1,2,8.0,1,0
C-00852,Basic,mensile,28,4,4,3.3,2,0,2,8.4,0,0
C-00853,Enterprise,annuale,17,251,228,3.2,3,0,1,18.0,1,0
C-00854,Enterprise,mensile,25,258,141,3.5,0,4,3,11.3,1,0
C-00855,Basic,annuale,59,9,3,3.6,8,3,2,7.4,1,1
C-00856,Pro,annuale,31,36,28,4.8,6,0,1,4.1,1,0
C-00857,Pro,annuale,19,46,18,3.9,4,2,3,25.1,0,0
C-00858,Enterprise,mensile,17,136,74,3.0,3,0,5,6.8,1,0
C-00859,Basic,annuale,24,10,8,2.0,7,0,3,9.2,1,0
C-00860,Pro,mensile,38,29,26,2.5,7,2,2,36.1,1,0
C-00861,Pro,mensile,11,28,18,3.6,8,0,1,6.9,1,0
C-00862,Pro,mensile,34,11,9,2.2,4,1,1,8.5,2,0
C-00863,Pro,mensile,18,49,43,4.5,5,1,3,11.5,1,0
C-00864,Pro,mensile,20,47,17,3.8,3,3,6,3.8,2,1
C-00865,Basic,mensile,84,4,4,4.8,7,1,1,3.6,0,0
C-00866,Enterprise,mensile,32,88,34,2.3,5,2,3,7.5,2,0
C-00867,Enterprise,mensile,13,88,75,2.0,6,1,4,7.6,1,0
C-00868,Pro,annuale,27,33,13,4.8,2,2,5,10.8,0,0
C-00869,Basic,annuale,39,6,3,3.4,7,4,1,5.6,0,0
C-00870,Basic,mensile,32,8,6,2.9,4,1,4,13.0,0,0
C-00871,Pro,annuale,2,34,29,4.2,7,3,3,2.7,1,0
C-00872,Basic,mensile,20,8,6,4.1,4,4,3,9.6,0,0
C-00873,Enterprise,mensile,28,187,121,1.4,7,1,4,12.4,0,0
C-00874,Basic,mensile,26,2,1,5.1,3,0,0,12.2,0,1
C-00875,Pro,mensile,14,37,31,2.6,6,0,1,9.1,0,0
C-00876,Enterprise,mensile,33,136,66,5.6,7,1,1,6.7,2,0
C-00877,Basic,mensile,43,9,7,1.3,5,0,3,8.9,0,0
C-00878,Basic,mensile,5,8,6,3.6,4,0,4,21.0,0,0
C-00879,Pro,mensile,4,12,8,2.9,5,2,2,7.0,1,0
C-00880,Pro,mensile,27,28,25,0.4,4,4,1,18.0,0,0
C-00881,Basic,mensile,35,10,8,4.1,6,2,2,19.8,0,0
C-00882,Pro,mensile,13,36,31,0.5,3,1,1,3.5,0,0
C-00883,Enterprise,mensile,2,151,137,2.8,2,5,2,9.3,2,0
C-00884,Pro,mensile,20,36,35,4.7,4,1,2,5.6,1,0
C-00885,Basic,mensile,26,5,2,2.5,4,0,2,4.1,1,1
C-00886,Basic,mensile,16,3,2,1.9,4,1,3,16.1,0,0
C-00887,Basic,mensile,40,10,7,4.3,6,2,0,13.3,0,0
C-00888,Basic,annuale,25,9,8,2.9,2,3,1,11.7,0,0
C-00889,Basic,mensile,12,2,1,2.6,8,2,1,5.2,0,0
C-00890,Pro,mensile,13,33,20,5.0,7,0,2,11.3,0,0
C-00891,Basic,mensile,20,6,3,1.6,5,0,2,4.6,0,0
C-00892,Enterprise,annuale,15,200,94,2.6,7,0,4,10.5,1,0
C-00893,Basic,annuale,4,5,3,4.4,6,2,0,6.7,1,0
C-00894,Basic,annuale,24,4,3,1.5,6,1,3,18.8,0,0
C-00895,Pro,annuale,13,25,18,5.7,5,0,1,8.0,2,0
C-00896,Enterprise,mensile,15,77,36,2.9,6,5,3,11.5,0,0
C-00897,Basic,annuale,8,10,7,4.4,4,1,0,11.5,1,0
C-00898,Basic,mensile,54,5,3,4.4,5,1,1,9.6,0,0
C-00899,Basic,annuale,31,9,8,3.0,3,0,3,10.7,2,0
C-00900,Pro,mensile,63,8,5,2.5,5,0,3,12.0,0,0
C-00901,Pro,mensile,16,5,1,3.1,6,1,3,5.8,2,0
C-00902,Basic,annuale,32,8,6,4.2,4,3,2,12.7,1,0
C-00903,Basic,mensile,24,4,1,1.8,4,2,3,16.8,0,0
C-00904,Pro,annuale,12,10,5,1.5,7,1,2,12.7,0,0
C-00905,Enterprise,mensile,16,169,98,5.3,4,4,5,8.1,1,0
C-00906,Pro,annuale,31,35,14,2.2,3,2,2,11.1,0,0
C-00907,Pro,annuale,8,23,15,3.7,5,3,3,8.0,0,0
C-00908,Basic,mensile,40,9,5,2.9,8,0,1,9.3,1,0
C-00909,Basic,annuale,23,6,3,3.0,6,0,3,4.9,0,0
C-00910,Basic,annuale,37,5,4,5.2,6,0,2,22.9,0,0
C-00911,Pro,annuale,27,39,17,3.1,7,1,0,31.9,0,0
C-00912,Enterprise,mensile,5,251,149,2.7,6,0,0,6.6,0,0
C-00913,Enterprise,mensile,20,180,38,2.8,7,3,2,16.0,0,0
C-00914,Enterprise,annuale,41,213,47,2.5,6,0,1,24.0,0,0
C-00915,Enterprise,mensile,22,141,114,2.3,7,1,4,5.6,2,0
C-00916,Enterprise,mensile,20,239,194,2.5,6,2,1,2.7,0,0
C-00917,Basic,mensile,22,7,5,5.5,4,2,3,24.8,1,0
C-00918,Basic,annuale,3,3,1,4.2,2,2,1,9.9,1,0
C-00919,Basic,mensile,44,3,2,2.7,3,1,3,7.3,1,0
C-00920,Pro,annuale,2,10,5,4.6,5,3,1,10.3,0,0
C-00921,Basic,annuale,50,1,1,1.0,9,2,1,8.0,0,0
C-00922,Pro,mensile,15,8,4,5.1,7,0,3,59.0,0,1
C-00923,Pro,mensile,28,15,14,5.0,7,0,3,7.3,1,0
C-00924,Pro,annuale,3,37,30,6.3,6,0,1,12.2,1,0
C-00925,Basic,mensile,34,2,1,4.6,8,1,4,21.7,0,0
C-00926,Basic,annuale,30,4,2,3.8,6,2,0,21.7,1,0
C-00927,Basic,annuale,29,4,3,5.0,4,2,2,19.3,0,0
C-00928,Enterprise,annuale,3,167,60,2.3,5,0,0,7.7,0,0
C-00929,Pro,mensile,11,28,18,2.6,5,2,0,9.1,0,0
C-00930,Pro,annuale,27,42,37,3.1,4,4,2,2.7,0,0
C-00931,Basic,annuale,43,6,3,5.1,4,0,2,9.6,2,0
C-00932,Basic,mensile,9,9,3,2.0,4,1,3,10.2,1,1
C-00933,Basic,annuale,10,6,3,1.9,4,1,1,15.6,0,0
C-00934,Pro,annuale,25,44,32,3.5,4,1,2,29.4,0,0
C-00935,Pro,annuale,84,5,3,4.2,8,1,1,15.3,1,0
C-00936,Basic,mensile,12,2,2,2.2,5,2,1,19.0,1,0
C-00937,Enterprise,mensile,15,65,23,4.1,7,1,3,9.9,0,0
C-00938,Basic,mensile,13,5,3,5.1,3,4,1,21.6,0,0
C-00939,Enterprise,mensile,18,203,154,4.9,9,5,0,10.1,1,0
C-00940,Basic,mensile,45,5,3,3.7,7,1,1,19.8,0,0
C-00941,Basic,annuale,19,10,7,3.1,8,1,1,16.2,0,0
C-00942,Pro,mensile,84,11,8,5.6,5,2,3,12.7,0,0
C-00943,Basic,annuale,22,1,0,3.2,6,0,1,4.0,0,0
C-00944,Basic,mensile,48,6,4,4.5,5,0,2,19.3,0,0
C-00945,Basic,mensile,16,6,4,5.9,5,1,0,12.5,0,0
C-00946,Basic,mensile,7,1,1,4.4,7,0,1,15.2,0,0
C-00947,Pro,mensile,19,9,9,1.8,3,1,2,12.1,0,0
C-00948,Enterprise,annuale,30,197,128,1.5,2,0,2,13.4,2,1
C-00949,Enterprise,annuale,11,297,179,2.8,7,1,2,21.8,0,0
C-00950,Basic,annuale,43,5,3,4.2,3,2,1,7.5,0,0
C-00951,Pro,mensile,14,48,21,3.8,6,1,1,13.2,1,1
C-00952,Basic,annuale,8,1,1,6.3,4,1,1,6.3,2,0
C-00953,Basic,mensile,80,4,3,3.8,5,0,2,14.1,1,0
C-00954,Basic,annuale,10,8,5,2.7,4,1,2,11.6,0,0
C-00955,Enterprise,mensile,14,261,108,1.6,5,3,0,6.8,1,0
C-00956,Enterprise,mensile,33,91,73,4.9,7,1,1,10.6,1,0
C-00957,Pro,mensile,16,42,26,3.2,7,0,4,7.1,1,0
C-00958,Pro,mensile,8,20,17,1.1,4,0,5,8.0,0,0
C-00959,Pro,mensile,12,36,34,3.2,5,1,0,12.4,0,0
C-00960,Pro,annuale,66,38,32,1.8,7,0,3,11.7,0,0
C-00961,Pro,annuale,30,30,21,2.6,3,2,4,3.2,1,0
C-00962,Basic,annuale,34,5,4,3.2,3,2,3,12.5,0,0
C-00963,Basic,mensile,25,9,7,1.9,5,1,5,8.3,0,0
C-00964,Basic,annuale,28,6,5,2.5,7,1,4,7.8,1,0
C-00965,Enterprise,mensile,15,145,79,2.2,5,2,6,5.1,1,0
C-00966,Pro,mensile,22,13,9,2.2,3,0,3,9.7,1,0
C-00967,Enterprise,mensile,3,119,47,1.8,9,3,2,7.3,1,0
C-00968,Basic,mensile,39,3,2,2.5,8,0,4,21.5,0,0
C-00969,Pro,annuale,15,50,47,1.9,6,1,0,3.5,1,0
C-00970,Basic,mensile,7,10,10,4.0,6,1,3,5.6,0,0
C-00971,Basic,mensile,23,5,3,3.5,8,0,3,5.4,0,0
C-00972,Basic,annuale,17,7,5,4.9,6,1,0,11.7,0,0
C-00973,Basic,mensile,38,7,4,5.8,7,0,2,20.2,1,0
C-00974,Enterprise,annuale,19,62,29,4.1,5,0,3,13.5,0,0
C-00975,Basic,mensile,12,10,6,3.8,4,0,0,5.2,0,0
C-00976,Pro,annuale,20,28,15,4.2,7,0,3,7.7,0,0
C-00977,Pro,annuale,52,12,5,3.9,6,0,1,6.2,1,0
C-00978,Basic,annuale,39,8,7,3.3,4,1,3,13.6,1,0
C-00979,Pro,annuale,30,31,21,3.2,6,1,1,7.6,0,0
C-00980,Basic,annuale,40,3,1,1.8,7,3,1,4.3,0,0
C-00981,Enterprise,annuale,32,294,264,4.4,4,0,2,14.2,1,0
C-00982,Pro,mensile,10,21,18,3.2,7,0,3,21.3,0,0
C-00983,Pro,mensile,35,34,17,5.2,3,0,3,9.0,0,0
C-00984,Pro,annuale,43,48,38,4.5,6,5,2,10.7,0,0
C-00985,Basic,mensile,45,2,1,2.3,11,2,2,4.1,1,0
C-00986,Enterprise,mensile,8,82,68,4.9,7,3,1,2.9,1,0
C-00987,Basic,mensile,14,8,5,0.0,7,2,4,3.3,0,0
C-00988,Basic,mensile,12,7,6,5.9,6,1,0,9.7,1,0
C-00989,Basic,mensile,16,9,7,1.3,5,2,1,8.3,0,0
C-00990,Pro,annuale,28,15,11,3.9,6,0,1,13.9,1,0
C-00991,Pro,annuale,23,18,15,3.8,5,0,2,8.9,0,0
C-00992,Pro,annuale,23,7,3,4.8,6,0,4,18.1,0,0
C-00993,Pro,mensile,6,11,6,2.7,6,2,1,16.9,0,0
C-00994,Basic,mensile,13,7,6,0.2,6,0,2,8.2,0,0
C-00995,Enterprise,annuale,47,91,75,2.7,5,0,2,5.5,0,0
C-00996,Basic,mensile,43,6,5,2.9,5,2,3,3.2,1,0
C-00997,Pro,annuale,19,36,10,0.3,5,0,3,23.6,1,0
C-00998,Basic,mensile,35,7,5,3.3,4,0,3,5.7,0,0
C-00999,Enterprise,annuale,26,158,80,1.7,5,0,4,4.1,1,0
C-01000,Basic,mensile,37,2,1,4.1,3,0,4,10.8,1,0
C-01001,Basic,annuale,36,9,7,2.9,8,1,1,4.1,2,0
C-01002,Pro,annuale,20,38,13,5.9,3,1,1,10.8,0,1
C-01003,Basic,mensile,30,1,1,2.8,7,1,2,8.2,0,0
C-01004,Basic,annuale,28,10,5,3.8,4,1,1,17.4,2,0
C-01005,Pro,mensile,21,39,27,2.9,7,1,0,16.5,0,0
C-01006,Basic,annuale,18,7,5,0.9,6,0,3,19.4,0,0
C-01007,Enterprise,annuale,60,191,121,2.9,8,0,4,11.3,0,0
C-01008,Basic,mensile,21,2,1,4.3,7,2,2,6.0,0,0
C-01009,Pro,mensile,33,45,41,4.0,6,0,2,5.4,0,0
C-01010,Pro,annuale,57,39,15,2.8,4,1,1,7.3,0,0
C-01011,Pro,mensile,30,39,17,1.2,6,0,3,33.1,0,0
C-01012,Pro,annuale,29,41,22,4.1,5,1,0,8.6,0,0
C-01013,Pro,annuale,21,11,6,3.8,7,1,2,11.0,0,0
C-01014,Enterprise,annuale,28,215,46,4.4,7,2,3,24.9,0,0
C-01015,Basic,mensile,16,9,8,2.8,5,0,1,11.7,0,0
C-01016,Basic,annuale,84,4,3,0.8,6,1,0,6.4,0,0
C-01017,Pro,annuale,6,5,3,3.9,5,1,2,15.5,0,0
C-01018,Pro,mensile,18,21,14,3.2,6,1,2,7.7,1,0
C-01019,Basic,mensile,31,3,2,5.1,6,0,1,11.9,0,0
C-01020,Basic,mensile,29,5,4,3.2,5,1,3,13.6,0,0
C-01021,Enterprise,mensile,16,197,48,3.1,7,0,1,7.4,0,0
C-01022,Pro,annuale,4,35,15,3.8,4,1,2,11.2,1,0
C-01023,Enterprise,mensile,7,198,91,2.4,7,0,1,26.1,0,0
C-01024,Pro,annuale,24,41,28,2.3,6,2,4,6.9,1,0
C-01025,Pro,mensile,3,39,31,3.1,4,5,7,22.0,0,0
C-01026,Basic,mensile,32,6,3,1.9,5,1,2,7.0,0,0
C-01027,Enterprise,mensile,46,243,213,2.9,3,2,1,29.5,0,0
C-01028,Basic,annuale,36,1,1,5.9,6,2,0,6.0,0,0
C-01029,Pro,annuale,41,38,24,4.7,7,2,1,7.9,1,0
C-01030,Basic,mensile,3,7,6,3.6,3,1,1,24.7,1,0
C-01031,Pro,annuale,17,20,12,5.4,3,0,4,25.4,0,0
C-01032,Pro,mensile,9,34,27,2.0,5,5,3,16.3,0,0
C-01033,Pro,mensile,5,19,12,6.7,4,2,6,5.2,1,0
C-01034,Enterprise,mensile,14,49,16,2.6,4,4,0,10.5,0,0
C-01035,Basic,annuale,56,7,5,6.0,6,3,1,10.0,0,0
C-01036,Pro,annuale,66,31,12,6.0,5,4,0,6.0,0,0
C-01037,Basic,annuale,10,8,7,0.7,7,0,2,15.2,0,0
C-01038,Basic,mensile,22,4,3,5.3,5,0,2,6.3,1,1
C-01039,Basic,mensile,28,1,1,2.8,6,1,0,4.6,0,0
C-01040,Basic,annuale,17,6,5,2.4,5,0,3,3.8,1,0
C-01041,Basic,mensile,48,2,1,3.9,4,1,3,27.9,1,0
C-01042,Pro,annuale,14,18,8,1.8,5,2,1,7.4,0,0
C-01043,Pro,annuale,13,43,27,3.9,6,1,3,7.5,0,0
C-01044,Pro,mensile,10,38,14,1.9,8,3,2,5.4,0,0
C-01045,Basic,annuale,17,6,2,3.4,3,2,1,22.7,0,0
C-01046,Basic,annuale,1,10,7,5.1,6,0,3,4.4,0,0
C-01047,Basic,mensile,18,3,2,3.7,6,2,2,4.9,0,0
C-01048,Pro,annuale,23,46,38,2.7,3,0,2,8.2,1,0
C-01049,Enterprise,annuale,24,189,152,4.0,7,1,3,9.9,0,0
C-01050,Basic,mensile,8,4,3,1.2,4,2,3,14.8,0,1
C-01051,Pro,annuale,24,46,39,2.0,7,1,2,6.7,0,0
C-01052,Basic,mensile,23,4,2,2.6,6,2,3,25.3,1,0
C-01053,Basic,annuale,24,10,7,4.3,4,0,5,6.7,0,0
C-01054,Basic,annuale,37,4,3,3.8,6,2,4,5.5,1,0
C-01055,Basic,annuale,8,7,4,3.9,4,1,1,5.2,1,0
C-01056,Pro,mensile,17,24,17,3.2,6,1,3,6.3,1,0
C-01057,Enterprise,annuale,4,168,80,2.1,7,4,1,5.0,1,0
C-01058,Basic,mensile,34,3,2,5.3,6,3,1,15.7,1,0
C-01059,Pro,mensile,9,15,14,2.2,4,0,4,5.5,0,0
C-01060,Pro,mensile,40,14,9,3.8,5,1,0,9.2,1,0
C-01061,Enterprise,annuale,41,32,26,3.0,6,1,2,5.4,0,0
C-01062,Pro,mensile,19,26,10,4.0,6,3,1,4.9,0,0
C-01063,Basic,mensile,18,4,3,2.4,6,1,2,19.4,2,1
C-01064,Pro,annuale,6,44,18,4.7,5,0,2,26.2,0,0
C-01065,Basic,mensile,21,7,4,5.1,7,1,1,21.4,0,0
C-01066,Enterprise,mensile,36,150,109,4.6,7,0,0,4.1,0,0
C-01067,Basic,mensile,26,9,5,3.4,6,3,3,4.5,0,0
C-01068,Pro,mensile,52,12,7,2.6,4,2,0,32.8,1,0
C-01069,Basic,annuale,16,5,5,7.0,5,2,2,8.6,1,0
C-01070,Basic,mensile,16,2,1,1.8,5,0,0,4.4,0,0
C-01071,Enterprise,mensile,10,195,124,4.4,7,4,0,19.1,0,0
C-01072,Pro,annuale,75,44,24,3.7,7,0,1,10.4,0,0
C-01073,Basic,annuale,6,4,3,3.1,7,1,3,14.1,1,0
C-01074,Enterprise,annuale,35,102,62,3.5,4,0,2,2.6,0,0
C-01075,Enterprise,annuale,37,264,148,2.5,7,1,0,8.2,1,0
C-01076,Basic,annuale,36,2,2,3.8,7,0,0,17.7,0,0
C-01077,Pro,mensile,11,26,21,3.6,4,1,0,6.8,0,0
C-01078,Pro,annuale,19,7,4,6.9,2,1,1,21.0,0,0
C-01079,Pro,annuale,31,37,22,4.7,3,2,2,4.5,0,0
C-01080,Basic,mensile,13,6,3,3.9,6,0,1,9.3,1,0
C-01081,Basic,mensile,17,9,5,4.0,5,1,2,26.8,0,0
C-01082,Enterprise,mensile,13,159,134,5.8,4,0,0,5.0,2,0
C-01083,Enterprise,annuale,23,194,80,1.8,6,1,2,11.8,0,0
C-01084,Pro,annuale,21,21,6,2.9,7,4,3,14.2,2,0
C-01085,Enterprise,annuale,58,122,100,0.5,7,0,1,10.6,0,0
C-01086,Pro,mensile,32,39,7,4.0,7,3,5,8.6,0,0
C-01087,Pro,mensile,7,32,20,4.4,7,1,6,5.9,0,0
C-01088,Pro,mensile,7,17,16,1.8,6,0,3,11.3,0,0
C-01089,Pro,mensile,35,23,14,5.2,7,0,3,9.4,0,0
C-01090,Pro,annuale,21,43,25,2.2,5,2,3,4.2,0,0
C-01091,Basic,annuale,72,9,7,2.7,7,1,2,19.3,0,0
C-01092,Pro,annuale,72,8,2,3.4,8,0,3,5.8,1,0
C-01093,Basic,annuale,10,5,2,5.4,6,0,0,4.3,1,0
C-01094,Basic,annuale,26,7,5,2.0,5,0,1,7.0,1,0
C-01095,Pro,mensile,8,17,12,3.6,4,1,0,5.9,1,1
C-01096,Basic,mensile,35,5,2,4.3,5,3,6,8.6,2,1
C-01097,Basic,mensile,63,5,4,4.0,3,1,5,4.7,0,0
C-01098,Pro,mensile,24,50,47,4.0,3,0,1,13.1,2,0
C-01099,Enterprise,mensile,15,61,37,4.3,5,1,1,22.9,0,0
C-01100,Basic,mensile,28,6,6,2.4,3,2,0,10.7,0,0
C-01101,Basic,annuale,40,3,2,5.6,7,1,0,4.2,0,0
C-01102,Basic,mensile,40,9,5,3.0,6,2,6,5.8,0,0
C-01103,Pro,annuale,15,30,26,2.9,7,1,1,11.4,0,0
C-01104,Pro,annuale,13,17,11,5.1,5,1,3,3.1,0,0
C-01105,Basic,annuale,25,1,1,2.3,4,1,0,4.8,1,0
C-01106,Pro,annuale,16,49,31,3.6,4,1,1,3.7,1,0
C-01107,Basic,mensile,48,7,2,2.2,7,2,3,10.7,0,0
C-01108,Basic,annuale,16,10,4,6.7,3,0,1,36.6,0,0
C-01109,Enterprise,mensile,22,50,12,6.4,6,3,1,4.7,1,0
C-01110,Basic,annuale,28,2,1,3.0,4,3,3,16.3,0,0
C-01111,Basic,mensile,6,4,3,3.9,5,0,2,7.1,0,0
C-01112,Basic,mensile,13,2,1,3.2,1,4,1,4.5,0,0
C-01113,Pro,annuale,70,30,13,2.7,5,4,1,25.6,1,0
C-01114,Enterprise,annuale,38,185,136,3.4,3,0,4,36.5,0,0
C-01115,Enterprise,mensile,16,62,57,3.1,7,2,4,12.8,0,0
C-01116,Basic,annuale,35,8,5,1.1,3,2,2,12.4,0,0
C-01117,Basic,mensile,47,3,2,3.6,4,5,2,10.4,0,0
C-01118,Pro,annuale,18,37,16,3.1,2,2,3,9.1,0,0
C-01119,Basic,mensile,37,9,5,3.6,10,1,3,12.3,0,0
C-01120,Enterprise,mensile,34,56,50,3.1,6,0,4,15.0,1,0
C-01121,Pro,mensile,8,10,7,2.7,6,2,2,27.1,0,0
C-01122,Basic,mensile,18,7,3,4.4,5,0,1,7.3,0,0
C-01123,Pro,mensile,59,29,9,3.9,7,2,1,10.8,0,0
C-01124,Basic,mensile,68,2,1,5.2,4,2,0,9.5,2,0
C-01125,Basic,mensile,39,4,4,3.9,7,2,1,18.5,0,0
C-01126,Pro,mensile,13,6,6,2.9,7,0,4,42.2,1,0
C-01127,Pro,mensile,2,48,34,4.1,2,0,2,18.9,1,1
C-01128,Pro,mensile,12,49,20,0.4,3,5,3,16.1,3,0
C-01129,Pro,annuale,7,46,35,6.1,6,0,2,17.2,1,0
C-01130,Enterprise,annuale,62,259,252,3.6,3,2,1,21.4,0,0
C-01131,Enterprise,mensile,4,288,223,6.3,4,1,4,42.6,0,0
C-01132,Pro,annuale,8,11,8,2.0,5,1,5,3.6,2,0
C-01133,Basic,mensile,25,8,6,1.6,4,2,4,14.3,1,0
C-01134,Pro,mensile,21,5,4,3.7,6,1,1,2.1,1,0
C-01135,Enterprise,annuale,57,85,69,3.7,5,1,4,17.7,1,0
C-01136,Basic,annuale,32,8,5,3.7,6,2,1,13.9,1,0
C-01137,Pro,annuale,19,38,17,3.5,5,1,1,7.2,1,0
C-01138,Basic,mensile,48,3,2,2.3,5,2,2,2.0,0,0
C-01139,Basic,annuale,16,2,1,1.1,5,1,3,9.9,0,0
C-01140,Pro,mensile,60,9,6,3.6,8,1,3,11.4,0,0
C-01141,Basic,mensile,10,1,1,1.4,5,0,1,9.6,1,0
C-01142,Pro,mensile,21,12,7,1.3,6,2,0,6.9,2,0
C-01143,Pro,annuale,2,7,5,2.7,7,2,1,5.8,1,0
C-01144,Pro,mensile,40,25,22,3.8,6,2,4,9.7,0,0
C-01145,Basic,annuale,24,6,5,6.0,4,1,1,6.2,1,0
C-01146,Basic,annuale,60,4,4,4.6,3,0,3,16.3,0,0
C-01147,Pro,annuale,17,24,20,5.2,6,2,3,9.5,0,0
C-01148,Pro,annuale,6,38,23,4.1,6,1,2,3.6,2,0
C-01149,Pro,annuale,29,36,23,3.7,7,3,2,11.1,2,0
C-01150,Enterprise,mensile,14,90,60,6.7,6,0,2,12.8,1,0
C-01151,Basic,mensile,36,2,2,1.3,1,2,3,26.4,1,0
C-01152,Enterprise,annuale,10,240,184,2.6,7,1,3,17.5,0,0
C-01153,Basic,mensile,53,6,6,2.7,6,0,1,5.8,1,0
C-01154,Basic,mensile,22,5,4,4.5,9,2,1,23.5,0,0
C-01155,Pro,mensile,19,44,36,1.8,7,4,2,4.4,0,0
C-01156,Basic,mensile,51,2,1,4.3,5,1,1,10.2,1,0
C-01157,Basic,mensile,40,5,4,4.0,6,1,1,15.7,0,0
C-01158,Basic,mensile,12,4,3,4.3,6,0,1,24.0,1,0
C-01159,Basic,annuale,40,6,5,4.3,5,2,2,31.1,0,0
C-01160,Pro,mensile,34,12,6,5.4,6,1,1,21.5,0,0
C-01161,Basic,annuale,20,3,1,3.1,4,0,0,9.2,0,0
C-01162,Pro,annuale,38,15,10,3.9,3,0,1,14.2,0,0
C-01163,Pro,mensile,53,21,10,2.2,6,3,3,11.4,0,0
C-01164,Basic,annuale,20,3,2,1.8,5,1,3,6.5,1,0
C-01165,Basic,annuale,20,3,2,5.7,7,0,1,9.3,0,1
C-01166,Enterprise,annuale,20,140,83,2.1,5,1,4,29.4,0,0
C-01167,Pro,mensile,11,14,6,4.1,7,1,2,14.7,1,1
C-01168,Pro,mensile,20,49,34,3.9,7,1,2,34.4,1,1
C-01169,Pro,mensile,18,5,3,4.8,7,3,3,5.2,1,0
C-01170,Basic,annuale,18,4,2,0.9,5,1,1,8.0,0,0
C-01171,Basic,annuale,17,4,2,4.4,8,0,1,12.8,1,0
C-01172,Pro,annuale,8,19,8,3.1,5,1,2,15.6,0,0
C-01173,Basic,annuale,43,2,1,2.4,7,0,3,9.3,0,0
C-01174,Pro,annuale,13,10,9,2.8,5,1,6,16.2,0,0
C-01175,Pro,annuale,55,24,20,4.7,4,1,2,16.1,1,0
C-01176,Pro,mensile,9,39,37,4.2,6,2,1,4.3,0,0
C-01177,Pro,annuale,63,32,27,3.0,5,1,5,15.7,2,0
C-01178,Basic,mensile,16,1,1,1.6,4,1,0,19.0,0,0
C-01179,Basic,mensile,40,7,4,1.7,5,0,1,11.9,0,0
C-01180,Basic,mensile,24,1,1,4.3,4,1,1,3.3,0,0
C-01181,Pro,annuale,7,24,18,1.4,9,1,1,8.5,1,0
C-01182,Basic,mensile,7,4,3,3.0,6,0,4,13.0,0,0
C-01183,Basic,mensile,12,7,5,7.0,4,0,4,5.9,1,0
C-01184,Basic,mensile,15,8,6,3.8,7,3,4,17.3,0,0
C-01185,Basic,mensile,21,5,3,4.2,6,2,3,15.5,0,0
C-01186,Pro,mensile,27,23,12,1.7,6,1,2,10.8,1,0
C-01187,Basic,annuale,19,4,3,1.5,6,0,4,10.1,1,0
C-01188,Enterprise,annuale,26,164,127,4.3,3,1,2,11.2,1,0
C-01189,Basic,mensile,30,1,1,2.8,4,1,3,10.0,0,0
C-01190,Pro,mensile,18,41,29,4.8,7,3,2,4.6,1,0
C-01191,Basic,mensile,34,4,3,3.4,7,0,1,7.7,1,0
C-01192,Basic,mensile,39,1,1,7.0,7,1,2,10.4,1,0
C-01193,Enterprise,annuale,30,217,57,2.5,2,0,2,23.4,0,0
C-01194,Enterprise,annuale,31,110,95,3.7,7,0,4,15.1,1,0
C-01195,Enterprise,annuale,25,61,52,2.1,5,1,1,24.2,1,0
C-01196,Basic,mensile,46,2,1,4.8,6,2,2,4.3,0,0
C-01197,Basic,annuale,21,6,4,4.0,4,5,2,8.1,1,0
C-01198,Pro,mensile,13,8,5,2.0,7,0,2,34.7,0,0
C-01199,Basic,mensile,22,1,1,2.9,9,3,1,6.4,0,0
C-01200,Pro,annuale,7,43,37,5.3,4,1,4,6.3,1,0
C-01201,Pro,annuale,6,8,6,5.1,7,2,1,8.5,0,0
C-01202,Pro,annuale,39,5,2,1.4,6,1,1,33.6,0,0
C-01203,Pro,annuale,56,7,5,2.7,4,1,2,6.7,1,0
C-01204,Pro,annuale,17,38,15,5.9,4,1,5,14.0,2,0
C-01205,Basic,annuale,40,3,2,3.1,6,0,1,12.7,0,0
C-01206,Basic,mensile,3,5,3,3.6,4,1,3,3.1,0,0
C-01207,Pro,mensile,30,6,4,4.8,3,2,2,9.9,0,0
C-01208,Pro,mensile,21,27,18,1.5,7,1,1,7.2,0,0
C-01209,Basic,mensile,62,3,3,2.0,6,3,2,15.0,2,0
C-01210,Basic,mensile,19,8,4,2.9,7,3,2,28.4,0,1
C-01211,Pro,mensile,9,19,10,5.0,6,1,2,8.1,1,0
C-01212,Pro,annuale,5,32,21,4.8,5,1,2,8.1,0,0
C-01213,Pro,annuale,22,46,43,4.3,7,1,1,45.3,3,0
C-01214,Basic,annuale,25,10,7,3.1,2,0,2,6.5,0,0
C-01215,Basic,mensile,18,9,7,4.9,5,1,3,4.5,2,0
C-01216,Pro,annuale,40,16,11,3.1,6,2,2,22.9,1,0
C-01217,Basic,mensile,52,7,5,4.1,8,0,3,9.7,2,0
C-01218,Pro,mensile,16,16,8,4.6,5,0,1,11.9,0,0
C-01219,Pro,mensile,4,21,6,5.7,9,1,2,38.1,1,0
C-01220,Basic,mensile,26,2,1,3.3,7,2,2,4.3,0,0
C-01221,Basic,mensile,46,10,6,2.8,5,0,1,8.9,1,0
C-01222,Basic,annuale,16,4,3,5.2,5,1,1,4.8,1,0
C-01223,Enterprise,annuale,31,160,74,5.3,3,2,3,12.2,0,0
C-01224,Pro,annuale,8,18,14,2.6,6,0,1,7.2,0,0
C-01225,Basic,mensile,26,1,1,1.8,3,3,1,4.9,0,0
C-01226,Enterprise,annuale,32,39,26,5.0,5,0,1,15.5,1,0
C-01227,Pro,annuale,27,41,21,1.0,4,2,1,10.1,0,0
C-01228,Pro,mensile,72,50,38,1.0,8,1,0,4.7,0,0
C-01229,Enterprise,annuale,55,290,266,3.0,5,1,1,4.9,1,0
C-01230,Basic,mensile,35,5,3,3.3,5,1,4,11.3,1,1
C-01231,Basic,mensile,44,10,6,1.7,5,1,2,3.7,0,0
C-01232,Pro,mensile,26,8,7,3.5,4,2,0,11.5,0,0
C-01233,Basic,mensile,21,1,1,3.6,5,1,2,22.3,0,0
C-01234,Pro,mensile,15,32,17,2.5,7,1,2,14.9,1,0
C-01235,Basic,mensile,8,8,6,6.0,6,0,1,6.9,0,0
C-01236,Basic,mensile,57,6,2,3.8,5,2,2,11.8,0,0
C-01237,Basic,annuale,74,8,7,4.8,7,3,1,4.7,1,0
C-01238,Basic,mensile,22,4,3,1.2,1,2,4,10.9,0,0
C-01239,Basic,mensile,22,1,1,1.1,7,1,2,8.2,1,0
C-01240,Basic,mensile,33,8,7,3.8,3,1,1,5.4,1,0
C-01241,Enterprise,annuale,19,210,169,5.8,7,0,0,14.5,1,0
C-01242,Basic,annuale,9,7,6,1.8,8,2,1,3.1,0,0
C-01243,Basic,annuale,7,5,4,3.4,7,2,0,4.9,0,0
C-01244,Basic,mensile,72,1,0,1.5,2,0,0,5.3,0,0
C-01245,Basic,mensile,5,8,7,2.2,5,1,1,7.4,0,0
C-01246,Basic,annuale,27,7,5,3.5,7,0,1,21.8,0,0
C-01247,Pro,mensile,5,10,6,2.5,6,2,1,15.7,0,0
C-01248,Basic,annuale,20,2,1,1.4,5,3,5,10.7,0,0
C-01249,Enterprise,annuale,16,168,144,1.3,5,1,2,10.4,0,0
C-01250,Enterprise,mensile,6,251,181,0.6,3,0,0,9.9,0,0
C-01251,Basic,annuale,33,9,8,3.9,5,1,2,22.8,0,0
C-01252,Basic,annuale,9,6,3,4.0,2,1,2,3.4,1,0
C-01253,Basic,mensile,5,8,3,4.0,6,2,1,15.9,0,0
C-01254,Pro,mensile,36,41,28,1.9,5,1,5,7.4,1,0
C-01255,Basic,mensile,16,7,5,4.6,4,0,2,13.5,1,0
C-01256,Enterprise,annuale,12,164,149,4.2,2,3,2,13.6,1,0
C-01257,Pro,mensile,37,50,37,3.2,8,1,2,15.5,1,0
C-01258,Pro,mensile,8,46,23,3.0,6,1,2,25.9,2,1
C-01259,Pro,annuale,4,24,18,2.3,6,2,0,4.4,0,0
C-01260,Enterprise,mensile,49,145,108,3.5,7,3,1,18.3,0,0
C-01261,Basic,mensile,66,8,4,5.5,6,1,2,9.6,1,0
C-01262,Basic,annuale,19,6,4,4.8,5,0,1,7.6,1,0
C-01263,Basic,mensile,19,6,2,2.8,6,1,2,33.9,0,0
C-01264,Enterprise,mensile,39,114,96,4.0,4,3,1,15.2,2,0
C-01265,Pro,mensile,46,47,27,1.7,6,0,2,7.8,1,1
C-01266,Pro,mensile,9,46,26,4.2,4,1,1,17.8,1,0
C-01267,Basic,mensile,17,9,5,2.0,8,2,2,9.7,0,0
C-01268,Enterprise,annuale,26,214,133,4.2,5,0,2,7.7,0,0
C-01269,Pro,annuale,37,42,29,7.0,4,0,1,7.0,0,0
C-01270,Pro,mensile,35,5,3,2.4,6,1,1,12.0,0,0
C-01271,Enterprise,annuale,31,257,222,7.0,3,1,1,6.9,0,0
C-01272,Basic,annuale,46,2,0,3.9,5,0,1,11.0,0,0
C-01273,Basic,annuale,21,9,6,2.2,7,2,2,17.0,1,0
C-01274,Pro,annuale,57,25,23,2.1,7,0,2,10.7,0,0
C-01275,Basic,annuale,14,3,1,6.5,6,1,3,32.7,1,0
C-01276,Basic,annuale,35,3,2,3.9,5,2,4,10.1,0,0
C-01277,Basic,mensile,15,5,4,2.4,5,1,2,22.5,2,0
C-01278,Basic,mensile,20,2,0,2.9,2,0,1,18.0,2,1
C-01279,Enterprise,mensile,22,210,150,3.8,6,1,2,25.0,1,0
C-01280,Pro,mensile,15,8,4,3.2,6,0,3,32.7,0,1
C-01281,Basic,annuale,47,3,2,3.7,1,4,4,3.5,0,0
C-01282,Basic,mensile,16,2,2,5.7,4,2,2,11.7,0,0
C-01283,Basic,mensile,21,10,8,1.6,2,4,0,9.4,1,0
C-01284,Pro,mensile,32,45,21,4.1,4,2,0,10.7,2,0
C-01285,Enterprise,mensile,84,292,217,3.1,1,2,2,7.9,0,0
C-01286,Enterprise,annuale,33,215,121,2.5,5,1,2,7.2,0,0
C-01287,Basic,annuale,23,9,6,4.7,5,0,5,5.2,0,0
C-01288,Basic,mensile,3,3,3,1.2,5,0,3,10.6,0,1
C-01289,Pro,mensile,19,47,44,0.0,4,1,1,17.5,1,0
C-01290,Pro,mensile,13,18,15,3.5,5,2,2,7.4,0,0
C-01291,Pro,mensile,17,48,26,3.0,7,2,3,8.2,1,0
C-01292,Pro,annuale,15,25,16,1.3,4,1,1,6.6,0,0
C-01293,Pro,annuale,32,7,5,0.8,5,1,2,5.5,0,0
C-01294,Basic,mensile,19,5,3,5.9,6,3,2,8.7,0,0
C-01295,Basic,mensile,10,2,1,3.8,4,1,0,12.3,1,0
C-01296,Basic,annuale,40,8,7,3.2,5,1,4,21.3,1,0
C-01297,Basic,annuale,7,10,8,6.3,5,2,4,4.9,1,0
C-01298,Basic,mensile,22,10,8,4.6,5,2,0,9.8,0,0
C-01299,Pro,mensile,19,23,9,5.7,7,2,2,20.3,0,0
C-01300,Basic,mensile,28,6,3,1.5,7,0,1,4.9,1,0
C-01301,Basic,annuale,46,7,5,1.5,5,4,2,21.4,2,0
C-01302,Pro,mensile,84,8,6,4.1,5,0,1,7.7,0,0
C-01303,Pro,mensile,23,45,34,3.8,8,1,0,15.3,0,0
C-01304,Basic,annuale,13,2,1,4.9,5,1,5,8.8,0,0
C-01305,Pro,annuale,12,31,27,0.9,10,1,1,13.2,1,0
C-01306,Enterprise,mensile,12,111,47,4.2,7,0,2,26.3,0,1
C-01307,Pro,mensile,27,8,5,4.6,4,1,2,9.3,0,0
C-01308,Pro,mensile,3,38,29,4.5,4,0,3,18.2,0,0
C-01309,Basic,annuale,7,5,3,2.6,4,2,4,11.8,1,0
C-01310,Enterprise,mensile,27,188,130,3.9,7,1,2,6.2,0,0
C-01311,Basic,annuale,41,1,1,2.1,5,1,0,9.2,0,0
C-01312,Enterprise,annuale,42,70,33,2.8,6,2,1,8.8,1,0
C-01313,Pro,mensile,23,13,8,1.7,6,2,3,4.3,0,0
C-01314,Basic,annuale,38,2,0,2.1,7,1,2,13.2,0,0
C-01315,Basic,mensile,47,6,3,2.9,7,1,0,14.8,0,0
C-01316,Pro,mensile,16,10,3,2.5,3,0,1,16.3,0,1
C-01317,Pro,annuale,44,16,7,2.1,5,1,4,23.6,0,0
C-01318,Basic,mensile,5,8,5,1.4,5,0,1,17.7,0,1
C-01319,Pro,mensile,7,42,33,5.9,7,2,1,7.0,0,0
C-01320,Enterprise,mensile,17,231,59,2.5,6,1,6,7.9,1,1
C-01321,Pro,mensile,4,19,3,3.7,6,2,3,16.5,1,0
C-01322,Pro,mensile,32,42,39,0.7,7,2,4,12.6,0,0
C-01323,Basic,annuale,14,3,3,5.1,5,3,1,9.9,1,0
C-01324,Pro,annuale,20,13,5,3.4,3,1,1,5.9,0,1
C-01325,Basic,annuale,20,5,3,2.6,7,1,3,7.3,1,0
C-01326,Enterprise,annuale,16,198,188,2.6,5,2,2,14.2,0,0
C-01327,Basic,mensile,11,6,3,4.4,7,2,2,3.1,0,0
C-01328,Pro,annuale,31,35,13,0.0,5,1,0,2.5,0,0
C-01329,Basic,mensile,14,2,2,2.0,6,1,2,15.2,0,0
C-01330,Basic,mensile,20,3,1,3.0,5,2,0,7.3,0,0
C-01331,Pro,annuale,28,10,7,3.0,5,0,4,13.2,0,0
C-01332,Pro,mensile,47,28,25,6.7,4,1,3,25.8,1,0
C-01333,Pro,mensile,44,7,4,2.7,7,1,1,5.4,0,0
C-01334,Enterprise,mensile,15,265,169,4.6,4,1,3,3.7,0,0
C-01335,Enterprise,mensile,11,223,180,5.7,4,0,2,8.5,1,0
C-01336,Enterprise,mensile,53,229,104,4.1,5,0,2,6.6,0,0
C-01337,Basic,mensile,14,1,1,2.3,5,3,0,9.8,0,0
C-01338,Pro,annuale,31,22,12,1.4,6,0,3,13.8,0,0
C-01339,Enterprise,mensile,4,48,28,4.2,6,0,5,12.2,0,0
C-01340,Basic,mensile,2,4,2,5.5,6,1,1,10.3,1,0
C-01341,Basic,mensile,23,9,5,4.0,5,0,2,18.9,0,0
C-01342,Pro,annuale,18,46,24,4.9,5,1,2,15.0,0,0
C-01343,Pro,mensile,36,33,12,6.8,4,2,1,9.0,1,0
C-01344,Pro,mensile,12,15,13,4.4,5,1,2,14.6,1,0
C-01345,Enterprise,mensile,27,105,90,1.7,7,1,1,4.0,1,0
C-01346,Pro,annuale,35,10,8,3.3,5,1,3,18.9,0,0
C-01347,Basic,annuale,12,2,1,5.1,8,2,3,10.1,0,0
C-01348,Basic,annuale,17,4,4,2.9,4,0,3,4.9,2,0
C-01349,Basic,annuale,8,6,3,5.3,6,0,3,7.8,0,0
C-01350,Basic,mensile,37,8,6,3.1,6,0,1,18.6,2,0
C-01351,Pro,mensile,32,30,13,3.7,6,2,3,6.3,1,0
C-01352,Pro,mensile,33,13,11,2.7,6,0,4,12.8,1,0
C-01353,Basic,mensile,18,4,2,3.4,2,2,1,16.9,0,0
C-01354,Basic,mensile,31,6,4,3.5,7,2,2,10.1,1,0
C-01355,Enterprise,mensile,19,243,192,0.9,5,5,3,6.0,1,0
C-01356,Basic,mensile,59,5,4,2.6,5,2,1,9.6,1,0
C-01357,Pro,annuale,21,12,2,1.5,3,3,4,4.3,2,1
C-01358,Pro,mensile,42,18,6,2.6,4,3,3,7.5,1,0
C-01359,Pro,annuale,18,48,44,2.1,8,0,2,5.1,0,0
C-01360,Basic,annuale,51,2,1,4.6,5,0,0,9.7,1,0
C-01361,Pro,mensile,11,13,5,4.6,5,0,3,4.7,1,0
C-01362,Basic,mensile,29,5,4,4.0,4,0,1,10.5,1,0
C-01363,Pro,annuale,13,19,10,1.4,6,1,2,19.7,0,0
C-01364,Basic,annuale,26,2,1,3.1,7,2,7,20.5,0,1
C-01365,Pro,mensile,14,29,18,1.3,8,1,1,4.7,1,1
C-01366,Pro,mensile,21,32,27,3.0,6,2,1,6.7,0,0
C-01367,Basic,annuale,15,8,4,4.1,4,1,0,16.7,1,0
C-01368,Basic,annuale,34,2,2,4.6,3,1,2,15.3,0,0
C-01369,Basic,mensile,30,10,9,3.9,4,1,2,6.9,1,0
C-01370,Basic,mensile,12,3,1,5.0,6,1,3,7.5,0,0
C-01371,Basic,annuale,12,4,2,3.6,9,0,5,10.5,0,0
C-01372,Enterprise,mensile,10,179,98,2.9,3,1,0,3.3,0,0
C-01373,Basic,annuale,8,3,2,4.4,5,3,1,13.7,1,0
C-01374,Pro,mensile,36,44,32,4.5,6,2,2,19.2,1,0
C-01375,Enterprise,mensile,10,36,11,2.5,6,2,1,7.9,1,0
C-01376,Basic,mensile,27,1,1,3.7,6,2,0,4.3,0,0
C-01377,Pro,mensile,14,14,6,2.8,5,5,1,23.3,0,0
C-01378,Enterprise,annuale,42,109,36,0.4,4,4,2,11.4,1,0
C-01379,Pro,mensile,69,6,3,3.8,5,3,1,15.3,1,0
C-01380,Basic,annuale,1,10,7,1.4,5,3,1,4.5,1,0
C-01381,Basic,mensile,11,10,8,3.7,6,3,0,4.5,0,0
C-01382,Basic,annuale,14,9,5,1.1,4,2,2,12.8,0,0
C-01383,Pro,annuale,18,41,29,2.2,5,1,4,18.5,1,0
C-01384,Enterprise,annuale,17,135,109,2.6,8,3,1,5.1,0,0
C-01385,Enterprise,mensile,7,147,74,4.9,6,0,1,9.4,0,0
C-01386,Basic,annuale,69,10,6,2.5,4,1,4,3.9,1,0
C-01387,Pro,mensile,18,36,12,1.7,8,0,3,6.6,1,0
C-01388,Basic,annuale,30,6,4,3.7,4,2,2,8.6,0,0
C-01389,Enterprise,mensile,30,40,36,2.9,7,2,4,13.4,0,0
C-01390,Basic,mensile,5,10,8,4.3,3,1,1,2.8,1,1
C-01391,Enterprise,mensile,16,209,88,1.8,7,3,1,22.1,1,0
C-01392,Pro,annuale,36,49,44,3.5,4,3,1,9.0,0,0
C-01393,Basic,annuale,53,4,2,6.7,5,2,0,21.7,0,0
C-01394,Basic,mensile,16,4,2,2.9,9,0,4,15.2,0,0
C-01395,Pro,annuale,6,14,10,3.5,6,2,2,16.7,0,0
C-01396,Basic,annuale,13,9,5,0.9,4,1,1,33.6,0,1
C-01397,Pro,mensile,16,40,26,2.0,0,3,0,6.3,2,0
C-01398,Enterprise,mensile,15,226,109,3.8,1,2,1,10.8,0,0
C-01399,Pro,annuale,10,32,17,2.7,4,0,5,5.5,0,0
C-01400,Basic,annuale,6,8,5,4.1,5,1,6,9.4,0,0
C-01401,Basic,mensile,8,8,6,3.8,5,2,2,15.4,0,0
C-01402,Basic,annuale,13,9,4,1.4,8,2,1,19.7,0,0
C-01403,Enterprise,mensile,35,294,203,4.6,7,0,0,8.0,0,0
C-01404,Basic,annuale,45,4,3,1.5,8,4,2,4.9,0,0
C-01405,Basic,annuale,23,1,1,2.1,5,0,3,10.4,0,0
C-01406,Basic,annuale,8,5,3,3.5,5,1,1,6.0,0,0
C-01407,Enterprise,mensile,14,77,42,5.4,6,1,2,7.1,0,0
C-01408,Basic,mensile,3,7,6,1.8,5,1,2,15.0,2,1
C-01409,Enterprise,mensile,54,188,87,3.4,4,2,4,13.4,2,0
C-01410,Pro,mensile,12,25,18,3.4,7,3,2,16.5,0,0
C-01411,Pro,annuale,28,13,9,4.1,6,1,0,8.2,0,0
C-01412,Enterprise,mensile,43,106,47,4.9,5,0,3,18.3,1,0
C-01413,Pro,mensile,64,26,13,2.6,5,0,3,10.1,0,0
C-01414,Enterprise,mensile,38,205,55,4.6,4,2,2,8.4,1,0
C-01415,Basic,mensile,15,1,1,5.1,6,0,2,5.2,1,0
C-01416,Pro,mensile,31,46,37,5.7,5,0,1,2.9,0,0
C-01417,Pro,annuale,62,24,6,3.9,7,1,3,3.9,0,0
C-01418,Pro,annuale,12,27,21,3.4,6,5,2,11.4,1,0
C-01419,Enterprise,mensile,5,281,240,2.5,5,2,2,5.8,0,0
C-01420,Enterprise,annuale,10,195,77,1.2,7,0,4,3.7,1,0
C-01421,Pro,annuale,29,36,31,2.8,8,3,4,7.8,1,0
C-01422,Pro,mensile,16,28,14,3.4,7,3,1,11.8,0,0
C-01423,Pro,annuale,20,17,13,3.0,5,1,3,12.8,0,0
C-01424,Basic,mensile,33,1,1,4.0,5,1,2,9.8,0,0
C-01425,Basic,mensile,10,7,6,1.2,6,1,1,9.6,0,0
C-01426,Basic,mensile,19,6,5,2.9,7,3,1,7.2,0,1
C-01427,Basic,mensile,14,6,5,6.0,9,2,1,14.6,0,0
C-01428,Basic,annuale,61,1,1,4.6,5,1,4,9.0,1,0
C-01429,Pro,annuale,37,48,36,4.1,6,2,3,9.6,1,0
C-01430,Basic,annuale,16,6,4,3.7,4,1,1,18.6,0,0
C-01431,Enterprise,annuale,15,195,44,2.7,3,1,4,16.1,1,1
C-01432,Pro,annuale,65,44,30,0.7,4,1,0,9.0,1,0
C-01433,Basic,annuale,62,4,3,3.8,2,3,2,8.2,1,0
C-01434,Basic,mensile,29,1,0,0.0,5,3,1,8.2,0,0
C-01435,Basic,mensile,20,6,2,2.7,5,1,1,3.0,0,0
C-01436,Enterprise,annuale,7,123,72,3.2,6,1,0,19.3,0,0
C-01437,Basic,mensile,10,3,2,2.6,6,2,4,6.6,0,0
C-01438,Pro,mensile,6,26,18,6.2,4,2,0,16.7,0,0
C-01439,Enterprise,mensile,44,265,194,5.8,6,0,1,10.3,0,0
C-01440,Enterprise,annuale,7,63,57,4.6,4,2,1,23.0,1,0
C-01441,Basic,mensile,15,6,4,1.9,1,3,3,13.7,2,0
C-01442,Basic,mensile,3,7,3,5.9,9,0,2,17.3,0,0
C-01443,Basic,mensile,5,1,1,4.1,2,1,2,7.0,0,0
C-01444,Basic,mensile,34,2,1,1.9,5,0,2,4.6,0,0
C-01445,Basic,annuale,26,4,3,3.2,6,0,4,10.9,1,0
C-01446,Pro,mensile,21,14,6,4.5,5,2,2,3.2,0,0
C-01447,Enterprise,annuale,15,64,53,2.4,5,1,2,7.6,1,0
C-01448,Pro,annuale,4,13,9,3.4,6,0,0,4.9,1,0
C-01449,Pro,mensile,13,50,23,3.6,6,1,0,6.0,0,0
C-01450,Basic,annuale,18,6,4,1.7,5,2,6,14.3,1,0
C-01451,Pro,annuale,32,28,18,2.8,7,3,5,13.7,0,0
C-01452,Pro,annuale,42,14,11,1.8,3,0,1,9.1,0,0
C-01453,Enterprise,mensile,35,194,172,4.4,5,0,0,12.1,1,0
C-01454,Enterprise,mensile,26,275,202,1.9,4,0,2,7.2,0,0
C-01455,Basic,annuale,21,7,4,3.6,2,2,1,42.9,0,0
C-01456,Basic,annuale,24,9,8,1.3,9,0,0,12.0,1,0
C-01457,Basic,annuale,13,3,2,1.6,6,2,1,7.0,1,0
C-01458,Basic,annuale,22,6,4,1.5,4,3,0,16.9,1,0
C-01459,Enterprise,mensile,18,237,183,2.8,5,1,0,21.0,0,0
C-01460,Basic,annuale,83,8,5,3.5,4,5,2,6.3,1,0
C-01461,Pro,mensile,25,5,3,3.7,6,0,1,4.3,0,0
C-01462,Pro,annuale,2,6,3,0.7,5,1,0,4.8,0,0
C-01463,Basic,mensile,14,3,2,3.0,8,2,0,6.7,0,0
C-01464,Basic,mensile,17,4,2,2.1,4,0,4,9.7,1,0
C-01465,Pro,annuale,38,23,16,3.9,5,1,4,3.8,1,0
C-01466,Pro,annuale,27,37,23,2.8,8,0,3,7.8,0,0
C-01467,Basic,annuale,26,3,2,3.1,7,1,0,8.8,0,0
C-01468,Basic,mensile,50,2,1,2.2,4,4,2,12.2,1,0
C-01469,Pro,mensile,62,39,36,5.6,5,3,0,14.4,0,0
C-01470,Basic,annuale,34,6,4,1.4,7,0,1,12.7,0,0
C-01471,Enterprise,mensile,15,170,130,2.6,6,0,2,29.3,0,0
C-01472,Basic,mensile,16,6,5,3.4,6,0,1,19.3,0,0
C-01473,Basic,annuale,46,7,6,2.8,6,0,1,11.4,0,0
C-01474,Pro,mensile,16,9,8,2.1,8,1,3,5.6,1,0
C-01475,Pro,annuale,20,48,25,0.7,5,0,4,6.7,0,0
C-01476,Pro,mensile,14,35,22,2.2,4,2,1,4.2,1,0
C-01477,Basic,annuale,8,1,1,1.9,5,1,2,11.0,1,0
C-01478,Enterprise,annuale,79,215,61,5.6,6,3,1,12.2,0,0
C-01479,Pro,annuale,20,21,14,6.4,5,1,4,17.1,1,0
C-01480,Pro,annuale,55,28,25,3.1,5,2,3,11.7,1,0
C-01481,Basic,mensile,16,4,3,1.2,6,0,1,18.8,2,1
C-01482,Basic,annuale,12,3,1,4.2,5,2,1,19.1,1,0
C-01483,Pro,annuale,32,9,5,1.8,8,1,5,5.4,0,0
C-01484,Basic,annuale,42,3,2,2.4,5,1,1,7.3,1,0
C-01485,Pro,annuale,44,31,22,2.3,6,5,1,9.9,1,0
C-01486,Basic,annuale,18,4,3,2.5,6,0,1,6.5,1,0
C-01487,Enterprise,annuale,34,256,73,2.7,3,1,1,8.6,0,0
C-01488,Pro,annuale,13,7,3,1.4,5,1,0,12.0,1,0
C-01489,Enterprise,mensile,22,119,43,2.2,2,0,0,9.3,0,0
C-01490,Pro,mensile,17,47,29,4.6,7,1,2,10.0,2,0
C-01491,Basic,annuale,15,1,1,3.2,6,1,0,5.7,0,0
C-01492,Pro,mensile,23,7,2,3.4,3,3,1,13.6,0,0
C-01493,Pro,annuale,8,48,31,0.1,5,1,1,13.0,0,0
C-01494,Pro,annuale,40,24,13,4.5,8,1,2,6.3,2,0
C-01495,Basic,mensile,15,4,3,2.2,4,2,2,4.6,1,0
C-01496,Pro,annuale,38,5,3,4.8,8,2,3,20.9,0,0
C-01497,Enterprise,annuale,10,55,36,3.4,4,3,3,28.5,1,0
C-01498,Pro,annuale,15,41,10,2.4,1,1,2,11.5,0,0
C-01499,Basic,mensile,8,5,4,0.9,6,0,3,8.0,0,0
C-01500,Pro,annuale,8,12,11,6.2,4,4,4,18.7,0,0
C-01501,Pro,mensile,11,9,3,4.3,7,1,1,13.3,0,0
C-01502,Enterprise,annuale,10,293,274,4.4,6,1,4,8.8,0,0
C-01503,Basic,mensile,8,8,3,5.7,6,0,4,17.9,0,0
C-01504,Basic,annuale,21,6,4,3.5,6,2,2,6.2,0,0
C-01505,Pro,annuale,31,47,40,5.1,6,2,1,6.6,0,0
C-01506,Pro,annuale,33,42,10,2.5,7,2,1,12.4,0,0
C-01507,Pro,mensile,4,21,17,4.2,6,3,2,10.7,0,0
C-01508,Pro,annuale,17,35,31,2.3,7,0,4,14.7,0,0
C-01509,Basic,annuale,15,1,1,2.5,6,1,1,20.5,0,0
C-01510,Pro,mensile,51,16,11,3.3,5,3,3,3.9,0,0
C-01511,Basic,annuale,17,4,2,1.4,5,1,1,10.2,1,0
C-01512,Basic,annuale,20,1,1,3.7,5,1,0,31.3,1,0
C-01513,Pro,annuale,6,21,19,2.8,5,1,0,7.0,0,0
C-01514,Pro,annuale,10,21,14,0.4,5,1,0,6.5,0,0
C-01515,Enterprise,annuale,5,43,19,2.6,5,2,1,2.6,2,0
C-01516,Basic,annuale,22,9,9,2.7,3,3,2,10.6,1,0
C-01517,Basic,annuale,52,1,1,4.4,7,2,3,14.2,0,0
C-01518,Enterprise,mensile,11,164,125,3.6,7,2,4,14.2,1,0
C-01519,Basic,mensile,17,7,3,5.2,5,2,2,5.4,0,0
C-01520,Basic,annuale,10,2,1,3.9,8,2,2,9.9,0,0
C-01521,Basic,mensile,13,4,2,2.4,8,0,0,11.4,1,0
C-01522,Pro,annuale,22,21,16,3.1,7,3,3,10.3,0,0
C-01523,Enterprise,mensile,68,285,173,2.7,2,0,3,5.2,1,0
C-01524,Pro,mensile,50,15,6,3.9,5,1,1,10.5,0,0
C-01525,Pro,mensile,60,36,25,3.3,5,2,1,6.1,0,0
C-01526,Basic,mensile,39,10,7,2.3,6,4,2,3.3,0,0
C-01527,Basic,mensile,17,9,6,3.2,6,2,4,15.0,1,0
C-01528,Pro,mensile,15,34,19,3.8,6,0,2,10.9,0,0
C-01529,Basic,annuale,11,2,1,1.8,7,2,1,14.3,0,0
C-01530,Basic,mensile,17,1,1,3.6,8,0,3,7.3,1,1
C-01531,Basic,mensile,52,2,2,1.0,6,1,9,14.6,0,0
C-01532,Basic,mensile,52,5,3,4.7,8,0,1,18.5,0,1
C-01533,Pro,mensile,84,32,17,3.9,7,1,4,28.6,0,0
C-01534,Pro,mensile,23,44,26,5.5,5,0,7,16.3,0,0
C-01535,Basic,annuale,7,8,4,1.6,7,0,1,12.6,0,0
C-01536,Pro,annuale,30,39,30,4.8,3,1,1,4.4,0,0
C-01537,Pro,mensile,69,31,25,4.5,4,2,1,9.4,0,0
C-01538,Pro,annuale,57,40,17,2.9,10,1,2,4.3,0,0
C-01539,Pro,mensile,14,40,28,2.7,5,1,1,6.1,1,0
C-01540,Basic,mensile,7,8,4,1.7,5,2,0,32.3,0,0
C-01541,Pro,annuale,7,5,4,1.3,8,1,6,5.4,0,0
C-01542,Basic,mensile,11,1,1,2.1,5,0,2,2.5,0,0
C-01543,Basic,annuale,13,3,2,1.4,4,1,1,16.3,2,0
C-01544,Basic,mensile,16,8,7,5.4,3,0,4,6.7,1,1
C-01545,Pro,mensile,33,39,31,1.1,5,0,1,15.9,0,0
C-01546,Basic,mensile,16,8,6,3.4,4,3,2,5.0,1,0
C-01547,Basic,mensile,21,8,4,3.8,3,1,1,7.7,0,1
C-01548,Pro,annuale,5,5,4,3.7,7,0,1,20.5,0,1
C-01549,Basic,mensile,11,3,2,3.8,5,1,0,4.5,0,0
C-01550,Basic,annuale,10,3,3,4.5,6,1,3,9.0,0,0
C-01551,Basic,annuale,4,2,2,2.6,3,2,2,11.9,0,0
C-01552,Basic,annuale,15,4,1,3.3,5,0,2,6.5,0,0
C-01553,Basic,mensile,5,6,5,2.8,6,1,3,11.6,1,0
C-01554,Basic,mensile,14,2,2,5.0,5,1,1,10.1,1,0
C-01555,Basic,mensile,22,6,0,6.1,5,0,1,13.8,1,0
C-01556,Pro,annuale,53,35,27,1.5,5,1,4,30.2,0,0
C-01557,Enterprise,mensile,10,113,58,0.4,3,1,1,49.8,1,0
C-01558,Pro,annuale,22,41,31,4.0,3,2,1,13.2,0,0
C-01559,Pro,annuale,12,24,10,4.7,5,2,0,9.4,0,0
C-01560,Enterprise,mensile,5,36,14,5.9,4,3,3,13.0,1,0
C-01561,Enterprise,annuale,53,286,254,4.2,4,0,4,8.7,0,0
C-01562,Pro,mensile,23,47,41,5.2,4,1,2,3.9,1,0
C-01563,Enterprise,annuale,29,281,168,5.5,7,2,3,9.7,0,0
C-01564,Enterprise,mensile,59,73,44,5.3,5,1,3,19.1,0,0
C-01565,Pro,annuale,14,20,12,4.4,6,3,2,4.2,0,0
C-01566,Pro,annuale,6,14,10,1.4,6,1,1,5.5,1,0
C-01567,Basic,annuale,10,2,2,3.2,5,2,1,7.1,0,0
C-01568,Basic,mensile,6,8,4,3.6,4,1,3,12.5,1,0
C-01569,Pro,annuale,44,45,38,3.1,5,2,1,41.6,0,0
C-01570,Pro,mensile,70,28,19,3.1,6,0,2,6.2,1,0
C-01571,Basic,annuale,22,4,2,5.4,5,0,6,10.6,0,0
C-01572,Pro,mensile,33,32,25,2.1,4,0,1,10.0,3,0
C-01573,Pro,mensile,40,5,3,4.3,8,5,3,8.3,0,0
C-01574,Pro,mensile,62,37,22,3.6,6,2,1,9.7,0,0
C-01575,Basic,mensile,68,10,8,2.0,3,1,2,7.6,0,0
C-01576,Basic,mensile,3,5,3,1.7,8,1,0,51.9,0,0
C-01577,Pro,annuale,12,50,37,0.8,4,2,1,15.7,1,1
C-01578,Pro,mensile,20,41,29,3.9,3,3,3,7.6,0,0
C-01579,Enterprise,annuale,11,244,196,3.1,4,1,2,20.3,2,0
C-01580,Enterprise,mensile,16,249,151,2.0,8,0,1,11.7,0,0
C-01581,Enterprise,annuale,28,286,281,0.6,4,0,4,10.4,1,0
C-01582,Basic,annuale,27,3,2,3.8,7,2,2,9.0,1,0
C-01583,Basic,mensile,39,9,6,3.0,6,2,4,8.6,1,0
C-01584,Basic,annuale,21,4,3,2.2,5,2,2,4.8,0,0
C-01585,Pro,annuale,1,31,25,1.9,5,0,0,3.7,1,0
C-01586,Enterprise,annuale,15,191,121,2.9,3,0,1,12.5,0,0
C-01587,Basic,mensile,26,3,2,3.9,6,4,2,8.9,0,0
C-01588,Pro,mensile,41,45,43,2.7,5,2,0,16.9,1,0
C-01589,Basic,annuale,37,8,4,1.5,6,1,1,5.9,0,0
C-01590,Basic,mensile,19,5,4,3.1,3,0,3,5.2,1,0
C-01591,Basic,annuale,12,8,6,4.7,7,0,1,15.9,0,0
C-01592,Basic,mensile,19,5,4,3.3,6,2,3,8.4,0,0
C-01593,Enterprise,annuale,4,62,44,3.3,6,5,1,16.7,1,0
C-01594,Basic,mensile,13,3,2,2.7,5,2,5,10.2,0,0
C-01595,Pro,mensile,46,23,17,2.0,5,0,1,30.8,1,0
C-01596,Pro,annuale,19,30,29,1.9,5,3,3,15.7,1,0
C-01597,Basic,annuale,26,10,5,0.9,3,1,1,12.8,0,0
C-01598,Basic,annuale,6,3,3,4.9,6,0,2,16.2,0,0
C-01599,Pro,annuale,41,21,18,3.8,3,2,1,8.5,0,0
C-01600,Basic,mensile,18,9,4,3.3,1,4,1,3.7,0,1
C-01601,Enterprise,mensile,26,57,49,3.6,2,0,5,12.4,1,0
C-01602,Basic,mensile,30,8,4,3.7,4,0,1,32.1,1,0
C-01603,Pro,mensile,40,27,18,2.2,6,2,2,2.5,0,0
C-01604,Pro,mensile,23,14,9,2.7,6,2,1,13.3,0,0
C-01605,Basic,annuale,18,7,3,2.5,5,0,1,4.0,0,0
C-01606,Basic,mensile,7,8,5,6.7,5,0,4,9.9,0,0
C-01607,Enterprise,mensile,5,66,28,4.6,6,2,3,10.5,0,0
C-01608,Basic,mensile,23,1,1,3.4,6,1,2,15.7,1,0
C-01609,Basic,mensile,26,1,1,5.1,7,1,3,11.3,0,0
C-01610,Basic,mensile,29,4,2,4.9,7,1,2,22.8,1,1
C-01611,Basic,annuale,10,7,5,1.3,7,1,4,20.1,0,0
C-01612,Pro,mensile,13,9,7,2.9,7,1,1,8.9,1,0
C-01613,Pro,annuale,22,12,11,3.2,7,4,4,19.3,1,0
C-01614,Basic,annuale,14,5,1,4.1,6,1,1,8.3,1,0
C-01615,Pro,annuale,84,38,17,2.9,6,2,1,7.5,0,0
C-01616,Basic,annuale,13,8,4,3.1,6,1,2,4.9,0,0
C-01617,Basic,mensile,27,8,4,2.6,4,0,3,22.0,0,1
C-01618,Pro,mensile,36,6,4,4.7,5,4,0,8.4,0,0
C-01619,Enterprise,mensile,38,108,75,1.2,8,0,4,2.3,1,0
C-01620,Basic,annuale,14,4,2,2.6,5,3,4,13.8,2,0
C-01621,Basic,annuale,30,8,5,0.6,3,1,4,7.7,1,0
C-01622,Pro,mensile,28,28,17,1.8,5,0,3,8.4,0,0
C-01623,Pro,mensile,31,39,34,3.6,4,0,0,8.7,0,0
C-01624,Basic,annuale,22,7,3,3.7,5,2,2,8.2,1,0
C-01625,Basic,annuale,36,9,5,2.8,6,0,0,51.4,0,0
C-01626,Pro,annuale,24,36,28,4.8,5,3,4,27.1,0,0
C-01627,Basic,annuale,6,1,1,5.1,5,2,2,15.2,0,0
C-01628,Basic,annuale,24,2,1,3.1,2,0,1,11.6,1,0
C-01629,Basic,annuale,26,6,2,3.6,5,3,2,19.7,0,0
C-01630,Basic,mensile,35,10,6,2.6,2,2,2,11.6,2,0
C-01631,Pro,mensile,23,16,13,4.1,5,1,1,16.3,0,0
C-01632,Enterprise,annuale,63,135,79,1.5,6,0,2,14.0,1,0
C-01633,Pro,annuale,19,10,3,5.7,3,0,0,10.8,1,0
C-01634,Pro,mensile,13,18,13,4.8,8,0,1,17.6,1,0
C-01635,Enterprise,annuale,50,295,183,1.5,6,2,2,7.8,0,0
C-01636,Basic,mensile,18,3,3,2.1,4,1,1,10.4,0,0
C-01637,Basic,annuale,21,9,6,3.8,5,2,4,5.6,0,0
C-01638,Enterprise,mensile,26,197,165,2.7,3,2,4,6.0,0,0
C-01639,Basic,annuale,24,6,4,4.0,2,2,2,2.2,0,0
C-01640,Pro,mensile,31,40,21,2.7,8,5,5,13.2,1,0
C-01641,Pro,mensile,33,22,12,5.3,6,2,2,15.5,0,0
C-01642,Basic,mensile,12,10,6,3.2,7,1,0,19.2,2,0
C-01643,Pro,annuale,8,33,13,6.6,6,2,0,5.2,1,0
C-01644,Basic,mensile,8,2,1,4.0,8,1,3,13.0,1,0
C-01645,Basic,mensile,46,2,1,1.3,8,0,0,10.0,1,0
C-01646,Pro,annuale,17,15,14,6.1,3,2,4,15.6,0,0
C-01647,Basic,mensile,36,4,2,4.7,4,1,4,6.8,0,0
C-01648,Pro,mensile,34,41,28,3.7,5,1,3,8.2,0,1
C-01649,Enterprise,mensile,21,174,121,4.1,5,3,3,3.9,1,0
C-01650,Pro,annuale,10,31,22,1.5,5,2,1,6.5,0,0
C-01651,Basic,mensile,34,9,3,0.7,4,2,1,10.0,0,0
C-01652,Basic,mensile,21,8,5,3.1,7,0,5,11.1,1,1
C-01653,Basic,mensile,7,5,2,5.1,1,0,2,3.6,0,1
C-01654,Basic,mensile,14,7,5,3.8,7,4,1,7.4,2,0
C-01655,Enterprise,mensile,5,206,138,5.6,5,3,1,11.0,2,0
C-01656,Basic,mensile,15,1,1,5.0,1,2,1,23.3,0,0
C-01657,Basic,mensile,22,10,5,3.2,7,2,1,6.0,1,0
C-01658,Pro,mensile,19,16,9,4.9,5,2,2,13.4,0,0
C-01659,Basic,annuale,17,4,4,5.3,6,3,1,7.1,0,0
C-01660,Basic,mensile,22,5,4,3.1,7,1,1,7.7,1,0
C-01661,Basic,mensile,30,5,2,2.9,2,1,2,5.9,0,0
C-01662,Pro,annuale,38,30,10,3.4,4,1,1,5.3,2,0
C-01663,Pro,annuale,41,49,34,0.0,3,1,1,7.5,3,1
C-01664,Basic,annuale,11,3,1,3.6,3,0,3,18.8,1,1
C-01665,Enterprise,mensile,44,297,174,4.2,8,2,6,6.4,0,0
C-01666,Enterprise,mensile,21,284,184,3.4,7,1,5,5.8,0,0
C-01667,Pro,mensile,16,20,13,3.7,5,2,3,11.3,0,0
C-01668,Basic,mensile,9,4,3,3.1,6,2,1,10.0,0,0
C-01669,Basic,mensile,28,2,1,0.4,8,0,4,9.6,0,1
C-01670,Enterprise,annuale,27,235,210,5.5,4,0,2,11.6,0,0
C-01671,Basic,mensile,13,7,5,2.7,2,2,4,5.5,1,0
C-01672,Pro,annuale,14,36,22,2.3,7,1,2,5.8,0,0
C-01673,Pro,mensile,18,33,21,5.1,6,0,4,18.1,0,0
C-01674,Basic,mensile,16,4,2,4.6,4,3,4,9.2,1,1
C-01675,Pro,annuale,11,13,7,3.6,5,1,2,14.3,0,0
C-01676,Enterprise,annuale,8,286,260,4.3,4,1,2,20.8,0,0
C-01677,Pro,mensile,44,14,11,1.6,6,0,2,16.6,0,0
C-01678,Basic,annuale,14,7,3,3.1,6,3,0,4.4,0,0
C-01679,Enterprise,mensile,27,78,54,5.0,4,2,2,9.3,0,0
C-01680,Pro,mensile,31,25,13,2.3,7,0,3,18.7,0,0
C-01681,Pro,annuale,28,10,9,1.8,5,2,1,13.7,0,0
C-01682,Pro,mensile,32,20,16,3.3,6,1,2,11.2,0,0
C-01683,Pro,mensile,28,16,8,3.3,6,1,0,3.7,0,0
C-01684,Basic,mensile,12,3,3,4.1,5,3,0,6.9,1,0
C-01685,Basic,mensile,16,10,8,1.3,4,0,0,10.4,1,0
C-01686,Basic,mensile,44,4,4,0.0,4,0,1,4.3,0,0
C-01687,Pro,mensile,14,30,17,4.5,7,0,1,16.1,2,0
C-01688,Pro,annuale,21,11,7,1.7,6,2,4,9.3,1,1
C-01689,Pro,annuale,30,10,8,2.3,4,3,0,3.0,1,0
C-01690,Basic,mensile,55,6,4,0.1,9,4,2,7.1,0,0
C-01691,Pro,mensile,41,33,25,4.6,7,2,2,8.4,0,0
C-01692,Enterprise,annuale,10,175,95,3.7,3,3,0,9.3,0,0
C-01693,Basic,mensile,27,2,2,3.6,4,2,0,23.4,0,0
C-01694,Pro,mensile,24,5,4,3.6,6,0,1,14.1,2,0
C-01695,Pro,annuale,16,8,5,0.3,3,0,2,4.4,2,0
C-01696,Pro,mensile,21,22,17,1.8,8,1,1,4.1,0,0
C-01697,Basic,mensile,12,5,2,2.6,6,0,1,8.5,2,1
C-01698,Pro,mensile,18,33,20,2.2,3,2,1,10.8,1,0
C-01699,Enterprise,mensile,14,253,175,2.8,5,2,2,18.1,1,0
C-01700,Pro,mensile,22,13,12,3.5,4,1,1,28.2,1,0
C-01701,Enterprise,annuale,16,139,113,4.6,5,0,5,29.2,0,0
C-01702,Enterprise,mensile,57,139,81,1.1,4,1,0,7.7,0,0
C-01703,Basic,annuale,23,5,2,3.2,7,0,3,17.5,1,0
C-01704,Pro,annuale,20,38,24,4.2,6,2,4,12.9,0,0
C-01705,Pro,mensile,17,35,21,1.9,8,3,3,5.2,1,0
C-01706,Enterprise,mensile,16,270,162,2.9,4,3,2,3.2,1,0
C-01707,Basic,mensile,7,10,5,3.9,5,1,2,10.9,1,1
C-01708,Basic,annuale,36,9,8,3.2,7,2,1,4.1,0,0
C-01709,Enterprise,mensile,50,299,259,4.1,5,0,1,6.0,1,0
C-01710,Basic,annuale,14,1,1,3.3,5,2,1,6.6,0,0
C-01711,Pro,annuale,44,35,5,2.8,9,1,3,11.4,1,0
C-01712,Basic,annuale,84,3,2,1.6,7,2,2,21.6,0,0
C-01713,Enterprise,annuale,69,146,105,3.5,7,2,1,10.1,1,0
C-01714,Enterprise,annuale,49,105,74,3.3,5,0,2,7.2,1,0
C-01715,Basic,annuale,8,1,1,1.8,6,2,1,2.9,0,0
C-01716,Pro,annuale,8,37,12,4.0,5,0,3,13.2,0,1
C-01717,Basic,annuale,32,2,2,5.0,5,1,0,10.2,0,0
C-01718,Pro,annuale,21,43,21,2.3,3,2,1,7.2,1,0
C-01719,Pro,annuale,3,7,6,2.2,7,3,1,20.1,1,0
C-01720,Pro,mensile,15,9,6,2.1,5,0,0,4.9,1,0
C-01721,Basic,annuale,31,3,2,0.8,6,2,1,6.6,0,0
C-01722,Basic,mensile,18,7,6,6.0,7,1,6,8.6,0,0
C-01723,Pro,annuale,21,24,14,2.6,7,0,1,7.1,0,0
C-01724,Pro,mensile,8,17,11,2.0,4,0,2,13.9,0,0
C-01725,Pro,annuale,15,36,21,1.6,6,0,1,13.2,1,0
C-01726,Basic,annuale,32,6,4,2.7,5,0,4,18.8,0,0
C-01727,Basic,annuale,14,4,2,2.2,4,0,2,13.5,0,1
C-01728,Enterprise,mensile,46,70,30,5.2,2,0,1,9.3,1,0
C-01729,Basic,annuale,21,10,7,1.5,6,2,2,8.2,0,0
C-01730,Basic,annuale,28,9,7,1.0,7,2,2,13.1,1,0
C-01731,Enterprise,annuale,32,129,84,4.0,8,1,1,8.9,0,0
C-01732,Basic,annuale,31,6,2,3.0,5,1,1,10.3,0,0
C-01733,Pro,annuale,9,39,28,2.9,5,1,2,13.6,0,0
C-01734,Basic,annuale,11,8,3,4.0,4,1,4,10.9,0,0
C-01735,Enterprise,mensile,3,120,106,3.4,9,0,1,12.0,1,0
C-01736,Pro,annuale,16,43,26,3.1,7,1,1,6.2,1,0
C-01737,Enterprise,mensile,10,148,72,1.2,8,3,2,22.5,0,0
C-01738,Basic,annuale,14,10,2,0.9,5,1,1,5.1,0,0
C-01739,Pro,annuale,18,34,12,2.2,4,2,3,13.0,0,0
C-01740,Pro,mensile,23,20,16,1.7,6,3,0,7.5,1,0
C-01741,Basic,mensile,19,2,1,3.6,5,1,3,19.1,0,1
C-01742,Basic,mensile,18,4,2,0.7,5,1,2,17.0,1,0
C-01743,Basic,annuale,27,2,2,2.6,3,0,2,10.0,1,0
C-01744,Enterprise,mensile,20,195,134,3.0,3,0,3,25.4,1,1
C-01745,Pro,mensile,38,27,20,3.1,5,1,3,8.9,0,0
C-01746,Pro,annuale,20,20,7,3.8,8,1,1,17.0,0,0
C-01747,Pro,mensile,55,33,22,2.7,6,1,1,6.5,0,0
C-01748,Pro,annuale,9,21,11,2.3,7,1,2,12.8,1,0
C-01749,Pro,mensile,16,27,11,4.9,4,0,0,5.7,1,0
C-01750,Basic,mensile,12,4,3,2.8,6,0,1,10.1,0,0
C-01751,Pro,mensile,24,22,9,5.2,5,1,1,9.7,0,1
C-01752,Basic,mensile,9,5,2,2.7,3,0,0,16.9,0,0
C-01753,Enterprise,mensile,6,40,9,3.2,5,2,2,6.7,0,0
C-01754,Pro,annuale,10,25,19,3.0,3,0,1,63.2,1,0
C-01755,Basic,mensile,6,2,2,3.5,7,1,1,4.4,0,0
C-01756,Pro,mensile,18,19,14,2.6,7,2,4,11.5,1,0
C-01757,Basic,mensile,23,3,3,3.3,4,1,2,11.9,0,0
C-01758,Enterprise,mensile,5,237,211,5.3,6,0,3,13.8,1,0
C-01759,Enterprise,annuale,15,30,26,4.7,5,1,1,7.3,0,0
C-01760,Enterprise,mensile,41,177,135,4.7,4,2,1,11.6,1,0
C-01761,Basic,annuale,49,8,5,1.3,6,2,2,7.1,1,0
C-01762,Basic,mensile,34,7,3,1.5,7,2,0,30.8,0,0
C-01763,Basic,mensile,2,8,7,3.5,7,0,2,6.8,0,0
C-01764,Basic,mensile,22,9,6,4.3,4,2,1,9.2,2,1
C-01765,Basic,mensile,44,2,2,2.5,5,0,1,6.7,1,1
C-01766,Basic,annuale,14,3,2,2.2,2,0,5,6.2,0,0
C-01767,Enterprise,mensile,7,225,170,5.2,3,1,2,4.3,1,0
C-01768,Basic,mensile,42,5,4,4.2,3,3,1,15.0,0,0
C-01769,Basic,annuale,46,5,5,4.7,3,3,1,6.7,0,0
C-01770,Pro,annuale,20,6,4,2.6,5,5,0,6.2,1,0
C-01771,Pro,annuale,7,37,22,2.5,5,0,2,5.6,2,0
C-01772,Pro,annuale,4,18,10,4.5,6,2,3,12.0,0,0
C-01773,Pro,annuale,26,22,14,2.8,5,1,2,10.1,0,0
C-01774,Enterprise,annuale,12,62,46,2.3,4,3,4,10.2,0,0
C-01775,Pro,annuale,19,21,13,1.9,8,2,5,6.3,1,0
C-01776,Pro,mensile,18,23,13,2.5,7,0,0,13.0,1,1
C-01777,Pro,annuale,10,15,12,4.4,3,2,3,6.7,1,0
C-01778,Basic,mensile,4,6,3,1.1,5,5,2,10.4,0,0
C-01779,Basic,annuale,14,9,7,4.1,4,0,3,9.2,0,0
C-01780,Pro,annuale,22,13,2,2.2,8,0,2,3.6,0,0
C-01781,Basic,mensile,23,7,3,2.9,5,2,4,33.8,0,0
C-01782,Pro,annuale,12,19,16,3.0,3,2,3,14.1,0,0
C-01783,Basic,annuale,46,7,4,2.9,6,0,1,11.1,0,0
C-01784,Basic,mensile,8,5,3,2.8,6,1,2,12.2,1,0
C-01785,Basic,mensile,39,9,4,2.6,4,3,3,34.3,1,0
C-01786,Pro,annuale,22,28,22,2.4,5,4,1,19.8,1,0
C-01787,Basic,annuale,15,1,0,5.0,5,0,0,12.3,0,0
C-01788,Pro,mensile,28,7,4,3.2,4,3,1,6.5,1,0
C-01789,Enterprise,mensile,17,241,215,3.0,4,1,2,7.2,0,0
C-01790,Basic,annuale,6,3,1,2.3,7,2,3,3.4,0,0
C-01791,Pro,mensile,7,21,19,2.6,7,4,4,8.0,1,0
C-01792,Basic,mensile,16,10,9,2.3,6,3,1,14.9,1,0
C-01793,Basic,mensile,13,2,2,4.3,6,1,2,14.6,0,0
C-01794,Pro,mensile,38,9,6,2.1,5,0,2,14.5,1,0
C-01795,Enterprise,annuale,13,214,139,0.1,5,2,2,7.3,0,0
C-01796,Basic,annuale,12,7,6,3.3,6,2,3,13.9,1,0
C-01797,Pro,annuale,11,30,20,2.8,3,2,2,16.4,1,0
C-01798,Basic,annuale,10,4,3,2.4,4,2,2,2.6,1,0
C-01799,Pro,mensile,10,27,10,4.5,3,1,2,12.0,0,0
C-01800,Pro,mensile,6,17,9,0.0,6,0,3,34.9,0,1
C-01801,Pro,mensile,23,29,17,5.4,6,2,6,8.4,0,0
C-01802,Pro,mensile,18,38,27,4.7,5,0,1,2.2,1,0
C-01803,Basic,mensile,17,6,5,2.3,5,4,5,6.1,3,1
C-01804,Pro,mensile,5,12,6,2.6,7,1,2,3.4,1,0
C-01805,Pro,mensile,26,48,16,3.9,3,0,0,6.8,1,0
C-01806,Pro,mensile,28,18,9,3.9,5,0,4,4.8,1,0
C-01807,Basic,annuale,53,7,6,2.3,7,1,4,17.5,1,0
C-01808,Basic,annuale,27,10,9,0.9,6,1,5,16.0,0,0
C-01809,Basic,annuale,60,5,3,6.2,5,1,0,12.3,0,0
C-01810,Basic,annuale,11,5,3,4.5,4,0,3,20.9,0,0
C-01811,Basic,annuale,55,9,6,3.4,8,2,2,7.1,0,0
C-01812,Basic,mensile,28,8,3,3.4,5,1,2,10.5,0,0
C-01813,Pro,annuale,25,5,3,4.1,7,2,6,37.3,2,0
C-01814,Basic,mensile,17,6,4,4.2,7,0,1,14.2,1,0
C-01815,Pro,mensile,14,12,9,0.3,7,1,0,14.2,1,1
C-01816,Pro,mensile,12,47,30,2.7,2,0,0,6.3,1,1
C-01817,Pro,mensile,56,13,11,2.6,5,2,1,7.8,1,1
C-01818,Pro,mensile,17,12,8,3.0,4,1,3,5.5,1,0
C-01819,Pro,annuale,28,43,19,4.3,4,2,3,27.4,0,0
C-01820,Pro,annuale,33,45,18,0.7,4,0,2,3.9,1,0
C-01821,Enterprise,annuale,32,63,51,1.3,5,3,1,17.3,0,0
C-01822,Pro,annuale,23,34,25,2.2,5,0,1,14.2,1,1
C-01823,Pro,mensile,54,29,11,3.4,6,2,2,3.8,0,0
C-01824,Pro,mensile,27,31,24,4.4,4,3,2,19.8,0,0
C-01825,Pro,annuale,12,19,13,5.5,4,0,4,8.6,0,0
C-01826,Basic,mensile,15,10,7,2.8,5,0,2,4.5,1,0
C-01827,Pro,mensile,5,45,42,4.4,6,3,3,12.4,1,0
C-01828,Pro,mensile,24,38,33,4.2,0,0,0,6.1,0,0
C-01829,Enterprise,annuale,30,261,148,4.0,7,2,0,8.8,0,0
C-01830,Pro,annuale,32,10,8,3.2,5,0,2,7.4,1,0
C-01831,Pro,mensile,28,35,32,2.6,6,1,0,5.9,0,0
C-01832,Enterprise,annuale,17,263,203,1.7,7,2,2,4.9,1,0
C-01833,Pro,mensile,20,29,24,1.6,5,1,3,16.1,1,0
C-01834,Basic,mensile,20,3,3,3.7,6,2,3,12.2,1,0
C-01835,Basic,mensile,38,6,2,3.1,8,0,3,11.7,0,0
C-01836,Basic,mensile,3,10,8,2.6,2,0,2,8.0,1,0
C-01837,Basic,annuale,14,4,3,4.1,5,1,3,10.3,2,0
C-01838,Basic,mensile,8,6,5,2.9,8,2,2,6.4,0,0
C-01839,Pro,annuale,69,37,25,1.9,7,2,0,6.4,1,0
C-01840,Pro,mensile,44,29,20,2.8,6,1,2,27.9,0,0
C-01841,Basic,annuale,14,3,2,4.3,4,1,3,17.0,3,1
C-01842,Pro,annuale,6,29,24,1.8,5,0,5,7.1,0,0
C-01843,Basic,annuale,7,10,2,3.5,7,2,2,4.1,0,0
C-01844,Enterprise,annuale,38,291,96,3.1,6,1,1,3.6,0,0
C-01845,Basic,annuale,5,3,2,2.1,4,2,2,6.8,2,0
C-01846,Pro,mensile,20,27,13,2.8,3,3,1,10.7,0,0
C-01847,Basic,annuale,34,8,5,1.0,7,0,1,10.7,0,0
C-01848,Pro,annuale,7,33,25,3.4,6,4,0,10.9,0,0
C-01849,Basic,mensile,20,8,6,1.3,8,0,1,12.2,1,0
C-01850,Pro,mensile,14,35,32,4.7,5,1,3,5.4,0,0
C-01851,Basic,mensile,13,1,1,3.1,5,3,1,24.7,1,0
C-01852,Enterprise,mensile,11,195,140,2.4,4,0,5,8.9,1,0
C-01853,Pro,mensile,36,36,27,4.8,5,2,3,11.9,1,0
C-01854,Pro,mensile,50,26,15,1.8,5,2,1,6.7,1,0
C-01855,Pro,annuale,16,37,29,2.2,3,2,1,12.1,1,0
C-01856,Enterprise,mensile,26,270,215,0.6,5,1,3,34.8,0,0
C-01857,Basic,annuale,20,1,1,5.0,4,1,2,5.5,0,0
C-01858,Basic,mensile,4,5,3,5.8,7,0,1,5.1,0,0
C-01859,Basic,annuale,16,5,3,0.9,4,2,1,6.0,0,0
C-01860,Basic,mensile,3,10,8,2.1,5,1,1,8.2,0,0
C-01861,Pro,mensile,13,6,3,3.3,6,2,2,7.3,0,0
C-01862,Enterprise,mensile,19,98,52,2.5,4,2,1,5.4,1,0
C-01863,Enterprise,annuale,32,211,182,3.2,6,1,3,9.7,1,0
C-01864,Pro,mensile,24,5,4,3.0,7,0,1,25.5,0,0
C-01865,Pro,annuale,36,34,23,3.8,6,1,3,9.1,1,0
C-01866,Enterprise,mensile,10,128,117,1.9,5,1,4,9.4,1,0
C-01867,Enterprise,annuale,46,92,76,3.5,7,1,1,12.3,2,0
C-01868,Basic,mensile,50,10,6,1.6,8,1,3,14.7,0,0
C-01869,Pro,annuale,3,42,17,2.6,7,1,2,22.8,1,0
C-01870,Pro,mensile,4,23,18,0.8,5,1,1,11.5,0,0
C-01871,Basic,mensile,19,3,1,2.6,6,1,1,10.0,0,0
C-01872,Basic,mensile,13,9,8,2.4,5,2,1,5.5,1,0
C-01873,Enterprise,mensile,14,278,181,4.5,4,1,3,15.6,0,0
C-01874,Enterprise,mensile,24,230,200,3.1,5,1,1,6.0,0,0
C-01875,Enterprise,annuale,37,73,47,3.4,7,1,2,5.9,1,0
C-01876,Pro,mensile,9,5,3,3.2,4,2,3,11.2,0,1
C-01877,Basic,mensile,42,3,1,0.2,8,1,2,25.2,0,0
C-01878,Basic,annuale,11,10,6,0.4,9,3,4,15.5,0,0
C-01879,Pro,mensile,75,39,22,2.8,5,0,2,9.8,1,0
C-01880,Pro,mensile,46,38,26,3.6,3,2,2,5.5,1,0
C-01881,Pro,annuale,12,26,21,2.9,8,1,4,24.9,3,0
C-01882,Pro,annuale,6,49,23,2.0,4,0,2,9.7,0,0
C-01883,Basic,annuale,12,10,7,2.9,7,2,4,8.4,0,0
C-01884,Pro,mensile,10,45,25,2.7,2,2,0,14.0,0,0
C-01885,Basic,annuale,29,6,4,4.3,4,2,2,7.6,0,0
C-01886,Basic,mensile,3,10,7,4.2,4,1,5,6.4,0,0
C-01887,Basic,annuale,4,5,3,2.4,4,2,1,6.7,1,0
C-01888,Basic,annuale,29,5,2,3.1,8,1,0,6.7,0,0
C-01889,Enterprise,annuale,10,180,97,3.6,4,0,2,5.1,0,0
C-01890,Basic,mensile,14,8,3,3.8,4,0,1,4.8,1,0
C-01891,Basic,mensile,34,4,2,5.5,6,0,2,17.9,1,1
C-01892,Pro,annuale,39,31,21,3.2,8,0,2,14.9,1,0
C-01893,Pro,mensile,44,34,21,4.8,5,1,1,6.1,0,0
C-01894,Basic,mensile,32,7,5,1.6,7,0,4,17.0,0,0
C-01895,Basic,annuale,17,3,2,2.3,2,0,4,12.0,0,0
C-01896,Basic,annuale,16,4,3,0.2,7,1,2,8.2,0,0
C-01897,Pro,mensile,14,17,9,3.4,6,1,3,4.8,0,0
C-01898,Basic,mensile,7,6,5,4.1,8,0,4,12.3,1,0
C-01899,Basic,mensile,9,8,7,0.0,6,1,1,30.6,0,0
C-01900,Basic,mensile,41,7,3,3.5,8,2,1,10.1,0,0
C-01901,Pro,mensile,11,18,11,4.0,5,0,1,18.2,0,1
C-01902,Basic,annuale,7,4,2,4.0,6,1,2,8.8,1,1
C-01903,Pro,annuale,43,34,20,1.5,6,2,0,17.4,0,0
C-01904,Basic,mensile,23,3,3,4.3,4,1,3,9.1,0,0
C-01905,Pro,mensile,57,30,24,3.2,8,2,0,2.4,1,0
C-01906,Basic,annuale,53,4,3,4.0,7,1,1,6.5,0,0
C-01907,Basic,annuale,7,7,3,3.0,7,0,4,10.8,1,0
C-01908,Basic,annuale,18,7,6,3.7,5,2,1,19.1,0,0
C-01909,Pro,mensile,8,22,14,4.8,7,3,1,9.1,1,0
C-01910,Enterprise,annuale,8,118,70,2.9,5,2,2,10.2,0,0
C-01911,Basic,mensile,14,2,2,3.6,8,2,3,7.0,0,0
C-01912,Basic,mensile,30,8,8,4.9,2,3,4,25.5,0,0
C-01913,Enterprise,annuale,30,145,27,3.0,6,1,0,24.6,1,1
C-01914,Pro,mensile,28,39,18,1.6,3,0,1,6.7,0,0
C-01915,Basic,mensile,17,4,3,4.1,6,3,1,4.0,1,0
C-01916,Basic,mensile,31,9,6,5.2,5,2,3,3.4,0,0
C-01917,Pro,mensile,7,30,17,5.0,7,4,1,14.4,1,0
C-01918,Pro,mensile,23,13,11,4.2,7,2,0,10.8,0,0
C-01919,Pro,annuale,20,5,3,0.0,5,1,1,6.3,0,0
C-01920,Enterprise,mensile,16,91,53,2.3,7,3,5,11.8,1,0
C-01921,Pro,mensile,24,33,30,2.4,6,0,1,4.8,0,0
C-01922,Basic,annuale,9,4,2,3.3,5,0,2,16.1,1,0
C-01923,Pro,mensile,28,22,17,5.6,5,0,3,8.0,1,0
C-01924,Basic,annuale,19,5,2,1.7,4,2,1,5.2,0,0
C-01925,Basic,mensile,5,6,3,6.3,3,2,0,8.0,1,0
C-01926,Basic,annuale,19,4,3,2.7,5,2,5,7.9,0,0
C-01927,Basic,mensile,13,9,8,2.1,6,1,3,12.4,1,0
C-01928,Pro,annuale,41,11,10,4.4,5,3,1,20.1,1,0
C-01929,Basic,mensile,7,9,6,4.5,8,3,2,19.5,0,0
C-01930,Basic,annuale,8,3,2,4.1,2,1,5,11.0,0,0
C-01931,Pro,mensile,26,10,7,2.1,7,1,2,8.9,1,0
C-01932,Pro,annuale,17,35,12,3.9,7,2,1,7.1,0,0
C-01933,Pro,mensile,17,28,26,1.8,7,0,2,3.5,0,0
C-01934,Pro,mensile,75,42,28,2.1,5,3,5,9.9,1,0
C-01935,Pro,mensile,31,30,9,3.1,4,1,3,6.0,0,0
C-01936,Basic,mensile,15,3,2,2.1,7,3,2,20.8,0,0
C-01937,Pro,mensile,4,46,24,4.7,7,3,3,8.9,2,0
C-01938,Pro,annuale,14,43,33,2.4,7,0,2,15.7,1,0
C-01939,Basic,mensile,7,1,1,2.9,4,3,2,7.5,1,0
C-01940,Basic,mensile,9,6,5,2.0,6,1,3,6.7,0,0
C-01941,Basic,mensile,9,8,6,4.7,5,2,0,14.4,3,0
C-01942,Pro,mensile,39,27,13,2.3,6,2,2,11.8,0,0
C-01943,Basic,mensile,5,10,5,4.8,7,1,3,12.1,0,0
C-01944,Basic,annuale,36,7,5,4.7,4,3,2,9.5,0,0
C-01945,Pro,mensile,27,41,27,2.6,4,0,6,16.1,1,1
C-01946,Enterprise,annuale,26,94,80,3.2,3,2,1,14.7,0,0
C-01947,Basic,mensile,9,4,2,2.5,4,1,4,2.7,0,0
C-01948,Enterprise,mensile,33,213,199,4.0,4,0,1,8.6,0,0
C-01949,Basic,annuale,8,10,7,2.9,3,3,1,18.4,1,0
C-01950,Enterprise,mensile,50,131,67,2.6,5,0,5,5.4,0,0
C-01951,Enterprise,mensile,40,159,140,3.3,6,1,2,3.6,1,0
C-01952,Basic,annuale,56,3,3,1.0,7,2,1,9.2,0,0
C-01953,Pro,annuale,20,18,15,3.1,5,1,1,13.7,0,0
C-01954,Enterprise,annuale,17,251,105,4.1,3,2,2,7.6,0,0
C-01955,Enterprise,mensile,14,110,70,3.4,7,2,1,21.7,2,0
C-01956,Enterprise,annuale,74,44,44,4.5,5,1,2,30.2,1,0
C-01957,Pro,annuale,30,44,27,2.7,4,0,2,3.2,0,0
C-01958,Basic,annuale,7,4,2,2.6,5,1,2,7.9,0,0
C-01959,Pro,mensile,46,49,40,1.6,9,0,1,2.5,0,0
C-01960,Pro,mensile,17,11,7,2.6,5,0,2,14.9,0,1
C-01961,Pro,mensile,1,23,13,6.0,8,3,2,6.7,1,0
C-01962,Basic,mensile,10,10,5,3.6,4,0,1,7.5,0,0
C-01963,Pro,annuale,40,25,12,2.4,3,1,1,19.9,1,0
C-01964,Basic,mensile,27,4,2,1.8,4,1,0,4.5,0,0
C-01965,Pro,mensile,31,40,18,1.0,7,1,3,3.9,0,0
C-01966,Basic,mensile,46,6,5,2.0,6,2,5,2.6,0,0
C-01967,Pro,mensile,4,24,17,4.3,6,1,4,21.4,0,0
C-01968,Pro,mensile,11,48,18,2.6,9,2,4,18.6,1,1
C-01969,Pro,mensile,20,47,41,1.9,5,1,2,8.4,0,0
C-01970,Pro,mensile,41,42,25,2.0,3,2,1,4.7,1,0
C-01971,Basic,annuale,8,6,2,4.1,6,2,1,16.5,0,0
C-01972,Enterprise,mensile,15,265,235,3.1,4,2,1,52.2,0,0
C-01973,Pro,mensile,19,9,7,2.3,6,2,2,8.7,0,0
C-01974,Basic,mensile,10,8,4,2.8,7,2,0,4.9,0,0
C-01975,Basic,mensile,19,4,2,6.3,5,1,3,21.1,0,0
C-01976,Basic,mensile,17,3,2,4.9,5,1,1,5.1,0,0
C-01977,Pro,mensile,12,12,9,5.3,6,1,2,8.0,3,0
C-01978,Enterprise,mensile,33,151,114,0.7,3,1,1,2.1,1,0
C-01979,Pro,mensile,29,27,12,3.0,5,1,1,8.3,0,0
C-01980,Basic,annuale,34,9,6,2.3,5,5,1,4.6,1,0
C-01981,Enterprise,mensile,36,46,41,4.0,4,1,1,21.3,0,0
C-01982,Basic,mensile,5,4,1,4.7,2,0,0,5.6,1,1
C-01983,Enterprise,annuale,5,55,46,3.7,6,5,1,16.0,2,0
C-01984,Basic,mensile,31,10,3,2.0,5,0,2,9.4,0,1
C-01985,Pro,mensile,13,25,19,2.3,5,2,2,10.8,2,0
C-01986,Enterprise,mensile,12,170,79,4.1,10,0,1,13.7,0,0
C-01987,Basic,mensile,11,8,7,4.2,3,4,2,9.7,0,0
C-01988,Pro,mensile,35,20,15,3.4,4,5,2,6.8,1,0
C-01989,Enterprise,annuale,71,233,111,3.4,7,2,0,6.1,1,0
C-01990,Basic,annuale,36,5,3,3.3,3,2,0,13.6,0,0
C-01991,Basic,annuale,13,1,0,3.6,8,1,3,3.2,0,0
C-01992,Pro,mensile,34,5,3,4.2,6,0,4,27.4,0,0
C-01993,Basic,mensile,5,5,4,4.1,6,1,1,10.8,0,0
C-01994,Basic,mensile,16,9,4,3.2,4,2,0,8.2,0,0
C-01995,Pro,mensile,4,34,25,3.1,5,1,4,11.7,0,0
C-01996,Pro,mensile,13,48,27,3.1,7,3,0,7.0,2,0
C-01997,Basic,mensile,22,2,1,2.1,3,1,1,9.0,1,0
C-01998,Basic,mensile,80,6,3,2.1,7,1,1,5.1,2,0
C-01999,Pro,mensile,43,18,12,4.0,7,1,0,12.5,0,0
C-02000,Pro,mensile,4,25,9,2.2,6,2,1,9.5,0,0
