id_build,righe_modificate,file_modificati,moduli_toccati,numero_test,cache_hit,ora_giorno,giorno_settimana,runner,trigger,durata_minuti
10001,161,4,2,950,1,15,Mar,small,push,16.08
10002,132,5,2,1015,1,16,Lun,medium,push,12.1
10003,44,2,1,503,1,17,Lun,large,push,3.2
10004,256,9,3,1530,1,15,Mar,medium,push,12.2
10005,240,7,2,894,1,14,Ven,small,push,9.6
10006,72,4,1,837,0,10,Lun,medium,pull_request,11.78
10007,214,6,2,1144,1,12,Lun,small,pull_request,11.54
10008,56,5,2,859,1,8,Mer,medium,push,7.36
10009,60,9,2,860,1,16,Ven,medium,schedule,8.32
10010,281,9,2,877,0,22,Lun,medium,schedule,9.97
10011,193,6,2,1151,1,9,Gio,large,pull_request,6.08
10012,93,2,1,504,1,13,Lun,small,pull_request,6.41
10013,82,3,2,1072,0,16,Lun,medium,pull_request,15.38
10014,145,5,1,806,1,5,Ven,medium,push,5.95
10015,16,4,1,595,0,13,Gio,medium,push,7.59
10016,52,4,2,1053,1,17,Mer,large,push,4.32
10017,30,7,3,1220,0,11,Lun,medium,push,15.08
10018,122,3,2,1213,1,15,Mer,small,schedule,16.69
10019,397,11,3,1415,1,15,Lun,medium,schedule,12.81
10020,203,5,2,1109,0,16,Mar,medium,pull_request,14.53
10021,68,4,2,923,1,10,Gio,large,pull_request,5.53
10022,55,3,2,1085,1,10,Mer,medium,schedule,10.17
10023,52,1,1,735,1,3,Gio,medium,pull_request,4.58
10024,1083,30,5,1922,1,13,Lun,medium,push,14.16
10025,129,6,2,1039,1,10,Gio,medium,schedule,8.36
10026,149,5,2,864,1,15,Ven,large,pull_request,6.02
10027,12,3,1,727,1,14,Ven,medium,push,6.96
10028,33,3,1,844,0,17,Lun,medium,push,9.63
10029,114,4,1,821,1,17,Lun,medium,pull_request,5.07
10030,69,5,2,1033,1,11,Mer,small,push,15.65
10031,139,5,2,1178,1,11,Mer,medium,pull_request,12.38
10032,137,5,1,871,0,8,Ven,small,pull_request,11.46
10033,232,9,3,1363,0,16,Mar,large,push,12.8
10034,15,3,1,598,1,14,Mer,medium,push,4.9
10035,36,3,1,536,0,11,Lun,small,pull_request,10.29
10036,108,6,2,1083,1,16,Ven,medium,push,8.86
10037,59,6,2,961,1,11,Lun,large,pull_request,6.97
10038,85,6,2,1048,1,13,Ven,small,schedule,10.34
10039,135,4,1,833,0,13,Ven,small,pull_request,9.63
10040,53,4,2,849,0,11,Lun,medium,push,9.7
10041,148,5,2,948,1,17,Gio,medium,pull_request,7.24
10042,218,6,2,1026,1,16,Mar,small,schedule,11.74
10043,129,7,3,1464,1,14,Mar,medium,schedule,10.63
10044,265,7,2,1202,1,16,Mar,medium,push,12.42
10045,11,2,2,1156,1,9,Ven,large,push,6.29
10046,63,3,1,657,0,12,Mar,large,pull_request,7.42
10047,320,10,3,1386,1,15,Mar,small,push,17.93
10048,46,3,1,661,1,12,Mer,medium,pull_request,7.07
10049,40,2,2,858,0,16,Mar,medium,pull_request,11.01
10050,104,3,1,757,1,14,Lun,medium,schedule,5.66
10051,118,6,2,1150,1,12,Lun,small,push,11.26
10052,67,2,1,794,1,12,Lun,medium,pull_request,6.13
10053,912,25,6,2364,0,16,Mer,large,pull_request,17.62
10054,164,4,1,814,1,8,Gio,small,pull_request,7.37
10055,44,1,2,907,1,17,Gio,small,push,8.39
10056,25,2,2,993,1,8,Lun,medium,push,8.55
10057,187,8,3,1293,0,9,Gio,large,pull_request,9.18
10058,43,3,1,627,1,17,Mar,medium,pull_request,7.0
10059,1281,32,7,2937,1,12,Lun,small,pull_request,24.95
10060,192,5,1,653,0,13,Ven,large,push,4.68
10061,222,6,2,1108,1,12,Gio,medium,push,6.66
10062,158,5,1,861,1,9,Mer,medium,push,7.44
10063,412,12,3,1228,1,15,Lun,small,pull_request,14.11
10064,9,1,2,1175,1,16,Lun,small,pull_request,13.63
10065,32,3,1,520,0,10,Mer,medium,push,8.24
10066,374,9,2,1061,0,16,Ven,large,push,7.05
10067,625,18,4,1697,1,9,Gio,medium,push,13.23
10068,31,4,2,921,1,16,Lun,large,push,7.1
10069,16,1,1,722,1,16,Gio,medium,push,7.36
10070,144,9,3,1543,1,18,Mar,medium,schedule,9.79
10071,205,11,2,852,1,17,Lun,medium,push,6.96
10072,141,7,3,1233,0,17,Gio,medium,push,13.86
10073,112,6,2,1004,1,20,Mer,small,pull_request,10.42
10074,16,3,2,863,1,17,Gio,large,schedule,4.71
10075,79,4,2,954,1,17,Lun,small,pull_request,9.04
10076,94,5,2,971,0,10,Lun,large,push,5.24
10077,66,2,2,989,1,16,Mer,large,push,7.49
10078,15,1,1,739,0,15,Mer,small,push,12.26
10079,228,6,2,997,1,20,Mer,small,push,9.25
10080,311,14,4,1554,1,16,Gio,medium,pull_request,18.54
10081,50,6,2,1071,1,10,Gio,medium,pull_request,10.05
10082,98,3,1,591,0,10,Gio,medium,push,8.14
10083,69,3,1,480,1,11,Lun,small,pull_request,9.96
10084,70,2,1,795,1,13,Mar,large,pull_request,4.43
10085,206,5,1,646,0,15,Mer,medium,pull_request,9.48
10086,212,11,3,1437,1,10,Mer,medium,push,11.01
10087,391,11,3,1424,1,10,Mar,large,schedule,9.59
10088,383,13,4,1561,1,11,Ven,medium,push,15.74
10089,99,2,1,803,1,17,Lun,medium,push,5.53
10090,2735,69,12,4390,0,11,Ven,large,push,25.69
10091,660,19,4,1826,1,8,Gio,large,pull_request,9.91
10092,58,2,1,760,1,14,Mer,large,schedule,4.5
10093,138,4,2,875,1,1,Lun,large,push,5.54
10094,14,3,1,524,0,15,Mer,small,push,11.02
10095,124,5,2,1169,1,17,Lun,large,schedule,6.45
10096,756,20,5,1866,1,10,Ven,large,pull_request,10.44
10097,2558,65,12,4397,0,17,Mar,medium,schedule,37.49
10098,105,7,3,1579,0,16,Mar,medium,pull_request,13.19
10099,173,8,2,857,1,9,Gio,medium,pull_request,8.28
10100,234,8,2,1066,1,10,Lun,medium,push,9.66
10101,1059,28,6,2370,0,10,Mer,small,push,37.93
10102,41,4,1,645,1,10,Gio,medium,pull_request,7.23
10103,2227,59,11,4024,0,11,Lun,medium,push,42.55
10104,85,6,1,695,1,18,Lun,medium,push,6.4
10105,33,3,2,946,1,10,Mer,large,pull_request,7.92
10106,85,3,2,1067,1,19,Mer,small,push,12.26
10107,49,2,1,778,1,14,Mer,large,pull_request,3.19
10108,190,5,2,1017,1,14,Mar,medium,push,7.67
10109,19,1,2,823,1,15,Mar,large,pull_request,5.92
10110,140,8,3,1454,0,17,Mar,small,push,20.25
10111,249,8,2,1018,1,20,Mar,small,pull_request,9.85
10112,613,18,4,1802,1,0,Mer,medium,push,10.37
10113,254,8,2,1137,1,12,Mar,medium,push,9.14
10114,573,15,3,1251,1,10,Mer,medium,push,11.89
10115,62,6,2,848,1,9,Lun,medium,push,6.16
10116,185,10,2,999,1,9,Gio,medium,pull_request,7.19
10117,10,4,1,822,1,16,Lun,large,push,4.24
10118,106,4,1,592,1,7,Lun,medium,pull_request,5.47
10119,184,9,3,1352,1,17,Gio,small,push,12.45
10120,203,6,2,1146,0,16,Sab,large,pull_request,7.6
10121,21,2,2,1122,1,12,Dom,medium,pull_request,7.43
10122,78,4,2,1119,1,12,Mer,medium,push,7.77
10123,91,5,1,832,1,15,Mar,medium,push,7.18
10124,75,5,2,1157,1,2,Ven,small,push,10.59
10125,266,8,2,886,0,12,Gio,medium,push,7.83
10126,95,2,1,661,0,10,Sab,small,push,11.36
10127,134,4,2,1113,0,10,Mer,small,schedule,16.9
10128,70,6,2,1046,0,14,Mer,medium,push,6.91
10129,387,11,2,875,0,10,Lun,small,pull_request,13.2
10130,420,13,3,1456,1,12,Lun,large,schedule,8.2
10131,85,5,1,548,1,16,Gio,large,push,4.47
10132,2760,71,12,4454,1,15,Dom,small,pull_request,41.08
10133,52,3,1,857,0,11,Mer,medium,schedule,9.4
10134,363,11,2,1216,0,7,Lun,medium,push,11.51
10135,42,4,1,479,0,5,Mar,small,pull_request,10.87
10136,281,10,2,965,0,13,Lun,small,pull_request,14.36
10137,258,7,2,954,0,12,Ven,medium,pull_request,9.94
10138,39,2,1,693,1,17,Lun,small,pull_request,7.18
10139,104,5,2,1161,1,8,Lun,large,push,4.4
10140,936,24,4,1865,0,17,Mer,medium,push,17.9
10141,49,2,2,862,1,10,Mer,medium,pull_request,9.23
10142,187,6,2,1118,1,11,Gio,large,push,8.15
10143,174,6,1,483,1,17,Mar,small,pull_request,9.14
10144,115,4,2,1014,1,17,Ven,medium,push,6.24
10145,18,1,1,700,0,14,Mer,small,push,8.78
10146,299,8,3,1343,0,8,Lun,medium,pull_request,13.32
10147,122,6,1,814,1,15,Lun,medium,pull_request,7.67
10148,404,13,4,1764,1,16,Mer,small,pull_request,25.38
10149,155,5,2,1222,1,11,Mer,medium,schedule,9.97
10150,129,7,3,1347,1,10,Mer,medium,push,15.54
10151,181,7,2,967,1,14,Lun,small,pull_request,10.39
10152,40,3,2,1049,1,16,Lun,large,push,8.3
10153,666,20,5,1973,1,14,Lun,small,pull_request,13.08
10154,79,3,1,796,1,10,Gio,small,pull_request,11.3
10155,81,3,1,572,1,17,Mer,small,schedule,7.34
10156,497,14,4,1555,0,18,Lun,medium,push,10.52
10157,158,7,3,1370,1,15,Mer,large,pull_request,8.15
10158,93,8,2,1095,1,8,Ven,large,push,4.46
10159,189,7,3,1388,0,10,Lun,medium,pull_request,13.77
10160,239,7,2,833,1,15,Lun,medium,pull_request,9.13
10161,105,8,3,1186,0,16,Mar,large,pull_request,9.43
10162,331,8,3,1472,1,13,Mar,medium,pull_request,10.49
10163,30,2,2,1229,1,11,Lun,large,pull_request,7.21
10164,160,5,1,551,1,18,Ven,small,push,10.5
10165,289,8,3,1557,0,12,Gio,medium,pull_request,13.28
10166,238,10,2,1012,0,18,Gio,small,pull_request,13.73
10167,10,4,1,536,1,14,Ven,medium,pull_request,5.32
10168,104,7,2,930,0,15,Lun,large,schedule,7.84
10169,32,4,2,1219,1,9,Ven,medium,push,6.32
10170,494,14,4,1627,1,11,Sab,medium,push,12.58
10171,78,6,2,1159,1,21,Mer,medium,pull_request,9.56
10172,437,13,4,1780,1,16,Ven,medium,push,18.6
10173,31,4,2,1155,1,13,Gio,large,pull_request,6.05
10174,184,7,2,979,1,14,Mar,small,schedule,9.95
10175,121,4,2,851,1,8,Mar,small,pull_request,9.99
10176,2510,65,11,4169,1,17,Gio,medium,pull_request,35.89
10177,438,13,4,1891,1,8,Mer,medium,schedule,11.77
10178,409,14,4,1929,1,12,Mar,medium,push,10.25
10179,1117,29,5,2018,1,12,Lun,small,push,27.77
10180,164,6,1,534,1,15,Lun,medium,pull_request,5.6
10181,108,5,1,564,1,12,Lun,medium,pull_request,4.14
10182,95,4,1,618,1,20,Mar,medium,pull_request,5.67
10183,172,5,2,1206,1,17,Lun,small,push,12.17
10184,6,4,1,683,1,20,Lun,small,push,8.25
10185,120,4,1,680,1,14,Ven,medium,push,6.46
10186,154,5,2,1135,1,11,Mer,medium,push,9.64
10187,101,5,1,533,1,21,Ven,small,pull_request,7.01
10188,22,6,1,586,1,8,Lun,large,pull_request,3.33
10189,102,4,1,782,1,19,Mar,large,push,4.28
10190,22,4,1,626,0,9,Gio,small,push,10.07
10191,844,23,4,1747,1,17,Sab,medium,push,14.07
10192,90,3,1,805,1,16,Gio,medium,push,6.61
10193,12,2,1,760,0,15,Ven,medium,pull_request,7.33
10194,96,4,2,1048,1,16,Lun,medium,schedule,10.72
10195,321,10,2,852,1,8,Mar,medium,pull_request,6.62
10196,146,6,1,807,1,12,Ven,medium,push,5.3
10197,44,2,2,837,0,11,Mer,small,push,11.28
10198,57,3,2,823,1,21,Lun,medium,pull_request,8.23
10199,88,5,2,908,1,13,Lun,medium,pull_request,7.31
10200,74,4,2,931,1,7,Gio,small,push,10.74
10201,30,4,1,781,1,10,Lun,medium,push,7.85
10202,111,4,1,709,1,17,Mer,small,pull_request,8.31
10203,28,3,2,1199,0,18,Lun,medium,pull_request,9.7
10204,341,11,2,868,1,19,Lun,small,push,10.04
10205,390,11,3,1570,1,9,Mar,medium,pull_request,8.97
10206,40,2,1,664,0,16,Lun,medium,pull_request,6.53
10207,55,4,1,712,1,12,Gio,medium,push,7.95
10208,75,3,2,828,1,16,Lun,medium,pull_request,8.44
10209,116,4,2,1109,1,17,Gio,medium,push,7.26
10210,159,5,2,1014,0,10,Mer,large,push,7.32
10211,200,6,1,764,1,14,Mar,medium,pull_request,7.11
10212,195,5,2,1183,1,11,Mer,medium,push,10.39
10213,663,18,3,1253,1,13,Mar,large,pull_request,5.95
10214,128,7,3,1549,1,11,Lun,medium,schedule,11.84
10215,29,3,2,1007,1,11,Mar,medium,push,9.52
10216,20,1,2,927,1,11,Mer,medium,push,8.23
10217,725,20,4,1810,0,11,Lun,medium,push,22.48
10218,210,7,3,1171,0,15,Gio,small,push,26.97
10219,151,5,2,1092,0,15,Mar,medium,pull_request,11.37
10220,197,7,2,1183,1,18,Lun,medium,push,7.8
10221,143,5,2,888,1,12,Lun,medium,push,6.2
10222,193,9,3,1404,1,15,Lun,small,pull_request,16.25
10223,80,4,2,1117,1,20,Mar,large,pull_request,4.03
10224,383,11,3,1385,0,13,Mar,medium,schedule,14.65
10225,67,2,2,1199,1,16,Lun,medium,push,8.18
10226,44,2,2,1170,1,20,Mer,small,pull_request,9.75
10227,19,1,2,918,0,17,Lun,medium,push,8.83
10228,92,2,2,989,1,8,Ven,small,pull_request,12.56
10229,484,13,4,1770,0,10,Mer,medium,schedule,16.63
10230,73,3,2,989,1,11,Gio,large,pull_request,6.19
10231,26,2,2,969,0,16,Mer,medium,pull_request,11.65
10232,164,9,3,1495,0,15,Lun,large,pull_request,9.66
10233,59,3,1,500,1,9,Mer,medium,pull_request,4.85
10234,659,16,4,1730,1,13,Mar,small,push,13.17
10235,391,12,2,967,1,12,Mer,large,pull_request,4.96
10236,30,3,2,1111,0,16,Ven,large,schedule,9.92
10237,99,3,1,850,1,10,Mar,medium,pull_request,8.79
10238,52,6,1,849,0,10,Lun,small,push,12.27
10239,33,3,2,962,0,15,Gio,medium,pull_request,9.57
10240,113,5,1,622,1,8,Lun,small,pull_request,7.39
10241,295,9,2,859,1,15,Gio,large,push,5.02
10242,110,5,2,1181,1,13,Gio,medium,push,7.77
10243,68,2,2,957,1,14,Gio,small,push,9.41
10244,11,1,2,945,1,17,Lun,small,pull_request,9.2
10245,58,3,1,626,1,10,Lun,small,push,9.21
10246,220,7,3,1556,1,10,Mer,medium,push,13.65
10247,27,3,2,1226,1,18,Mar,small,schedule,9.62
10248,492,13,3,1288,1,16,Ven,medium,push,13.78
10249,63,4,2,1080,1,11,Mer,medium,push,11.21
10250,148,5,2,913,1,16,Mer,medium,push,12.37
10251,77,4,1,652,0,13,Lun,medium,pull_request,7.18
10252,33,3,1,757,1,15,Mer,small,schedule,12.66
10253,195,6,2,1045,1,17,Mar,small,pull_request,12.4
10254,62,3,2,1177,0,7,Mer,medium,pull_request,10.03
10255,48,2,2,1041,0,15,Mar,large,push,6.73
10256,9,1,2,1113,1,11,Mer,medium,push,10.88
10257,503,15,3,1346,0,14,Ven,small,pull_request,18.3
10258,121,5,2,1104,1,11,Lun,medium,push,12.66
10259,405,13,4,1845,0,19,Mar,small,push,23.73
10260,237,10,3,1550,1,15,Gio,medium,push,14.76
10261,405,12,2,966,1,17,Gio,medium,schedule,7.05
10262,65,3,2,1059,0,10,Mar,large,push,8.48
10263,27,3,2,1076,1,11,Mar,medium,schedule,7.03
10264,278,10,2,1180,1,17,Gio,medium,pull_request,8.96
10265,138,7,2,892,0,10,Mer,small,push,18.81
10266,72,4,2,825,1,23,Mar,small,push,11.55
10267,272,7,2,869,1,15,Lun,small,push,11.86
10268,168,4,1,521,1,18,Gio,large,push,2.76
10269,242,8,2,929,0,9,Mar,large,push,6.05
10270,39,3,1,602,1,12,Mer,small,pull_request,7.29
10271,352,14,3,1209,1,11,Gio,large,pull_request,8.43
10272,119,6,2,1198,1,20,Mer,medium,push,5.95
10273,396,11,3,1485,1,9,Mar,medium,schedule,9.93
10274,348,11,2,889,1,16,Mar,large,push,5.49
10275,255,9,2,969,1,15,Gio,large,schedule,8.12
10276,106,4,2,986,1,17,Ven,medium,pull_request,5.15
10277,262,9,3,1521,0,21,Ven,medium,pull_request,14.63
10278,407,12,2,830,0,17,Gio,medium,pull_request,9.24
10279,234,6,2,1173,1,10,Mer,small,push,10.5
10280,150,8,2,861,1,17,Ven,medium,pull_request,8.92
10281,263,11,3,1401,1,14,Mar,large,pull_request,8.23
10282,67,2,1,721,1,15,Ven,small,pull_request,12.08
10283,635,18,4,1603,1,11,Mer,medium,pull_request,14.53
10284,19,1,1,492,1,17,Mer,medium,push,4.39
10285,125,5,2,980,1,13,Lun,medium,schedule,7.39
10286,77,3,1,818,1,17,Mer,small,schedule,9.24
10287,59,1,1,696,0,12,Mar,large,pull_request,4.5
10288,168,9,3,1525,1,15,Mar,medium,pull_request,10.87
10289,35,2,1,618,1,9,Mer,small,pull_request,8.01
10290,1280,34,7,2818,1,9,Ven,medium,pull_request,19.03
10291,27,3,1,815,0,19,Gio,small,push,11.75
10292,42,4,1,600,0,16,Mar,small,schedule,14.5
10293,38,5,1,875,1,10,Gio,medium,push,8.84
10294,149,6,2,1162,1,15,Mer,medium,pull_request,8.4
10295,366,9,2,1068,1,16,Mar,medium,push,9.96
10296,214,6,2,1029,1,15,Ven,small,push,14.14
10297,606,18,3,1225,1,13,Lun,medium,pull_request,10.72
10298,48,3,2,899,1,17,Gio,large,pull_request,5.51
10299,248,6,1,823,1,7,Mar,large,push,4.41
10300,86,3,2,968,1,15,Ven,small,pull_request,11.73
10301,154,8,3,1529,0,13,Gio,medium,push,14.32
10302,406,11,3,1296,1,15,Mer,small,pull_request,17.49
10303,19,1,1,568,1,11,Lun,medium,push,6.67
10304,1072,33,6,2455,0,10,Lun,large,push,16.74
10305,102,6,2,949,1,21,Lun,medium,push,9.83
10306,20,4,1,621,1,17,Gio,medium,push,5.51
10307,56,2,1,642,0,18,Mer,large,pull_request,4.68
10308,134,4,1,789,1,16,Mar,small,push,11.01
10309,56,4,1,797,0,8,Mar,medium,pull_request,7.18
10310,13,2,2,1082,1,15,Mar,small,pull_request,10.83
10311,133,5,2,1190,0,12,Gio,small,push,14.62
10312,54,1,1,550,1,11,Mar,medium,schedule,5.13
10313,246,8,3,1431,0,10,Gio,small,pull_request,21.71
10314,37,1,2,997,1,10,Gio,small,push,9.98
10315,1444,40,8,3072,1,9,Mar,small,pull_request,20.49
10316,211,8,2,1112,1,9,Mar,large,push,6.07
10317,149,5,1,603,1,16,Mer,small,push,8.06
10318,238,9,2,902,1,19,Ven,medium,push,7.7
10319,16,2,1,656,1,12,Lun,small,push,7.78
10320,69,4,1,535,1,9,Mar,large,push,3.63
10321,853,21,4,1747,1,10,Mer,small,push,19.58
10322,84,5,2,1098,1,16,Mar,medium,pull_request,9.4
10323,112,8,2,873,1,11,Mar,medium,pull_request,7.84
10324,72,3,1,628,0,15,Mer,medium,push,9.75
10325,601,17,3,1280,0,10,Lun,large,push,10.29
10326,92,4,2,854,1,16,Mer,small,push,11.51
10327,30,2,2,863,0,15,Ven,small,push,16.75
10328,2047,53,10,3840,0,10,Ven,medium,pull_request,37.65
10329,26,2,1,697,1,19,Mer,medium,pull_request,4.26
10330,108,6,1,688,1,14,Mar,large,push,3.39
10331,48,4,1,481,1,10,Mar,small,pull_request,9.96
10332,55,4,2,842,1,14,Mar,large,push,4.77
10333,37,4,1,528,0,12,Mer,small,push,9.26
10334,66,3,2,1136,1,18,Lun,small,pull_request,11.38
10335,354,12,3,1436,1,11,Mar,medium,pull_request,16.11
10336,15,4,2,1020,1,18,Lun,medium,pull_request,5.34
10337,480,13,4,1522,1,16,Lun,small,pull_request,18.79
10338,397,12,2,819,0,16,Gio,large,push,8.26
10339,210,8,3,1321,0,10,Dom,small,schedule,16.37
10340,138,4,2,1180,0,8,Gio,large,schedule,7.86
10341,163,8,3,1224,1,17,Mar,small,push,13.99
10342,574,17,4,1779,1,14,Mar,small,pull_request,16.25
10343,18,2,1,709,0,20,Mer,large,push,3.75
10344,267,7,3,1550,1,14,Ven,small,schedule,20.65
10345,53,4,2,941,0,15,Gio,medium,schedule,11.11
10346,298,8,2,938,1,23,Lun,large,push,5.27
10347,61,4,2,1063,1,16,Mer,small,push,15.89
10348,261,14,4,1676,1,11,Lun,medium,pull_request,13.15
10349,22,2,1,544,0,17,Mar,medium,push,7.7
10350,19,1,2,1093,1,11,Ven,small,pull_request,12.63
10351,106,3,1,852,0,14,Ven,small,push,14.09
10352,582,17,3,1524,1,10,Mar,small,pull_request,19.69
10353,216,7,2,838,1,22,Gio,medium,push,6.29
10354,215,8,3,1492,0,19,Mar,medium,pull_request,17.12
10355,309,13,3,1454,1,18,Lun,medium,pull_request,10.78
10356,78,2,1,739,1,12,Ven,medium,pull_request,5.3
10357,235,7,3,1351,1,16,Gio,medium,pull_request,9.49
10358,63,4,1,790,0,10,Mar,large,pull_request,7.11
10359,85,3,1,717,1,12,Gio,medium,pull_request,7.06
10360,97,2,2,882,1,17,Lun,large,push,5.14
10361,66,3,1,526,0,8,Mer,medium,push,6.72
10362,112,5,1,777,1,7,Sab,large,pull_request,5.3
10363,91,3,2,976,1,15,Gio,large,push,6.94
10364,55,2,1,701,0,16,Mer,medium,pull_request,7.91
10365,103,3,1,782,0,12,Mar,medium,push,6.74
10366,142,6,2,923,1,15,Gio,small,push,13.59
10367,36,5,2,1202,0,18,Ven,medium,pull_request,10.53
10368,190,6,2,924,0,9,Lun,medium,pull_request,10.84
10369,70,3,2,1003,1,17,Lun,medium,push,7.73
10370,149,8,2,915,1,15,Mar,small,pull_request,13.81
10371,58,4,1,757,0,12,Mer,large,schedule,5.3
10372,381,12,2,874,1,7,Mar,small,push,11.86
10373,344,13,4,1663,1,12,Mer,medium,schedule,12.57
10374,38,2,1,595,1,17,Mar,large,pull_request,3.53
10375,214,6,2,1116,1,14,Sab,small,push,10.79
10376,589,16,3,1192,1,10,Mar,medium,pull_request,12.28
10377,42,1,1,727,1,10,Gio,medium,pull_request,7.26
10378,46,5,2,1090,0,17,Ven,large,pull_request,8.01
10379,269,9,2,1129,1,12,Mer,large,push,5.82
10380,28,2,1,672,1,9,Lun,medium,push,4.44
10381,51,1,2,1088,1,20,Ven,large,push,4.45
10382,39,2,2,869,0,10,Mar,medium,pull_request,10.38
10383,273,12,3,1376,1,17,Mer,medium,pull_request,10.61
10384,56,7,2,1119,1,2,Lun,medium,schedule,6.91
10385,88,4,2,918,1,10,Mar,medium,push,9.71
10386,53,2,2,894,1,11,Mer,small,pull_request,10.78
10387,424,11,2,932,0,17,Gio,medium,pull_request,10.1
10388,47,3,1,684,1,16,Ven,small,pull_request,10.36
10389,26,4,1,487,1,11,Mer,small,schedule,7.14
10390,24,2,2,1191,0,17,Mar,large,pull_request,7.2
10391,257,8,3,1415,1,17,Mer,medium,push,12.28
10392,279,9,3,1480,1,14,Lun,medium,pull_request,9.61
10393,474,16,3,1504,1,14,Lun,medium,schedule,10.39
10394,30,3,2,1056,0,14,Mar,medium,push,9.59
10395,93,2,1,776,0,10,Lun,small,pull_request,13.03
10396,1733,46,8,3157,1,17,Lun,medium,pull_request,21.02
10397,86,5,2,1120,1,16,Lun,large,pull_request,6.73
10398,65,4,2,857,1,17,Lun,small,pull_request,7.52
10399,117,5,1,803,1,17,Gio,small,pull_request,9.12
10400,215,6,1,626,1,17,Mar,medium,push,4.78
10401,211,8,2,1009,1,16,Ven,medium,push,9.98
10402,61,4,2,933,1,19,Ven,medium,push,7.84
10403,63,4,1,650,1,15,Ven,medium,pull_request,7.27
10404,87,6,2,1023,1,17,Mar,large,push,4.54
10405,54,5,1,629,0,17,Mar,small,pull_request,9.87
10406,31,2,1,834,1,11,Mer,small,pull_request,10.28
10407,877,25,5,2075,0,14,Mer,medium,push,16.78
10408,77,4,2,1137,1,16,Lun,medium,push,13.28
10409,82,3,1,854,1,9,Mar,small,pull_request,7.6
10410,84,3,1,736,1,14,Mer,medium,push,6.25
10411,110,4,2,952,0,0,Gio,medium,push,11.43
10412,194,9,3,1435,0,10,Mar,medium,push,16.0
10413,72,5,1,464,1,13,Mar,medium,push,4.41
10414,420,11,2,1115,1,11,Mer,small,push,13.26
10415,232,10,2,825,1,16,Gio,medium,push,7.03
10416,97,2,1,652,1,15,Gio,large,push,4.9
10417,58,3,1,579,1,11,Gio,medium,push,6.65
10418,396,11,3,1516,0,3,Mer,medium,pull_request,12.44
10419,100,3,2,1083,1,10,Mar,medium,push,11.82
10420,31,1,2,1051,0,14,Mar,medium,push,9.17
10421,369,13,3,1440,1,16,Lun,large,pull_request,6.86
10422,54,1,1,765,1,15,Mar,medium,pull_request,9.19
10423,312,9,2,880,1,8,Ven,small,pull_request,8.54
10424,8,1,1,469,0,13,Mer,small,pull_request,9.18
10425,80,5,2,1197,1,20,Mer,small,push,12.41
10426,430,13,4,1742,1,18,Mar,small,pull_request,16.21
10427,121,5,1,734,1,16,Mer,medium,schedule,8.46
10428,232,8,3,1302,1,11,Lun,small,push,16.4
10429,44,5,2,1157,1,4,Mar,medium,push,7.45
10430,176,6,1,468,1,13,Mer,medium,push,3.68
10431,120,5,2,991,0,12,Lun,small,schedule,10.05
10432,157,4,1,725,0,15,Mar,small,push,19.54
10433,1131,28,5,2054,0,8,Lun,small,schedule,29.8
10434,504,19,5,2250,0,19,Lun,medium,pull_request,21.8
10435,287,12,2,839,1,16,Mar,medium,pull_request,12.97
10436,291,8,2,1114,1,20,Gio,medium,push,7.67
10437,44,1,1,833,1,17,Mar,small,push,8.4
10438,71,4,2,846,1,12,Lun,large,push,3.73
10439,22,2,2,1081,0,15,Mar,medium,pull_request,11.22
10440,30,1,2,852,0,17,Mar,medium,pull_request,8.19
10441,45,2,2,1072,1,10,Gio,medium,pull_request,8.93
10442,116,3,2,957,1,1,Gio,small,push,11.93
10443,31,1,2,1145,1,11,Gio,medium,pull_request,10.87
10444,115,5,1,546,1,13,Mer,medium,push,5.99
10445,101,4,1,618,1,15,Gio,small,pull_request,7.95
10446,34,1,1,478,0,11,Mar,small,push,10.88
10447,643,16,4,1829,1,13,Gio,medium,schedule,13.01
10448,28,5,2,840,0,15,Mar,medium,pull_request,14.12
10449,410,14,4,1787,1,17,Mer,large,pull_request,8.45
10450,10,3,1,602,1,10,Gio,medium,push,6.42
10451,103,3,2,1175,1,17,Gio,large,pull_request,6.61
10452,32,3,1,542,1,19,Mar,small,push,6.84
10453,58,1,1,728,1,12,Ven,medium,push,6.2
10454,879,23,4,1593,1,14,Mer,medium,push,12.69
10455,82,4,2,835,1,1,Mer,large,push,4.4
10456,36,2,1,817,1,16,Mer,medium,push,6.83
10457,205,6,1,829,1,18,Gio,medium,pull_request,6.28
10458,81,5,1,878,1,3,Ven,small,pull_request,8.26
10459,142,8,3,1265,0,17,Gio,medium,push,9.07
10460,44,2,1,798,1,9,Mar,medium,push,6.64
10461,46,3,1,664,1,17,Mer,small,push,8.38
10462,50,2,1,570,0,14,Mar,medium,schedule,5.82
10463,289,11,2,956,1,12,Gio,medium,pull_request,6.59
10464,94,5,2,899,0,19,Dom,medium,pull_request,9.53
10465,38,2,1,716,1,15,Ven,medium,pull_request,9.21
10466,143,5,1,710,0,7,Mer,medium,pull_request,8.45
10467,131,8,2,878,1,16,Mar,small,push,14.6
10468,226,7,3,1489,0,10,Mer,medium,push,14.76
10469,71,3,2,1025,0,19,Mar,large,pull_request,6.88
10470,110,4,2,1085,1,10,Dom,small,push,10.52
10471,191,6,2,876,1,13,Lun,large,push,4.43
10472,40,1,2,1144,0,14,Gio,large,pull_request,6.9
10473,318,8,2,978,1,14,Mar,small,pull_request,9.34
10474,122,5,2,996,1,14,Gio,small,push,9.23
10475,36,1,2,870,1,13,Ven,medium,pull_request,6.36
10476,35,2,2,1228,1,16,Mer,large,push,6.7
10477,108,4,1,671,0,9,Mer,small,push,9.78
10478,66,4,1,786,1,17,Lun,large,push,3.05
10479,275,9,3,1396,1,7,Lun,small,pull_request,11.68
10480,88,5,1,485,1,17,Mer,medium,push,6.24
10481,167,7,2,1094,0,16,Mar,large,pull_request,8.51
10482,47,3,2,968,1,17,Mer,medium,push,7.79
10483,117,6,2,1076,1,11,Mar,medium,push,10.17
10484,510,17,4,1735,1,17,Lun,small,push,16.17
10485,102,4,1,787,1,16,Gio,medium,pull_request,6.58
10486,65,6,1,554,1,20,Ven,large,schedule,3.31
10487,46,5,1,862,1,3,Ven,small,push,11.62
10488,118,5,2,987,1,17,Lun,medium,pull_request,6.77
10489,566,15,4,1802,0,15,Mar,large,push,17.51
10490,27,2,2,1077,0,22,Mar,medium,push,8.74
10491,114,5,2,1034,0,13,Ven,large,push,6.26
10492,18,4,2,1029,0,11,Mer,large,push,8.06
10493,76,3,1,728,1,18,Ven,small,pull_request,7.86
10494,160,7,2,1162,0,11,Ven,medium,pull_request,10.81
10495,21,2,2,919,1,16,Mar,medium,pull_request,8.67
10496,74,2,2,943,0,11,Mer,medium,pull_request,8.98
10497,165,4,1,843,0,19,Mar,medium,pull_request,8.21
10498,139,3,1,854,1,14,Mer,small,push,9.12
10499,174,5,2,968,1,11,Dom,medium,push,8.2
10500,41,3,1,610,1,17,Lun,medium,push,4.92
10501,165,7,3,1464,0,8,Gio,medium,push,13.53
10502,62,6,1,829,1,9,Mar,medium,push,6.5
10503,263,9,2,1203,1,17,Gio,medium,push,8.47
10504,9,2,1,566,0,11,Lun,medium,pull_request,10.74
10505,87,2,2,893,1,10,Mer,medium,push,9.33
10506,134,6,2,1027,1,15,Gio,large,pull_request,6.12
10507,529,16,3,1246,1,10,Mer,medium,push,14.88
10508,132,4,2,1202,1,22,Ven,large,push,6.12
10509,148,5,2,961,1,17,Gio,medium,push,9.51
10510,181,7,3,1277,1,18,Lun,large,pull_request,4.79
10511,476,16,4,1926,1,17,Mar,small,pull_request,16.53
10512,79,4,1,805,1,18,Mar,medium,pull_request,5.77
10513,26,2,1,831,0,11,Mar,small,schedule,9.7
10514,21,4,2,1027,0,15,Mar,medium,push,11.68
10515,249,15,4,1829,1,18,Lun,large,pull_request,7.73
10516,153,5,2,997,1,16,Ven,medium,pull_request,6.87
10517,91,6,1,490,0,23,Sab,medium,schedule,5.65
10518,63,9,3,1431,1,17,Lun,medium,push,11.58
10519,146,5,1,499,0,8,Gio,small,pull_request,10.46
10520,151,5,1,556,0,14,Mar,large,pull_request,4.24
10521,203,6,1,583,0,11,Mer,small,push,10.91
10522,35,3,1,738,1,18,Lun,small,push,9.14
10523,17,1,2,1115,1,19,Mar,small,push,7.95
10524,44,1,2,886,1,14,Mar,large,pull_request,5.25
10525,27,7,3,1459,1,8,Gio,medium,schedule,7.18
10526,26,3,2,1093,1,11,Mer,medium,pull_request,12.1
10527,675,18,4,1750,1,10,Gio,medium,push,16.61
10528,10,4,2,1077,1,14,Lun,small,push,7.95
10529,201,6,1,644,1,21,Mer,small,push,7.48
10530,325,10,2,859,1,11,Lun,small,pull_request,13.2
10531,356,10,3,1244,1,16,Lun,medium,push,8.53
10532,163,5,1,509,1,17,Mar,small,pull_request,7.13
10533,513,13,3,1355,1,17,Lun,medium,push,10.55
10534,853,24,4,1760,0,9,Gio,medium,push,11.79
10535,86,4,2,875,0,10,Mer,medium,push,12.24
10536,196,7,2,857,0,10,Gio,large,push,7.72
10537,488,15,4,1790,1,11,Lun,small,pull_request,23.89
10538,46,2,2,1071,0,7,Mar,medium,pull_request,9.01
10539,92,3,2,1201,1,14,Mer,small,pull_request,9.61
10540,60,6,2,1226,0,16,Lun,large,push,7.29
10541,199,6,1,869,1,10,Lun,large,pull_request,5.38
10542,15,1,2,855,0,15,Lun,small,push,14.45
10543,583,15,3,1320,1,14,Ven,small,push,16.09
10544,216,8,2,993,1,9,Mer,small,pull_request,10.07
10545,230,10,2,1117,1,10,Lun,small,push,11.02
10546,9,2,1,844,1,10,Mer,small,pull_request,9.91
10547,38,4,2,1172,1,14,Ven,small,pull_request,8.75
10548,618,18,4,1895,0,15,Lun,small,pull_request,29.36
10549,99,4,2,822,1,11,Mar,small,push,12.84
10550,18,1,2,828,0,9,Sab,medium,push,9.41
10551,153,5,1,638,0,11,Ven,small,pull_request,11.75
10552,253,9,3,1476,1,7,Mer,medium,push,8.86
10553,215,6,2,953,0,16,Lun,large,pull_request,7.6
10554,102,5,2,915,1,16,Mar,medium,pull_request,8.7
10555,418,16,3,1272,1,15,Ven,small,push,15.21
10556,55,2,2,1118,1,15,Gio,large,push,8.57
10557,217,8,3,1467,0,11,Mar,medium,push,14.51
10558,139,4,1,628,1,9,Lun,small,push,7.59
10559,104,5,2,843,1,15,Lun,medium,schedule,7.6
10560,79,2,2,910,1,16,Gio,small,pull_request,10.99
10561,82,3,1,612,0,17,Gio,medium,pull_request,5.57
10562,124,6,2,1026,0,16,Mar,medium,push,10.05
10563,87,4,2,980,1,15,Mer,medium,push,12.02
10564,269,8,2,879,1,17,Gio,large,push,5.45
10565,67,6,1,835,1,16,Gio,medium,schedule,7.27
10566,674,19,4,1669,0,19,Mar,small,pull_request,19.39
10567,63,6,1,562,1,1,Ven,medium,push,6.21
10568,330,10,2,992,0,9,Lun,medium,schedule,8.67
10569,346,9,2,1114,1,15,Mer,medium,push,7.86
10570,144,5,2,1208,1,12,Mar,medium,pull_request,8.75
10571,131,5,2,1005,1,11,Gio,medium,pull_request,8.06
10572,54,1,2,1028,0,16,Mer,large,pull_request,6.64
10573,68,3,2,942,0,14,Lun,small,schedule,10.63
10574,153,7,2,1108,1,14,Mer,large,pull_request,5.82
10575,114,4,2,1092,0,7,Mer,small,push,13.22
10576,441,14,3,1239,1,13,Mer,medium,pull_request,8.02
10577,73,3,1,681,1,15,Lun,medium,pull_request,7.5
10578,78,7,3,1571,0,11,Lun,medium,push,13.52
10579,19,1,1,551,1,10,Ven,medium,schedule,4.95
10580,244,9,2,1034,0,14,Lun,medium,pull_request,8.0
10581,221,7,3,1438,0,18,Mer,medium,push,12.21
10582,352,11,2,855,0,9,Mar,large,push,5.85
10583,374,10,3,1388,1,11,Gio,small,push,17.28
10584,286,8,3,1408,0,8,Mer,medium,push,14.46
10585,299,12,2,1013,1,11,Gio,medium,pull_request,8.75
10586,235,7,2,966,1,16,Gio,medium,pull_request,13.86
10587,278,9,2,1139,1,11,Mer,small,push,14.78
10588,16,1,1,578,1,12,Ven,small,pull_request,7.02
10589,36,2,2,1037,1,19,Gio,small,push,8.46
10590,30,5,1,612,1,11,Gio,medium,schedule,6.27
10591,485,15,4,1847,1,14,Gio,medium,pull_request,11.65
10592,51,3,1,648,1,19,Mer,small,push,8.54
10593,60,5,1,621,0,14,Gio,medium,push,6.14
10594,121,5,1,574,1,10,Mer,small,schedule,9.88
10595,31,5,2,1038,1,9,Ven,large,push,5.2
10596,182,6,1,790,0,18,Ven,medium,pull_request,8.84
10597,12,4,2,1069,0,18,Mer,small,push,15.14
10598,33,2,1,538,0,10,Mer,small,push,11.69
10599,149,5,2,814,1,15,Mar,large,pull_request,6.65
10600,31,3,2,866,1,10,Ven,medium,push,10.03
10601,501,16,4,1877,1,10,Gio,medium,pull_request,16.56
10602,126,3,2,842,0,18,Ven,medium,schedule,9.12
10603,417,14,3,1238,1,12,Mer,medium,pull_request,9.84
10604,178,8,2,990,0,10,Gio,large,push,10.48
10605,118,7,3,1264,0,14,Lun,large,pull_request,8.03
10606,40,4,2,863,1,17,Mer,small,pull_request,10.59
10607,333,8,3,1239,1,17,Mar,medium,push,8.25
10608,195,7,2,822,1,15,Mer,large,push,7.53
10609,1189,30,6,2426,1,17,Mar,small,push,24.52
10610,298,11,3,1298,1,16,Mar,large,push,7.72
10611,78,4,2,946,1,20,Gio,medium,pull_request,7.05
10612,165,5,1,861,1,15,Mer,medium,pull_request,7.69
10613,191,7,2,1200,1,15,Mar,large,pull_request,7.17
10614,431,13,3,1166,1,18,Gio,medium,pull_request,9.32
10615,514,14,4,1884,1,11,Lun,small,pull_request,20.84
10616,100,4,1,498,1,14,Mar,medium,push,3.93
10617,32,1,1,703,1,17,Mar,medium,push,7.32
10618,16,1,1,699,1,21,Lun,medium,pull_request,5.8
10619,34,3,1,701,0,12,Ven,small,push,10.1
10620,63,3,1,661,1,15,Gio,medium,pull_request,6.84
10621,628,20,5,2146,1,17,Gio,large,pull_request,11.19
10622,638,20,4,1562,1,14,Mer,large,push,7.98
10623,345,11,2,993,1,12,Mar,small,push,10.28
10624,464,17,4,1872,1,8,Gio,large,push,8.19
10625,55,3,2,1047,1,10,Gio,small,push,15.72
10626,23,1,1,756,1,11,Mer,medium,pull_request,7.45
10627,40,1,1,514,0,12,Mer,medium,schedule,6.25
10628,13,3,1,669,0,16,Mar,large,push,5.54
10629,35,1,2,858,1,10,Lun,large,pull_request,5.63
10630,69,6,2,1014,1,8,Lun,large,pull_request,6.05
10631,144,8,3,1297,1,15,Gio,small,push,13.81
10632,139,6,1,789,1,1,Mar,medium,push,6.71
10633,56,4,2,1121,1,19,Gio,medium,push,8.57
10634,224,7,2,855,0,10,Mer,medium,pull_request,11.69
10635,57,2,1,631,1,17,Mer,large,pull_request,3.67
10636,121,8,3,1544,0,12,Mer,medium,pull_request,9.82
10637,35,3,1,473,1,23,Lun,medium,pull_request,5.31
10638,397,11,2,875,0,14,Ven,small,pull_request,10.57
10639,123,4,2,1190,1,20,Mar,medium,push,8.25
10640,253,7,3,1348,1,13,Gio,small,push,13.26
10641,31,2,2,1079,1,16,Mar,small,pull_request,14.77
10642,145,6,1,570,1,8,Mer,large,push,3.25
10643,225,7,2,976,1,13,Mer,medium,pull_request,6.47
10644,13,1,1,745,1,11,Mar,small,push,10.86
10645,434,13,3,1286,0,17,Mar,medium,push,11.9
10646,30,2,2,1162,0,14,Mer,small,pull_request,9.94
10647,151,5,2,1194,1,15,Ven,small,pull_request,14.17
10648,857,24,5,2128,1,10,Mer,large,pull_request,16.33
10649,343,15,4,1632,0,9,Lun,small,push,21.67
10650,23,6,2,920,0,16,Mar,small,push,12.81
10651,99,5,1,493,1,13,Sab,small,pull_request,7.47
10652,466,13,3,1465,1,12,Lun,medium,pull_request,11.73
10653,49,5,1,817,1,20,Gio,small,push,6.52
10654,81,4,2,1192,1,9,Mar,medium,push,7.66
10655,78,6,2,1209,0,15,Mer,large,pull_request,10.53
10656,225,8,3,1242,1,8,Mar,medium,pull_request,7.15
10657,22,5,2,1104,1,16,Ven,small,push,12.75
10658,239,10,2,924,1,14,Mer,large,schedule,4.94
10659,60,4,2,882,1,16,Mar,medium,push,8.08
10660,119,5,2,1039,1,16,Mer,large,push,8.08
10661,94,4,1,754,1,9,Lun,small,push,9.89
10662,232,6,2,1124,1,11,Ven,small,push,13.35
10663,117,5,1,676,1,10,Mar,small,pull_request,8.48
10664,585,18,4,1564,1,15,Ven,medium,push,17.02
10665,356,10,3,1212,0,10,Gio,medium,push,16.49
10666,50,3,1,481,0,14,Lun,medium,push,6.18
10667,539,13,4,1837,1,13,Ven,medium,push,13.39
10668,171,4,2,1052,0,15,Dom,medium,push,10.58
10669,145,4,2,962,1,11,Gio,medium,push,7.99
10670,305,9,3,1476,1,19,Mer,small,push,12.71
10671,38,2,2,960,1,20,Gio,medium,pull_request,7.12
10672,26,5,2,936,0,11,Lun,large,push,5.77
10673,123,3,2,1124,1,18,Ven,large,push,5.2
10674,62,4,2,1044,0,17,Mar,small,pull_request,11.54
10675,1174,31,6,2500,1,10,Gio,medium,push,21.3
10676,52,1,2,1146,0,14,Gio,small,push,11.36
10677,125,3,1,599,0,12,Ven,medium,push,7.27
10678,148,5,2,822,0,17,Gio,medium,push,9.03
10679,465,14,4,1783,0,18,Gio,large,push,10.42
10680,40,2,2,941,1,15,Gio,large,push,6.62
10681,20,1,1,858,1,15,Mer,medium,push,8.38
10682,556,15,4,1636,1,16,Lun,medium,push,13.82
10683,131,5,2,1146,0,14,Ven,medium,push,9.88
10684,292,8,3,1463,1,13,Mer,medium,pull_request,8.9
10685,308,13,4,1811,1,14,Gio,medium,pull_request,10.55
10686,373,9,3,1431,1,17,Mar,small,pull_request,17.51
10687,79,5,1,500,1,15,Mer,small,push,8.44
10688,59,5,2,1150,1,9,Mer,medium,pull_request,7.8
10689,13,3,1,570,1,9,Dom,medium,pull_request,5.06
10690,40,3,2,1072,0,12,Mar,medium,push,9.85
10691,128,5,1,565,1,15,Mer,medium,pull_request,6.07
10692,55,2,1,557,0,12,Lun,small,pull_request,8.48
10693,34,2,2,967,1,12,Mer,small,push,11.5
10694,127,4,2,1019,1,18,Mer,medium,push,5.97
10695,526,16,4,1889,0,17,Lun,medium,push,16.1
10696,113,5,2,986,1,13,Gio,small,pull_request,9.06
10697,35,2,1,822,1,16,Gio,small,pull_request,7.81
10698,486,14,4,1804,0,13,Gio,large,pull_request,10.54
10699,51,2,2,1070,1,15,Gio,medium,push,7.91
10700,611,18,3,1558,1,11,Lun,large,push,7.64
10701,90,2,1,860,0,14,Mer,large,pull_request,7.89
10702,134,4,2,1015,0,15,Gio,small,pull_request,17.79
10703,668,18,3,1330,1,13,Gio,large,pull_request,7.59
10704,27,1,1,712,1,16,Gio,medium,pull_request,6.98
10705,38,2,1,548,1,11,Mer,medium,pull_request,5.3
10706,84,8,3,1250,1,2,Gio,medium,pull_request,8.59
10707,103,4,1,589,1,18,Ven,medium,pull_request,5.04
10708,2195,57,11,4203,1,11,Mer,medium,pull_request,25.38
10709,45,2,1,874,1,10,Lun,small,schedule,14.26
10710,29,5,2,1121,0,13,Gio,medium,pull_request,9.34
10711,43,3,1,595,0,10,Gio,small,pull_request,10.16
10712,155,5,2,1135,0,16,Gio,small,pull_request,17.56
10713,206,7,3,1390,1,11,Mar,medium,schedule,9.63
10714,55,3,1,855,1,22,Lun,medium,push,5.36
10715,123,4,2,1060,0,11,Gio,small,pull_request,20.94
10716,1020,27,6,2619,1,11,Lun,small,schedule,27.19
10717,125,5,1,779,1,14,Mar,large,push,4.2
10718,171,8,3,1374,1,0,Mer,medium,push,9.51
10719,959,25,5,2174,1,0,Lun,medium,push,14.17
10720,56,2,2,1182,0,10,Mer,small,pull_request,15.74
10721,52,3,1,552,1,8,Lun,medium,schedule,7.18
10722,72,3,1,764,1,16,Mar,medium,push,6.58
10723,67,5,2,1238,1,18,Dom,small,pull_request,9.96
10724,16,1,2,1039,0,12,Mer,medium,pull_request,9.84
10725,140,7,3,1361,1,14,Ven,small,pull_request,10.71
10726,152,6,2,835,1,15,Mer,small,pull_request,13.97
10727,98,4,2,1147,0,9,Gio,medium,pull_request,9.45
10728,158,7,3,1563,0,13,Lun,medium,push,12.68
10729,159,7,2,1067,1,20,Mar,medium,push,8.02
10730,28,2,2,1216,1,10,Mar,medium,push,9.5
10731,165,5,2,871,0,8,Lun,medium,push,10.27
10732,222,8,3,1369,0,11,Ven,medium,pull_request,16.44
10733,21,1,1,771,1,14,Mer,medium,pull_request,6.3
10734,600,16,4,1653,1,17,Mer,small,push,12.92
10735,31,2,1,801,1,11,Mer,small,pull_request,9.88
10736,34,1,1,507,1,11,Mar,large,push,4.24
10737,150,6,1,818,1,11,Ven,small,push,14.05
10738,216,6,2,836,1,17,Gio,medium,push,5.62
10739,282,8,2,845,0,13,Lun,medium,push,8.34
10740,222,10,3,1494,1,11,Mer,medium,pull_request,14.5
10741,68,4,1,846,0,10,Lun,medium,push,8.17
10742,135,6,2,989,1,9,Gio,medium,push,6.67
10743,85,3,1,567,1,21,Mer,medium,push,6.7
10744,145,5,1,719,0,13,Ven,small,pull_request,10.78
10745,129,5,2,948,1,8,Ven,large,push,5.74
10746,69,2,1,578,1,18,Lun,large,schedule,4.08
10747,82,4,1,484,1,19,Lun,large,pull_request,3.5
10748,16,1,2,1065,1,10,Ven,large,pull_request,6.61
10749,299,8,3,1245,1,11,Mer,medium,push,13.0
10750,166,9,2,1119,0,20,Mer,small,pull_request,12.11
10751,9,2,1,540,0,3,Mer,medium,pull_request,8.16
10752,287,8,2,1185,1,11,Mer,medium,push,9.55
10753,113,4,1,740,1,12,Mer,small,push,9.56
10754,43,1,2,1019,1,16,Ven,medium,push,9.89
10755,39,3,2,1000,0,12,Mer,large,pull_request,5.85
10756,56,4,1,587,1,11,Mar,small,pull_request,9.86
10757,43,3,1,488,1,16,Mar,medium,push,6.21
10758,50,5,1,509,1,17,Ven,medium,push,3.8
10759,779,24,4,1750,0,9,Mer,small,push,21.9
10760,180,4,1,804,1,9,Mer,medium,schedule,5.13
10761,1127,31,7,2860,1,15,Lun,medium,push,24.82
10762,154,6,1,788,1,11,Ven,small,push,10.43
10763,227,9,2,1125,1,15,Mer,large,pull_request,7.96
10764,46,3,1,626,1,10,Dom,medium,push,4.83
10765,100,6,1,867,1,17,Lun,medium,pull_request,5.17
10766,110,6,1,547,1,11,Mar,medium,pull_request,5.51
10767,237,7,2,924,1,11,Mar,large,pull_request,8.64
10768,114,5,1,726,1,10,Mar,small,pull_request,16.02
10769,177,7,2,830,0,10,Ven,medium,push,14.92
10770,170,5,2,1132,0,15,Mar,medium,pull_request,9.8
10771,86,2,1,608,1,15,Gio,large,schedule,3.81
10772,77,3,1,756,1,17,Gio,medium,push,5.0
10773,57,3,1,748,1,15,Mar,large,pull_request,5.7
10774,395,13,4,1550,1,12,Mer,small,pull_request,20.97
10775,86,6,1,597,0,17,Ven,medium,pull_request,7.68
10776,172,5,2,1198,1,3,Mer,medium,push,8.39
10777,101,5,1,856,1,16,Mar,medium,push,6.8
10778,386,12,3,1386,1,14,Ven,large,push,6.53
10779,13,2,1,626,0,10,Mer,medium,pull_request,8.37
10780,167,7,2,1070,0,15,Sab,small,pull_request,15.43
10781,30,3,1,741,1,22,Gio,medium,push,5.32
10782,184,7,2,855,1,11,Mer,small,pull_request,12.95
10783,102,5,2,956,1,15,Mer,small,push,13.13
10784,24,4,2,808,1,13,Ven,medium,push,6.66
10785,174,10,3,1360,1,12,Sab,large,push,6.15
10786,154,5,1,527,0,11,Mar,medium,push,8.45
10787,93,7,3,1515,1,10,Lun,medium,pull_request,12.0
10788,107,5,2,980,0,10,Lun,medium,push,10.2
10789,143,4,1,824,1,16,Mar,small,schedule,12.39
10790,439,15,4,1889,1,11,Mar,medium,push,19.27
10791,85,6,1,566,1,14,Mer,small,push,7.48
10792,366,14,3,1456,1,10,Lun,large,push,8.64
10793,115,3,2,833,1,10,Mer,medium,pull_request,9.51
10794,499,15,3,1580,0,15,Ven,small,pull_request,24.14
10795,93,4,1,783,1,15,Mar,small,push,12.42
10796,58,3,2,1090,1,14,Gio,small,push,10.81
10797,36,7,3,1398,1,16,Lun,large,pull_request,8.83
10798,116,4,2,861,0,15,Gio,large,push,9.97
10799,50,1,2,916,1,10,Ven,large,schedule,7.39
10800,563,14,4,1813,1,8,Mar,medium,push,11.81
10801,46,2,2,904,0,11,Gio,large,push,9.0
10802,56,4,2,1058,1,12,Lun,medium,pull_request,6.38
10803,227,9,2,1154,1,10,Mar,small,push,13.72
10804,442,13,3,1514,1,13,Lun,medium,push,11.63
10805,268,8,3,1198,1,7,Mar,medium,pull_request,11.19
10806,385,11,2,1059,1,13,Mar,medium,push,7.13
10807,110,5,1,525,1,11,Gio,small,push,8.89
10808,112,5,2,923,0,20,Mar,medium,push,9.0
10809,1097,31,6,2575,1,18,Gio,medium,pull_request,16.53
10810,770,21,4,1801,1,19,Mar,small,pull_request,14.42
10811,263,10,3,1456,1,15,Mar,small,pull_request,18.47
10812,405,10,3,1474,1,20,Mer,medium,schedule,8.31
10813,309,8,3,1232,0,10,Gio,medium,pull_request,17.33
10814,32,3,1,682,1,14,Ven,medium,push,6.78
10815,115,3,1,549,1,16,Gio,large,pull_request,4.13
10816,623,18,4,1552,0,13,Mer,medium,pull_request,12.18
10817,265,10,2,1186,1,10,Ven,medium,push,10.26
10818,112,6,2,973,1,15,Mar,small,pull_request,11.77
10819,631,19,4,1613,0,20,Dom,medium,push,14.51
10820,180,6,1,806,0,14,Mar,small,push,10.91
10821,276,10,3,1440,1,10,Mar,large,pull_request,7.42
10822,181,7,3,1285,1,7,Mar,large,push,8.14
10823,218,5,2,1133,1,9,Mer,medium,push,7.26
10824,235,8,3,1467,0,16,Mer,small,push,24.79
10825,501,16,3,1295,1,13,Lun,small,pull_request,11.74
10826,579,19,5,1979,1,10,Mar,medium,pull_request,16.77
10827,73,4,1,549,0,17,Mer,large,schedule,4.87
10828,177,5,1,589,1,13,Gio,medium,pull_request,5.54
10829,486,14,3,1280,1,17,Ven,large,schedule,6.41
10830,104,4,2,937,1,17,Ven,small,push,9.28
10831,28,2,2,900,1,16,Mer,medium,push,8.11
10832,44,1,2,847,1,20,Mer,small,pull_request,8.52
10833,48,2,1,745,1,18,Gio,medium,pull_request,6.08
10834,72,5,1,602,1,9,Ven,medium,pull_request,7.0
10835,53,2,1,497,1,11,Gio,medium,pull_request,6.49
10836,372,14,4,1816,0,19,Gio,medium,push,16.38
10837,88,5,2,905,1,15,Mer,small,pull_request,14.41
10838,480,13,3,1338,0,13,Ven,small,push,16.38
10839,35,2,2,1135,1,17,Gio,medium,push,5.89
10840,81,5,2,924,0,15,Lun,medium,pull_request,11.15
10841,135,5,1,551,1,12,Mer,large,pull_request,4.16
10842,293,8,3,1446,1,11,Mar,medium,push,16.56
10843,422,12,2,842,0,17,Lun,medium,pull_request,8.24
10844,66,3,1,673,1,17,Gio,medium,schedule,6.55
10845,358,11,3,1495,1,18,Gio,medium,push,10.47
10846,19,1,1,660,1,17,Ven,small,push,7.18
10847,313,11,2,883,1,10,Ven,medium,push,7.76
10848,27,2,1,797,0,12,Mar,small,push,9.29
10849,196,8,2,1115,1,11,Lun,small,push,15.06
10850,416,14,4,1674,1,10,Lun,large,push,11.97
10851,318,9,2,884,1,17,Ven,medium,push,4.83
10852,20,3,1,678,1,9,Mar,large,push,4.16
10853,73,4,2,1120,1,13,Mar,large,push,4.96
10854,264,8,3,1199,0,17,Mer,large,schedule,7.46
10855,256,7,2,1012,1,17,Lun,medium,push,8.12
10856,163,5,2,942,1,11,Gio,small,push,16.9
10857,11,3,2,959,0,6,Ven,small,push,11.12
10858,448,12,2,907,1,12,Gio,medium,schedule,7.44
10859,545,16,3,1414,1,15,Mar,medium,push,9.93
10860,144,7,3,1518,0,17,Lun,medium,pull_request,13.07
10861,154,6,2,861,1,14,Mar,large,push,4.38
10862,209,9,2,821,1,11,Mar,medium,push,10.9
10863,598,17,3,1339,1,16,Mar,small,push,18.26
10864,158,6,1,763,1,12,Lun,medium,pull_request,5.76
10865,97,6,1,500,0,17,Mer,medium,pull_request,6.13
10866,183,7,3,1474,1,4,Mar,large,push,7.2
10867,119,7,2,1098,0,12,Mer,medium,schedule,10.68
10868,120,3,1,602,1,12,Mar,small,push,6.33
10869,17,2,2,945,1,15,Mer,medium,pull_request,8.6
10870,213,10,2,944,1,11,Gio,medium,pull_request,9.15
10871,435,12,3,1454,0,12,Lun,medium,push,13.22
10872,369,9,3,1222,1,16,Mer,medium,pull_request,13.88
10873,342,11,3,1308,1,10,Mer,medium,pull_request,9.48
10874,113,4,2,935,1,10,Gio,large,push,7.21
10875,141,6,1,613,1,9,Ven,large,push,4.03
10876,445,13,4,1881,1,10,Gio,small,schedule,19.73
10877,312,9,3,1149,0,14,Gio,medium,pull_request,12.87
10878,616,19,4,1537,1,10,Ven,small,schedule,18.51
10879,57,5,1,632,1,8,Ven,medium,pull_request,4.11
10880,57,3,2,1014,1,23,Ven,small,pull_request,6.13
10881,83,5,1,868,1,13,Mer,medium,push,5.22
10882,43,5,1,569,0,17,Ven,small,pull_request,8.37
10883,28,2,1,693,0,16,Mar,medium,push,8.83
10884,201,6,1,746,1,10,Ven,small,push,11.51
10885,186,6,1,752,0,14,Lun,small,pull_request,10.12
10886,157,6,1,610,0,14,Mar,small,push,7.86
10887,177,4,1,809,1,9,Lun,medium,pull_request,5.85
10888,24,4,2,962,1,9,Gio,small,pull_request,9.62
10889,71,2,1,652,1,11,Mer,large,pull_request,6.23
10890,87,3,2,842,0,10,Gio,medium,push,11.74
10891,127,7,3,1553,0,11,Mer,large,push,8.41
10892,24,2,1,842,1,10,Mar,small,pull_request,10.15
10893,43,2,2,940,1,14,Ven,small,push,10.96
10894,74,4,1,669,0,11,Mer,large,push,6.08
10895,384,13,3,1481,1,16,Mer,medium,pull_request,9.86
10896,160,8,3,1182,0,7,Ven,small,push,17.58
10897,369,9,3,1439,0,15,Mar,small,push,23.24
10898,105,4,1,760,1,16,Mar,large,push,5.06
10899,120,4,1,719,1,13,Lun,small,schedule,7.19
10900,208,8,2,1116,1,11,Mer,medium,pull_request,11.52
10901,99,3,2,897,1,11,Gio,large,pull_request,4.66
10902,60,2,2,1026,1,11,Lun,medium,pull_request,7.31
10903,23,2,1,738,0,9,Lun,medium,push,6.29
10904,62,7,2,1219,0,15,Gio,medium,push,12.94
10905,301,9,2,835,1,15,Gio,medium,push,7.21
10906,480,14,3,1272,1,12,Mar,medium,pull_request,8.73
10907,51,4,1,575,1,19,Mar,small,push,6.9
10908,18,1,2,1134,1,18,Mar,medium,schedule,8.1
10909,333,8,2,1125,1,11,Lun,large,push,6.83
10910,130,8,2,1163,1,16,Mer,medium,push,9.56
10911,27,4,2,1086,1,9,Mer,medium,push,6.78
10912,4,1,2,1026,0,16,Ven,medium,push,13.34
10913,42,3,2,974,1,16,Mer,medium,push,9.9
10914,72,7,3,1371,1,11,Lun,medium,schedule,12.64
10915,34,3,1,510,0,12,Mar,medium,push,5.57
10916,257,7,2,862,1,15,Gio,small,pull_request,11.51
10917,49,3,1,506,1,11,Mer,small,pull_request,9.29
10918,122,8,3,1222,1,14,Gio,medium,push,8.02
10919,1633,44,8,3053,1,18,Mar,medium,push,17.78
10920,137,5,2,975,1,13,Lun,medium,pull_request,7.64
10921,106,6,1,856,0,10,Ven,medium,pull_request,7.87
10922,108,5,2,1197,1,14,Mar,medium,pull_request,7.8
10923,250,8,2,1130,0,15,Lun,medium,push,14.42
10924,219,8,3,1251,1,14,Mer,medium,push,9.21
10925,40,1,2,1044,1,4,Gio,medium,pull_request,6.34
10926,76,4,1,666,1,15,Mer,medium,push,7.44
10927,58,4,2,1071,0,7,Mer,small,push,11.98
10928,88,4,2,842,0,12,Mar,medium,pull_request,9.81
10929,895,28,5,1872,1,12,Gio,small,schedule,20.24
10930,237,7,3,1285,0,17,Gio,small,schedule,15.52
10931,110,7,2,842,0,17,Gio,medium,pull_request,7.78
10932,472,13,4,1663,0,16,Lun,small,schedule,22.67
10933,148,5,2,975,1,17,Mer,small,push,15.14
10934,20,5,1,854,1,10,Gio,small,push,7.59
10935,748,21,5,2142,0,16,Mar,medium,push,17.49
10936,101,4,2,881,0,16,Mar,small,pull_request,18.2
10937,10,1,2,1086,0,16,Ven,large,pull_request,9.28
10938,21,3,1,504,1,17,Ven,medium,schedule,5.17
10939,415,11,2,1206,1,10,Sab,medium,pull_request,6.34
10940,21,3,2,836,1,10,Mer,medium,push,9.02
10941,529,15,4,1621,1,17,Lun,medium,push,9.81
10942,131,5,1,687,1,9,Lun,medium,pull_request,5.62
10943,263,8,3,1447,0,9,Gio,small,pull_request,18.33
10944,90,4,1,698,1,21,Gio,medium,pull_request,6.13
10945,213,7,3,1520,0,20,Mer,medium,push,11.28
10946,170,5,1,564,1,11,Mer,large,push,5.65
10947,115,4,1,867,1,1,Ven,medium,push,7.12
10948,37,1,2,921,1,12,Lun,small,pull_request,8.46
10949,178,7,2,1107,0,4,Lun,medium,push,9.13
10950,16,5,2,932,1,9,Ven,small,pull_request,8.73
10951,334,12,2,1080,0,10,Mer,medium,pull_request,12.56
10952,149,8,2,811,1,17,Gio,medium,pull_request,7.43
10953,200,7,2,1087,1,12,Ven,small,push,8.28
10954,7,1,2,1157,0,1,Gio,small,push,9.91
10955,35,2,2,963,1,15,Mer,small,push,11.0
10956,69,3,1,770,1,8,Gio,small,push,10.12
10957,252,8,2,1026,1,18,Gio,medium,push,7.95
10958,43,1,1,604,1,10,Ven,medium,push,8.36
10959,1979,52,9,3512,0,10,Lun,small,schedule,52.41
10960,90,3,1,700,1,12,Gio,small,schedule,7.01
10961,39,3,2,969,1,9,Ven,large,schedule,3.89
10962,98,3,1,604,1,4,Mar,small,push,6.63
10963,42,2,2,999,1,18,Gio,large,pull_request,4.63
10964,33,2,2,829,0,17,Mar,small,push,8.22
10965,365,10,2,1065,1,18,Lun,large,pull_request,4.92
10966,211,5,1,713,0,15,Lun,medium,pull_request,8.19
10967,212,6,2,1047,1,2,Mer,small,push,10.79
10968,489,14,3,1426,1,20,Lun,medium,push,9.96
10969,205,7,2,1009,1,16,Mer,medium,push,9.89
10970,37,2,1,613,0,12,Mar,small,push,7.27
10971,262,9,2,1120,1,16,Lun,medium,push,8.45
10972,35,3,1,559,1,14,Mar,medium,push,5.87
10973,71,2,2,813,1,15,Gio,medium,pull_request,8.0
10974,114,3,2,929,0,17,Mar,small,push,14.34
10975,102,6,1,765,1,19,Gio,medium,push,5.81
10976,17,4,2,969,1,17,Gio,small,schedule,10.25
10977,41,2,2,897,1,18,Gio,small,pull_request,10.46
10978,117,3,1,670,1,14,Gio,small,push,7.24
10979,61,6,1,559,1,11,Gio,medium,pull_request,5.82
10980,414,10,2,1126,1,15,Mer,small,push,13.06
10981,500,13,4,1545,1,14,Mer,small,pull_request,15.3
10982,35,2,2,897,1,8,Lun,medium,pull_request,7.51
10983,128,3,2,1109,1,15,Ven,large,push,6.4
10984,684,18,4,1782,1,12,Ven,medium,push,14.46
10985,104,3,1,554,0,12,Gio,large,pull_request,6.01
10986,77,5,1,858,1,16,Gio,small,pull_request,9.54
10987,309,9,3,1174,1,18,Mer,large,pull_request,7.42
10988,89,5,2,889,1,10,Lun,small,push,12.12
10989,486,16,4,1594,1,17,Mar,small,push,16.61
10990,62,2,2,1020,0,10,Mar,small,pull_request,15.78
10991,71,6,2,1022,1,15,Gio,medium,push,11.08
10992,286,9,3,1298,1,17,Mer,small,push,13.68
10993,134,4,2,904,0,18,Mar,medium,push,8.53
10994,135,5,1,717,0,11,Mar,medium,push,8.52
10995,15,1,2,993,0,17,Ven,small,push,10.49
10996,81,6,2,1182,1,18,Gio,medium,pull_request,7.3
10997,310,11,2,846,1,10,Gio,small,push,14.98
10998,51,3,2,1166,1,12,Mar,small,push,12.94
10999,259,8,2,1157,1,16,Mer,small,pull_request,12.94
11000,161,7,3,1363,1,2,Mer,small,pull_request,11.06
11001,96,6,2,1079,0,15,Lun,small,pull_request,19.17
11002,534,13,4,1834,1,12,Mar,small,pull_request,18.1
11003,83,3,2,1159,0,14,Mer,medium,push,7.24
11004,89,5,1,684,1,12,Gio,large,schedule,6.07
11005,95,4,1,510,1,10,Mer,large,pull_request,4.41
11006,131,5,2,1126,1,11,Lun,large,push,8.85
11007,279,14,3,1220,0,17,Mer,small,pull_request,16.62
11008,24,5,1,827,1,15,Mer,small,pull_request,9.03
11009,312,10,3,1503,1,13,Gio,medium,pull_request,10.32
11010,129,5,1,771,0,16,Ven,medium,pull_request,7.45
11011,221,8,2,968,1,10,Mar,small,schedule,12.74
11012,1667,46,8,2956,1,8,Mer,medium,push,17.11
11013,68,4,1,622,1,14,Mar,large,pull_request,3.65
11014,31,4,2,909,0,2,Gio,medium,push,9.06
11015,149,5,2,1212,1,9,Ven,large,schedule,5.97
11016,177,5,1,792,0,16,Mer,small,push,10.73
11017,313,10,2,896,1,18,Ven,medium,push,6.63
11018,66,3,1,481,1,11,Lun,small,pull_request,6.35
11019,48,2,2,1187,1,12,Ven,medium,push,8.7
11020,22,3,2,1024,0,16,Gio,small,pull_request,16.42
11021,27,4,1,761,1,17,Lun,medium,push,4.87
11022,76,3,1,702,0,10,Gio,small,pull_request,15.22
11023,106,6,2,924,1,17,Mer,medium,pull_request,7.61
11024,1163,29,5,2200,1,20,Ven,medium,pull_request,14.71
11025,19,1,2,919,1,8,Mar,medium,push,6.47
11026,174,7,3,1510,1,10,Mer,medium,pull_request,11.19
11027,54,3,2,1212,1,16,Mer,large,push,6.24
11028,153,8,2,857,1,7,Mar,large,schedule,5.78
11029,65,2,2,1128,0,11,Gio,large,pull_request,8.74
11030,375,10,2,1094,0,17,Gio,small,push,12.32
11031,372,9,3,1463,0,16,Mer,medium,push,19.23
11032,106,5,1,782,1,15,Ven,medium,push,7.39
11033,584,16,4,1875,0,15,Ven,large,schedule,12.01
11034,277,10,2,859,1,14,Gio,small,push,13.41
11035,555,14,3,1274,1,16,Lun,large,push,7.12
11036,114,4,1,662,1,17,Ven,medium,push,4.94
11037,342,10,3,1523,0,17,Mar,medium,pull_request,12.79
11038,52,2,2,1074,1,13,Mer,medium,pull_request,7.91
11039,46,4,2,1062,1,16,Ven,small,push,11.7
11040,1320,35,6,2359,1,16,Mar,small,push,20.52
11041,36,4,2,860,1,13,Lun,small,push,9.52
11042,74,3,1,612,1,11,Ven,medium,pull_request,5.72
11043,15,1,2,1003,1,12,Lun,medium,schedule,6.85
11044,47,2,1,525,1,14,Lun,medium,pull_request,4.43
11045,40,2,2,877,1,9,Mar,medium,pull_request,5.8
11046,57,4,2,1123,1,10,Gio,medium,push,9.27
11047,167,6,1,564,1,9,Mer,small,push,6.78
11048,218,8,3,1266,1,8,Mar,small,pull_request,11.18
11049,40,3,2,863,1,14,Ven,medium,pull_request,7.84
11050,50,2,1,631,1,16,Gio,medium,push,5.8
11051,395,10,3,1190,1,15,Gio,large,push,7.63
11052,783,21,5,2068,1,16,Mar,large,push,12.11
11053,478,14,4,1549,1,12,Ven,medium,pull_request,8.57
11054,20,1,1,518,1,17,Mar,small,schedule,5.85
11055,444,12,3,1577,1,16,Ven,medium,push,13.03
11056,922,24,4,1681,1,16,Mar,small,pull_request,21.05
11057,19,1,1,583,1,16,Gio,medium,pull_request,5.74
11058,395,12,2,883,1,10,Ven,large,push,6.43
11059,154,4,1,642,0,14,Mar,large,push,5.13
11060,84,2,2,914,1,16,Mar,large,push,6.71
11061,135,5,2,921,1,9,Lun,small,pull_request,11.03
11062,195,6,1,605,1,10,Mar,medium,push,8.26
11063,429,14,3,1225,1,14,Mer,medium,pull_request,9.38
11064,405,12,2,1012,1,12,Lun,small,pull_request,8.92
11065,23,3,2,971,1,18,Lun,medium,pull_request,6.82
11066,59,4,2,976,0,16,Mer,medium,pull_request,9.34
11067,133,4,1,779,0,7,Lun,large,push,5.93
11068,676,18,4,1548,0,13,Gio,medium,pull_request,18.26
11069,6,4,2,905,1,16,Mar,small,pull_request,12.02
11070,61,3,2,966,0,15,Lun,large,push,9.38
11071,22,3,2,962,0,14,Lun,medium,push,10.47
11072,27,5,2,831,1,8,Mar,medium,push,6.96
11073,355,12,3,1266,0,18,Lun,large,pull_request,9.04
11074,67,6,2,919,0,12,Mar,medium,push,10.21
11075,9,2,2,1192,1,9,Lun,medium,pull_request,6.4
11076,101,6,2,852,0,8,Mar,medium,schedule,9.04
11077,1127,28,5,2051,0,17,Mer,large,push,14.39
11078,16,3,1,544,1,15,Mer,medium,push,5.07
11079,216,8,3,1553,1,10,Ven,medium,push,16.75
11080,673,21,5,2075,1,14,Gio,large,push,11.36
11081,114,5,1,609,0,19,Lun,small,schedule,11.26
11082,1001,29,5,2231,1,14,Mer,medium,push,15.75
11083,58,3,1,727,1,12,Gio,large,push,3.48
11084,589,16,4,1592,1,11,Mer,small,push,16.43
11085,454,12,2,1093,1,10,Lun,medium,push,10.11
11086,116,5,1,753,1,18,Gio,large,pull_request,4.59
11087,23,3,1,681,1,10,Lun,medium,push,7.48
11088,40,3,1,474,0,8,Mar,small,pull_request,11.12
11089,9,1,2,1121,1,9,Gio,small,pull_request,10.2
11090,231,8,2,961,0,10,Ven,small,pull_request,15.66
11091,202,7,3,1225,0,12,Ven,medium,push,11.39
11092,131,6,2,992,1,18,Ven,medium,push,6.2
11093,105,6,2,1024,1,9,Mar,medium,push,9.32
11094,534,14,3,1232,1,9,Mer,medium,push,9.07
11095,167,7,3,1263,0,13,Lun,medium,pull_request,11.85
11096,65,4,2,1077,1,18,Mer,medium,pull_request,8.55
11097,141,6,2,1103,0,19,Gio,large,schedule,6.07
11098,1141,30,5,1933,0,19,Lun,large,pull_request,13.53
11099,238,11,3,1273,1,9,Mar,medium,push,9.1
11100,78,4,2,1133,0,16,Ven,small,push,19.52
11101,114,4,2,855,0,15,Lun,large,schedule,7.67
11102,200,6,2,1061,1,5,Mar,large,push,3.52
11103,76,3,2,993,0,15,Ven,large,push,6.95
11104,69,3,2,1120,1,16,Mar,medium,schedule,7.71
11105,119,3,2,841,1,15,Ven,medium,push,11.39
11106,638,22,4,1593,1,10,Mar,medium,pull_request,17.67
11107,286,10,3,1502,0,11,Mar,medium,push,11.38
11108,76,7,2,937,0,14,Lun,medium,pull_request,7.69
11109,312,11,2,967,1,9,Lun,medium,push,6.14
11110,121,6,1,746,1,10,Mar,large,pull_request,5.33
11111,175,8,3,1361,1,16,Gio,medium,push,10.1
11112,159,7,2,998,1,10,Mer,medium,push,8.93
11113,12,1,2,828,1,3,Mar,medium,pull_request,5.38
11114,4,2,2,1076,0,10,Lun,small,pull_request,17.24
11115,154,5,2,873,1,8,Gio,small,push,7.6
11116,47,1,1,631,1,11,Mar,medium,push,9.79
11117,20,1,1,617,1,16,Lun,medium,pull_request,8.29
11118,49,6,2,1098,0,17,Ven,small,schedule,19.17
11119,332,10,2,1101,1,8,Ven,medium,pull_request,8.82
11120,178,5,1,719,1,14,Mar,small,push,10.4
11121,280,8,2,1066,1,8,Mar,small,push,12.57
11122,198,6,2,935,1,10,Mer,medium,pull_request,7.82
11123,44,2,1,628,0,17,Mer,large,schedule,4.43
11124,282,9,3,1529,1,20,Ven,small,push,15.03
11125,229,9,2,1093,0,11,Mer,medium,push,14.72
11126,105,6,2,1115,1,16,Lun,medium,push,9.69
11127,128,8,2,1174,1,11,Mer,medium,pull_request,10.87
11128,287,9,3,1198,1,17,Lun,medium,pull_request,8.49
11129,53,2,1,473,1,14,Mer,medium,pull_request,4.54
11130,397,11,3,1194,1,14,Mer,large,pull_request,5.09
11131,223,8,2,1029,1,17,Ven,small,pull_request,11.42
11132,120,6,1,769,0,16,Mar,large,schedule,6.01
11133,647,19,5,2255,1,20,Gio,small,push,16.58
11134,29,4,1,735,1,11,Lun,large,push,4.58
11135,72,6,1,775,1,19,Ven,medium,pull_request,6.18
11136,57,6,2,1189,1,17,Mar,medium,pull_request,8.78
11137,178,7,3,1235,0,14,Mar,medium,push,11.03
11138,441,13,3,1440,0,14,Lun,medium,push,14.99
11139,41,3,1,740,1,18,Gio,small,pull_request,10.07
11140,4553,114,12,4400,0,15,Lun,medium,push,52.63
11141,58,2,1,655,1,11,Mer,medium,pull_request,7.93
11142,178,5,1,506,1,7,Mar,medium,pull_request,4.65
11143,120,4,2,1013,1,11,Gio,medium,schedule,7.64
11144,126,4,1,686,0,10,Ven,medium,pull_request,7.73
11145,50,3,1,612,1,9,Mar,large,push,3.27
11146,388,11,3,1382,1,15,Mer,medium,push,11.38
11147,47,6,2,1057,0,12,Mar,medium,push,12.5
11148,17,2,1,843,0,9,Mer,large,push,4.77
11149,35,2,1,618,0,11,Lun,small,pull_request,10.98
11150,588,21,5,2154,1,9,Lun,small,pull_request,19.94
11151,475,14,4,1695,1,15,Gio,large,pull_request,8.29
11152,13,4,2,1177,1,12,Mar,medium,pull_request,8.01
11153,294,10,3,1403,1,19,Lun,medium,pull_request,10.65
11154,14,2,1,778,1,15,Mar,small,pull_request,12.77
11155,116,5,1,585,0,16,Gio,medium,push,10.26
11156,32,3,1,755,1,11,Ven,medium,push,7.64
11157,320,12,3,1286,1,16,Ven,medium,push,11.22
11158,221,6,1,691,1,16,Gio,large,pull_request,4.99
11159,352,11,2,894,1,22,Ven,small,schedule,10.95
11160,87,4,2,1062,0,15,Gio,medium,schedule,11.68
11161,97,6,1,521,1,18,Mer,small,push,7.0
11162,23,3,2,1013,0,17,Mer,medium,schedule,7.88
11163,39,2,1,657,1,18,Ven,large,pull_request,4.22
11164,341,10,3,1503,1,14,Lun,small,push,14.74
11165,180,4,1,540,1,10,Mer,medium,pull_request,5.87
11166,135,4,1,566,1,15,Gio,medium,schedule,8.26
11167,481,13,4,1790,0,18,Lun,medium,push,15.67
11168,29,6,1,838,0,20,Gio,small,schedule,8.36
11169,265,10,2,1138,1,19,Ven,medium,pull_request,9.31
11170,33,2,1,686,0,13,Mer,large,push,4.35
11171,610,16,4,1638,1,17,Gio,small,push,15.2
11172,218,6,1,639,1,14,Lun,small,push,7.71
11173,347,12,3,1509,0,16,Ven,small,pull_request,25.41
11174,55,5,2,909,0,12,Lun,medium,push,8.71
11175,1323,33,7,2946,0,11,Lun,small,push,47.51
11176,1081,29,6,2342,1,13,Mer,large,schedule,8.8
11177,193,6,2,1012,1,11,Gio,medium,push,7.98
11178,437,13,3,1392,0,12,Gio,medium,push,12.65
11179,86,4,2,942,1,15,Mer,small,schedule,11.19
11180,30,1,2,880,0,10,Gio,medium,schedule,10.45
11181,288,7,2,934,0,15,Mer,large,pull_request,9.3
11182,44,1,1,475,0,8,Ven,medium,push,5.46
11183,507,15,4,1773,1,0,Lun,medium,push,10.63
11184,380,12,3,1274,1,10,Sab,medium,pull_request,9.48
11185,155,6,1,654,1,10,Ven,large,pull_request,3.58
11186,146,7,3,1281,1,17,Ven,medium,pull_request,10.47
11187,356,11,2,895,1,16,Mar,large,push,6.57
11188,162,7,3,1531,1,15,Ven,small,pull_request,17.57
11189,77,4,2,960,1,16,Lun,medium,pull_request,8.27
11190,23,7,2,1054,1,15,Lun,medium,pull_request,10.29
11191,345,11,2,957,1,17,Mar,medium,push,7.39
11192,180,6,1,609,1,14,Ven,small,push,9.26
11193,2487,65,12,4422,1,3,Ven,medium,push,22.36
11194,108,3,1,847,1,17,Mer,small,pull_request,8.8
11195,167,6,2,1039,1,13,Gio,medium,pull_request,7.64
11196,172,9,2,967,1,19,Mer,small,push,10.77
11197,246,9,2,1041,1,18,Lun,medium,pull_request,9.52
11198,41,2,2,1208,1,12,Gio,medium,pull_request,6.51
11199,110,4,2,1062,1,19,Lun,small,push,8.61
11200,298,11,3,1531,0,8,Gio,medium,pull_request,12.05
11201,83,2,2,1078,0,15,Mar,medium,push,8.9
11202,286,10,3,1464,1,16,Mar,medium,pull_request,17.41
11203,133,4,2,961,1,17,Gio,large,pull_request,5.85
11204,187,7,2,1033,0,13,Mer,large,pull_request,7.25
11205,426,14,3,1421,0,10,Ven,medium,push,17.8
11206,93,3,1,817,1,7,Gio,medium,push,7.38
11207,24,4,1,758,1,13,Mar,medium,push,5.28
11208,90,5,2,943,0,13,Gio,medium,push,8.53
11209,48,2,1,632,1,11,Lun,small,pull_request,9.92
11210,12,1,1,625,1,15,Gio,small,pull_request,8.61
11211,107,7,3,1574,0,14,Mar,large,push,7.51
11212,149,6,1,550,1,9,Mar,small,pull_request,6.79
11213,369,9,3,1417,0,7,Mer,medium,push,13.23
11214,34,2,1,566,0,18,Ven,small,push,10.36
11215,132,5,1,523,0,16,Mar,small,push,9.5
11216,415,11,3,1240,1,13,Dom,small,pull_request,12.6
11217,64,3,2,841,1,14,Mer,medium,push,6.69
11218,216,5,1,816,1,9,Mar,medium,push,5.1
11219,696,18,3,1505,1,11,Gio,large,push,9.93
11220,15,2,2,840,1,17,Gio,medium,push,6.56
11221,162,6,2,931,1,9,Mer,large,push,4.38
11222,431,12,2,986,1,9,Lun,medium,push,7.25
11223,82,2,1,542,0,14,Gio,small,pull_request,9.86
11224,552,16,4,1649,0,17,Gio,large,push,12.06
11225,241,8,3,1532,1,12,Gio,medium,push,10.55
11226,840,24,5,2024,1,15,Gio,medium,pull_request,23.03
11227,228,9,3,1363,1,18,Mar,small,push,15.58
11228,921,25,6,2558,1,18,Mer,medium,push,17.85
11229,167,4,2,823,1,13,Gio,medium,pull_request,6.15
11230,27,5,1,785,1,11,Lun,small,push,12.21
11231,60,6,2,996,1,14,Mer,medium,pull_request,6.48
11232,368,12,2,1086,1,19,Lun,large,pull_request,6.31
11233,360,9,3,1556,0,16,Ven,large,pull_request,7.86
11234,85,3,1,727,0,19,Lun,large,push,4.65
11235,873,22,4,1650,1,15,Gio,large,pull_request,8.5
11236,81,4,1,794,1,4,Mar,large,pull_request,4.02
11237,199,8,3,1242,1,13,Ven,medium,pull_request,7.1
11238,193,8,2,962,1,18,Gio,medium,push,7.39
11239,28,2,2,1072,1,6,Mer,small,pull_request,11.25
11240,106,6,2,989,1,15,Lun,large,pull_request,5.81
11241,1646,42,8,3263,1,12,Mer,medium,push,20.2
11242,44,4,1,576,0,12,Mar,small,push,9.43
11243,239,7,3,1443,0,14,Gio,medium,schedule,12.15
11244,34,2,2,900,1,12,Gio,large,pull_request,5.91
11245,43,3,1,703,0,18,Gio,medium,pull_request,6.28
11246,25,2,2,1208,1,11,Mar,small,pull_request,15.11
11247,338,10,3,1573,1,16,Lun,medium,push,13.4
11248,46,3,2,1141,0,9,Mer,medium,push,7.55
11249,484,16,4,1771,1,11,Mer,medium,pull_request,14.98
11250,67,2,2,999,1,9,Gio,small,pull_request,10.08
11251,138,5,2,940,1,10,Mer,medium,pull_request,8.36
11252,189,7,2,839,1,14,Mer,medium,push,9.03
11253,20,1,1,674,1,11,Mer,small,pull_request,11.65
11254,150,9,2,1118,0,7,Mer,medium,pull_request,8.72
11255,176,5,2,1160,0,17,Ven,medium,push,10.99
11256,421,15,3,1558,1,15,Lun,medium,pull_request,14.51
11257,42,2,2,896,1,19,Lun,large,push,4.94
11258,49,2,2,1185,0,17,Mar,large,push,5.78
11259,248,7,2,929,0,14,Mar,medium,pull_request,8.13
11260,567,15,3,1460,1,13,Mer,medium,push,11.11
11261,63,2,2,1100,0,19,Ven,small,pull_request,14.32
11262,31,2,1,744,0,12,Gio,medium,pull_request,6.77
11263,85,4,1,638,1,14,Dom,medium,push,6.65
11264,39,5,2,887,1,11,Lun,medium,pull_request,10.73
11265,186,7,2,1019,0,11,Lun,large,push,10.41
11266,37,5,1,489,0,17,Lun,small,push,10.83
11267,350,11,2,1089,1,10,Gio,medium,push,10.02
11268,152,6,2,922,0,9,Mer,medium,pull_request,7.45
11269,362,11,2,879,0,16,Mar,medium,push,11.33
11270,8,1,2,1033,1,17,Mar,small,push,10.08
11271,17,1,2,911,1,19,Ven,medium,pull_request,6.29
11272,497,15,3,1544,0,15,Lun,small,pull_request,21.96
11273,54,3,1,511,1,11,Mar,medium,schedule,5.22
11274,24,5,2,1154,1,14,Mer,large,push,6.06
11275,96,7,2,1146,0,10,Mar,medium,pull_request,15.53
11276,157,6,1,571,0,10,Gio,small,pull_request,17.02
11277,101,9,2,1059,1,18,Mer,large,push,5.49
11278,201,6,1,593,1,17,Gio,small,push,7.47
11279,173,6,2,921,0,11,Ven,small,push,15.93
11280,163,7,3,1289,1,12,Mar,large,pull_request,7.78
11281,529,15,4,1648,1,20,Ven,medium,pull_request,14.02
11282,118,5,1,678,0,12,Gio,medium,push,6.82
11283,114,9,3,1404,0,11,Ven,medium,push,17.61
11284,290,7,3,1486,1,10,Mer,medium,pull_request,12.72
11285,220,6,2,1053,1,12,Lun,large,pull_request,4.84
11286,44,3,2,1122,1,11,Gio,medium,pull_request,9.4
11287,108,4,2,1192,1,16,Ven,medium,push,12.97
11288,194,7,3,1523,0,11,Ven,small,schedule,24.17
11289,63,3,1,629,1,13,Lun,small,push,7.0
11290,66,5,1,701,1,11,Mer,small,push,11.39
11291,26,3,1,791,1,11,Ven,medium,schedule,8.22
11292,5,1,1,728,1,10,Mar,medium,push,6.75
11293,80,2,2,877,1,14,Mer,medium,pull_request,6.16
11294,138,4,1,831,1,12,Dom,small,push,7.37
11295,36,1,1,762,1,8,Mer,medium,pull_request,4.55
11296,546,14,3,1462,0,19,Lun,small,push,16.67
11297,38,4,2,1227,0,11,Lun,large,push,8.4
11298,327,8,2,883,1,16,Mer,large,push,7.7
11299,190,6,1,831,1,18,Mer,medium,schedule,7.12
11300,1315,37,7,2710,1,2,Ven,large,schedule,13.09
11301,217,7,2,1134,1,9,Gio,medium,pull_request,6.04
11302,24,2,2,845,0,10,Lun,medium,pull_request,11.08
11303,383,12,3,1404,0,18,Gio,medium,pull_request,9.76
11304,777,21,4,1575,1,14,Lun,small,push,18.48
11305,17,1,2,1202,0,11,Lun,small,push,19.46
11306,242,6,1,667,1,7,Mer,medium,pull_request,5.84
11307,309,8,2,1147,1,6,Mer,small,pull_request,12.94
11308,95,3,2,1143,1,15,Mar,large,push,7.99
11309,8,1,1,675,1,16,Mer,small,push,9.74
11310,87,2,1,545,1,12,Ven,medium,schedule,5.03
11311,63,5,1,665,1,11,Gio,medium,push,5.66
11312,646,19,4,1651,1,17,Mar,small,push,15.46
11313,109,4,1,553,1,17,Ven,small,pull_request,6.27
11314,76,4,1,596,1,12,Lun,medium,pull_request,4.56
11315,63,6,2,916,1,16,Lun,small,push,10.98
11316,172,6,1,820,1,17,Mar,small,pull_request,6.5
11317,128,6,1,840,1,12,Mar,small,push,10.11
11318,50,3,1,532,1,10,Lun,medium,push,6.51
11319,160,4,2,923,1,12,Mar,large,pull_request,5.97
11320,65,5,1,477,0,8,Mer,large,schedule,4.91
11321,7,2,1,628,1,6,Mar,medium,pull_request,5.72
11322,250,6,1,704,0,17,Lun,medium,push,8.47
11323,225,7,3,1289,1,17,Gio,large,push,6.55
11324,149,8,2,1014,0,15,Mar,medium,push,14.31
11325,74,3,2,947,1,17,Gio,large,push,4.62
11326,111,5,1,474,0,19,Mar,medium,push,6.32
11327,296,8,2,924,1,16,Gio,small,push,12.38
11328,60,4,2,1119,0,18,Ven,medium,push,12.91
11329,309,8,3,1542,1,18,Mar,large,pull_request,6.47
11330,24,3,2,984,0,11,Gio,small,push,19.04
11331,144,5,2,1054,1,19,Gio,small,push,8.68
11332,123,6,1,696,1,21,Mer,small,push,8.13
11333,362,11,3,1298,1,11,Mar,small,pull_request,15.98
11334,44,5,2,1054,1,15,Mar,small,push,11.19
11335,49,3,2,981,1,10,Gio,medium,push,8.15
11336,26,2,2,842,1,12,Mer,medium,push,7.21
11337,64,6,1,633,1,15,Ven,small,push,9.0
11338,159,4,2,881,1,7,Lun,large,pull_request,4.25
11339,17,4,1,657,1,15,Lun,large,push,5.43
11340,74,3,1,659,1,13,Mar,medium,pull_request,5.5
11341,235,7,3,1367,0,9,Mer,large,pull_request,8.8
11342,107,3,1,543,1,16,Gio,medium,pull_request,7.6
11343,130,5,1,858,0,19,Lun,small,pull_request,13.65
11344,23,3,1,512,1,0,Mer,small,push,4.89
11345,107,6,1,585,1,13,Gio,medium,push,5.22
11346,124,6,2,956,0,9,Ven,large,push,4.98
11347,100,5,2,982,1,10,Ven,small,push,19.19
11348,142,4,2,997,1,14,Mer,medium,push,7.57
11349,85,4,2,1212,1,11,Ven,large,push,8.17
11350,73,6,2,1164,1,15,Mer,large,push,6.28
11351,38,2,1,494,1,11,Lun,large,schedule,4.05
11352,351,13,3,1410,0,16,Ven,small,push,25.64
11353,31,3,1,659,0,10,Lun,small,push,12.8
11354,143,6,2,1198,1,18,Mar,small,pull_request,14.6
11355,882,23,4,1656,1,12,Lun,small,pull_request,14.85
11356,403,11,3,1353,1,8,Mer,large,push,6.53
11357,210,9,2,1181,0,9,Mer,medium,pull_request,10.97
11358,158,5,2,990,1,14,Gio,large,push,5.73
11359,104,3,2,1052,0,18,Lun,medium,schedule,10.03
11360,45,2,2,941,1,14,Lun,medium,pull_request,5.79
11361,91,7,2,1130,1,13,Mar,small,push,9.47
11362,226,9,2,868,1,16,Lun,medium,pull_request,9.31
11363,184,6,1,865,1,10,Lun,medium,push,6.35
11364,286,11,2,894,0,15,Mar,medium,push,10.25
11365,459,11,2,1043,1,10,Dom,medium,push,8.08
11366,101,7,3,1175,1,17,Gio,large,pull_request,5.34
11367,148,6,2,847,1,18,Mar,small,schedule,9.98
11368,15,2,1,761,1,10,Mar,small,push,9.99
11369,1436,37,7,2894,1,9,Ven,medium,pull_request,16.87
11370,76,5,2,935,1,16,Gio,medium,pull_request,7.9
11371,246,8,3,1181,0,15,Ven,small,push,24.03
11372,76,2,2,843,1,15,Ven,small,pull_request,12.54
11373,74,2,1,848,0,14,Lun,large,pull_request,5.48
11374,92,3,2,1101,0,9,Lun,large,pull_request,6.75
11375,31,3,2,970,1,16,Mar,medium,push,7.79
11376,8,1,1,552,0,10,Mer,medium,pull_request,7.27
11377,430,13,4,1807,0,14,Ven,small,pull_request,14.75
11378,219,10,3,1533,0,11,Mar,small,push,19.88
11379,44,5,2,1092,1,11,Ven,medium,push,8.64
11380,197,7,2,1159,0,17,Gio,small,pull_request,15.27
11381,297,8,2,1145,1,13,Gio,large,push,5.21
11382,56,3,2,937,1,14,Gio,small,pull_request,11.13
11383,189,7,2,1093,0,18,Mer,medium,push,9.42
11384,363,14,3,1240,0,14,Gio,large,push,8.49
11385,25,4,1,557,1,17,Gio,small,pull_request,7.09
11386,216,5,2,1211,1,17,Mer,medium,push,9.18
11387,179,6,1,620,0,16,Lun,medium,push,10.54
11388,950,26,6,2543,1,9,Mer,small,push,19.83
11389,221,8,2,964,1,9,Mer,small,pull_request,13.5
11390,76,4,2,1171,1,12,Ven,large,push,4.87
11391,87,5,2,940,1,8,Lun,medium,pull_request,6.93
11392,1111,28,6,2235,1,11,Lun,small,schedule,25.2
11393,81,3,1,649,0,10,Mar,medium,pull_request,10.77
11394,229,7,2,1050,1,7,Gio,large,push,4.61
11395,92,2,2,979,1,12,Mer,medium,push,8.09
11396,394,11,3,1251,1,10,Mar,large,pull_request,5.82
11397,416,13,3,1496,0,9,Gio,medium,push,14.57
11398,117,5,2,981,1,16,Mer,small,pull_request,12.43
11399,77,2,2,1104,1,18,Mer,small,pull_request,10.16
11400,75,3,2,868,0,15,Mer,medium,pull_request,9.8
11401,18,2,1,802,0,19,Gio,medium,pull_request,7.16
11402,134,5,1,773,1,10,Lun,medium,pull_request,7.12
11403,131,4,1,540,0,16,Lun,medium,push,6.62
11404,49,4,1,691,1,12,Gio,small,push,6.96
11405,16,3,2,1122,1,14,Lun,large,pull_request,6.04
11406,151,4,1,807,0,15,Mar,medium,pull_request,8.96
11407,173,6,2,982,1,17,Mar,medium,push,6.57
11408,185,6,1,507,1,8,Mer,medium,push,5.19
11409,40,4,2,842,0,12,Gio,medium,pull_request,9.16
11410,186,6,2,1196,1,16,Gio,large,push,7.88
11411,99,5,2,868,0,14,Mar,small,push,12.91
11412,311,9,3,1320,1,11,Lun,medium,push,14.07
11413,41,5,2,1166,1,7,Sab,medium,push,7.9
11414,425,11,2,1185,1,1,Lun,large,push,5.73
11415,632,19,5,2058,1,12,Gio,medium,push,15.56
11416,136,5,2,1105,0,13,Lun,small,push,12.2
11417,187,6,2,1007,0,10,Mer,medium,pull_request,11.16
11418,284,7,2,858,1,17,Gio,medium,pull_request,5.61
11419,39,4,1,676,1,16,Mer,small,push,12.69
11420,70,5,2,1124,1,10,Mer,medium,push,13.23
11421,147,5,2,1076,0,10,Lun,medium,push,11.72
11422,1116,30,5,2079,1,17,Lun,small,schedule,22.69
11423,32,4,2,1146,1,18,Mer,small,push,12.06
11424,727,24,4,1589,1,21,Gio,medium,schedule,11.88
11425,97,2,2,1036,1,16,Mer,small,pull_request,15.69
11426,116,3,1,563,1,19,Mer,small,pull_request,6.07
11427,458,11,3,1203,1,9,Sab,medium,push,8.95
11428,1109,28,5,2263,0,9,Mar,small,pull_request,20.08
11429,191,8,2,1137,1,7,Mar,small,push,9.58
11430,432,12,3,1554,1,14,Lun,large,pull_request,5.7
11431,44,2,2,1011,1,10,Gio,medium,pull_request,6.93
11432,67,4,2,1064,1,14,Lun,small,pull_request,9.78
11433,27,1,2,840,1,1,Lun,small,pull_request,9.88
11434,68,5,1,551,0,14,Lun,small,schedule,8.23
11435,223,6,2,863,1,18,Lun,medium,push,6.5
11436,152,6,2,957,0,16,Mer,medium,pull_request,10.32
11437,802,24,4,1683,1,12,Lun,small,push,17.15
11438,1150,29,5,1951,0,8,Mar,large,push,11.91
11439,103,4,2,1143,1,10,Mer,medium,push,8.44
11440,57,6,2,1055,1,14,Lun,large,push,6.02
11441,430,12,3,1332,0,10,Lun,medium,push,13.56
11442,482,14,3,1329,1,16,Mar,large,push,6.99
11443,195,6,1,692,1,19,Gio,medium,push,6.5
11444,261,8,3,1328,0,10,Mer,small,pull_request,16.17
11445,220,8,3,1492,1,1,Lun,small,push,16.59
11446,40,1,2,1133,1,8,Lun,small,schedule,9.27
11447,31,3,2,888,0,17,Lun,large,push,6.13
11448,113,4,2,1207,1,7,Ven,medium,push,6.97
11449,96,4,1,653,0,16,Ven,small,pull_request,12.14
11450,163,7,2,892,0,12,Mer,small,pull_request,11.68
11451,104,5,1,793,0,12,Ven,medium,push,6.42
11452,18,1,1,632,1,16,Lun,medium,push,5.25
11453,12,2,2,874,1,11,Gio,medium,pull_request,7.81
11454,270,9,2,1051,0,17,Gio,large,schedule,7.42
11455,58,2,2,991,0,9,Mer,medium,schedule,10.05
11456,93,4,2,928,0,16,Gio,small,push,14.08
11457,65,5,1,771,0,18,Mer,medium,push,6.52
11458,44,1,2,990,1,10,Ven,medium,push,8.81
11459,43,3,1,685,1,14,Lun,large,pull_request,3.89
11460,368,14,4,1540,1,15,Lun,small,push,18.96
11461,92,7,3,1325,1,9,Mar,medium,push,8.5
11462,241,7,3,1206,1,14,Lun,medium,schedule,8.41
11463,280,7,3,1280,1,10,Lun,medium,push,11.02
11464,170,5,1,782,1,16,Lun,small,push,7.42
11465,290,8,3,1515,1,14,Mer,small,pull_request,13.22
11466,122,6,1,594,1,12,Gio,large,schedule,4.22
11467,538,15,3,1467,1,16,Mer,small,schedule,22.09
11468,297,10,3,1466,1,16,Mar,medium,push,14.73
11469,344,13,4,1868,1,10,Lun,medium,pull_request,15.15
11470,43,3,1,502,1,4,Mer,medium,schedule,4.12
11471,160,5,1,581,1,10,Mar,medium,pull_request,6.19
11472,16,2,2,1080,1,18,Mar,medium,push,6.69
11473,560,18,3,1276,0,12,Mer,medium,pull_request,10.13
11474,60,3,1,725,1,10,Lun,small,pull_request,8.7
11475,70,3,2,1183,1,12,Mar,medium,push,7.12
11476,27,6,2,1167,0,12,Ven,medium,push,7.8
11477,115,3,1,685,1,13,Mer,large,push,4.57
11478,89,4,1,541,1,13,Sab,small,pull_request,7.86
11479,891,25,6,2353,0,11,Mer,medium,push,25.34
11480,309,9,3,1394,1,11,Lun,small,push,17.87
11481,68,3,1,766,0,17,Gio,small,push,10.62
11482,19,2,2,1175,1,15,Ven,medium,pull_request,8.78
11483,10,2,1,806,0,16,Ven,large,pull_request,8.28
11484,39,3,1,561,0,10,Mer,medium,pull_request,7.18
11485,28,3,1,531,0,22,Lun,small,pull_request,6.88
11486,176,6,1,529,1,8,Gio,large,pull_request,3.74
11487,102,6,2,908,1,16,Lun,medium,pull_request,9.57
11488,122,3,2,953,1,16,Lun,medium,pull_request,8.62
11489,42,2,1,497,1,11,Mar,medium,push,7.39
11490,142,8,3,1554,0,8,Lun,medium,push,12.7
11491,25,2,1,612,1,16,Mer,large,pull_request,4.08
11492,109,4,1,549,1,14,Ven,small,pull_request,6.64
11493,299,7,2,1045,1,20,Gio,medium,pull_request,7.98
11494,80,7,3,1200,1,16,Gio,medium,push,10.91
11495,195,5,1,798,1,19,Gio,large,schedule,5.19
11496,14,2,1,878,1,15,Mar,medium,schedule,8.78
11497,12,3,2,1204,1,14,Mer,small,push,8.78
11498,172,9,2,972,1,19,Gio,large,schedule,5.02
11499,380,12,3,1430,0,17,Mar,medium,pull_request,10.43
11500,92,3,2,871,1,6,Mar,medium,push,8.57
11501,1271,36,7,2604,1,15,Gio,small,pull_request,26.8
11502,25,2,2,1059,1,9,Gio,large,push,5.37
11503,57,4,2,1113,1,19,Mar,medium,pull_request,6.92
11504,140,4,1,472,1,15,Mer,large,pull_request,3.23
11505,200,7,2,1235,0,13,Gio,medium,push,8.55
11506,63,3,1,640,1,20,Ven,small,push,7.33
11507,37,4,2,1048,1,11,Gio,medium,push,10.11
11508,237,9,2,824,1,13,Lun,small,push,10.52
11509,139,6,2,1170,1,12,Mer,small,pull_request,9.18
11510,82,4,2,1037,0,9,Ven,large,pull_request,6.83
11511,208,9,2,1003,1,9,Mar,large,pull_request,6.07
11512,103,5,2,1082,1,15,Gio,medium,pull_request,10.32
11513,103,4,1,794,1,8,Mer,small,push,8.0
11514,99,4,2,821,1,19,Mer,medium,push,6.77
11515,49,1,2,841,1,11,Mer,medium,pull_request,8.59
11516,43,3,1,649,1,11,Mer,medium,push,8.38
11517,67,4,2,1128,0,9,Mar,medium,push,12.38
11518,124,6,1,831,0,11,Gio,medium,pull_request,10.5
11519,15,2,1,533,1,16,Mer,medium,pull_request,6.29
11520,339,8,3,1323,0,20,Ven,medium,push,12.03
11521,122,5,2,1153,1,10,Lun,small,push,14.01
11522,37,6,1,856,1,10,Gio,large,pull_request,5.55
11523,710,20,5,1969,1,9,Lun,large,pull_request,8.72
11524,126,5,1,856,1,14,Gio,medium,pull_request,8.44
11525,28,3,1,793,1,9,Ven,large,pull_request,3.68
11526,676,18,3,1271,0,8,Gio,medium,pull_request,15.56
11527,533,18,3,1497,1,16,Mer,large,pull_request,6.51
11528,44,3,2,1054,1,17,Lun,large,pull_request,5.01
11529,84,3,2,1169,1,11,Ven,medium,pull_request,9.41
11530,73,5,2,1150,1,15,Mar,large,pull_request,7.09
11531,15,1,1,543,1,16,Lun,small,push,8.32
11532,172,7,3,1434,0,7,Lun,large,pull_request,10.36
11533,304,8,3,1353,1,15,Gio,medium,pull_request,11.44
11534,247,7,2,1106,1,11,Ven,medium,push,8.51
11535,124,6,2,889,1,12,Gio,medium,push,6.05
11536,338,11,3,1289,1,11,Mer,small,push,15.19
11537,34,7,3,1264,1,16,Gio,small,pull_request,17.12
11538,887,22,4,1897,1,13,Ven,small,pull_request,20.64
11539,51,4,2,944,0,16,Gio,medium,pull_request,9.29
11540,58,5,1,548,0,11,Mar,small,push,10.02
11541,64,6,2,1124,1,14,Ven,large,pull_request,4.61
11542,59,4,2,1056,1,18,Ven,large,push,5.02
11543,97,6,2,1069,1,13,Mer,medium,pull_request,8.76
11544,93,6,2,1170,0,15,Mer,large,push,8.8
11545,138,4,1,848,1,15,Ven,medium,push,8.52
11546,49,8,2,954,1,18,Gio,large,push,5.57
11547,144,5,2,1209,0,15,Lun,medium,pull_request,11.54
11548,36,1,2,1050,1,15,Ven,medium,pull_request,7.66
11549,269,8,2,1178,0,17,Gio,small,pull_request,13.22
11550,265,12,3,1437,1,22,Gio,medium,schedule,11.0
11551,119,4,2,857,1,18,Mar,medium,push,7.53
11552,59,5,2,1185,1,9,Lun,small,push,11.24
11553,169,5,1,701,0,15,Mar,small,push,14.71
11554,45,2,2,1005,1,11,Mar,large,pull_request,6.52
11555,125,8,3,1298,1,12,Mer,large,push,6.01
11556,102,5,2,1048,1,15,Gio,medium,push,7.43
11557,2165,56,11,4349,1,9,Mer,small,pull_request,46.71
11558,31,1,2,868,0,16,Mar,medium,push,10.57
11559,6,2,2,911,1,11,Mar,small,pull_request,11.28
11560,60,5,1,511,1,17,Gio,large,push,3.43
11561,18,1,2,903,0,12,Gio,small,push,15.2
11562,54,2,2,845,1,7,Mar,medium,pull_request,7.82
11563,29,5,2,908,1,15,Mar,medium,schedule,8.2
11564,44,3,2,1006,1,16,Mar,medium,push,9.77
11565,37,5,2,1159,0,15,Gio,large,push,10.11
11566,346,12,3,1382,1,16,Gio,medium,push,12.72
11567,114,4,1,554,1,17,Gio,small,schedule,7.43
11568,392,10,3,1205,0,7,Ven,small,push,12.09
11569,125,7,2,1154,0,0,Gio,medium,pull_request,11.86
11570,333,10,3,1239,1,10,Mer,small,pull_request,13.7
11571,86,5,1,789,1,10,Mar,medium,pull_request,5.66
11572,693,21,5,1975,0,14,Mar,medium,push,13.34
11573,201,5,1,718,0,10,Mar,medium,push,8.18
11574,51,6,2,1168,1,11,Lun,small,schedule,14.8
11575,237,7,2,1174,1,13,Lun,large,push,6.8
11576,124,6,1,510,1,15,Lun,medium,pull_request,6.67
11577,96,4,1,697,0,23,Lun,medium,schedule,9.18
11578,133,3,1,664,1,16,Ven,medium,push,6.62
11579,274,10,2,1174,0,11,Mer,medium,pull_request,12.45
11580,12,2,2,1118,1,11,Mar,medium,push,7.21
11581,82,3,1,497,0,7,Mar,large,push,4.07
11582,254,8,3,1533,1,12,Mer,medium,push,7.4
11583,158,5,1,617,1,15,Ven,small,pull_request,7.87
11584,35,1,2,1092,1,19,Mar,large,push,5.83
11585,9,3,1,548,0,11,Ven,medium,push,6.14
11586,779,22,5,1971,1,10,Ven,small,pull_request,18.71
11587,98,5,1,488,1,3,Gio,small,push,5.33
11588,635,18,4,1563,0,15,Mer,medium,push,20.79
11589,288,8,2,1199,1,23,Mar,medium,push,10.65
11590,50,2,2,898,0,12,Lun,large,push,6.05
11591,8,1,2,1072,1,14,Gio,small,push,12.04
11592,72,4,2,1116,1,8,Ven,medium,push,6.48
11593,115,4,2,849,1,14,Gio,small,schedule,11.52
11594,197,5,2,950,0,10,Lun,medium,pull_request,10.46
11595,35,1,2,1010,0,2,Lun,medium,schedule,10.05
11596,146,7,3,1307,1,16,Mar,small,pull_request,15.85
11597,146,4,2,1174,0,9,Sab,large,schedule,5.23
11598,355,10,2,895,0,9,Lun,small,push,11.71
11599,86,4,2,1113,0,10,Mar,medium,push,12.3
11600,195,8,3,1366,1,9,Mer,medium,push,7.1
11601,165,4,2,987,1,15,Lun,medium,push,9.67
11602,314,10,2,953,1,11,Lun,large,pull_request,5.31
11603,49,3,1,746,1,15,Lun,medium,pull_request,7.84
11604,4,3,2,969,1,14,Mer,medium,schedule,5.79
11605,92,5,1,717,1,11,Mar,medium,push,7.68
11606,93,4,1,475,1,10,Lun,medium,pull_request,6.93
11607,34,4,1,583,1,15,Mer,small,pull_request,8.86
11608,23,6,2,998,0,14,Gio,medium,push,8.91
11609,64,4,2,919,1,16,Gio,large,pull_request,7.67
11610,106,5,1,494,1,14,Gio,medium,pull_request,4.44
11611,133,4,1,567,1,17,Mer,large,push,3.41
11612,10,1,2,1026,1,14,Gio,large,push,5.63
11613,17,1,2,1191,1,17,Lun,small,pull_request,11.77
11614,416,13,4,1795,1,14,Lun,medium,pull_request,11.38
11615,97,3,2,1171,1,20,Gio,large,push,4.63
11616,120,7,2,1034,1,17,Mar,small,pull_request,12.15
11617,28,7,3,1171,0,10,Mar,small,push,15.57
11618,119,5,1,529,1,16,Lun,small,push,12.63
11619,79,5,2,1103,1,9,Ven,large,push,4.49
11620,61,3,2,1061,0,18,Ven,large,push,5.54
11621,24,3,2,1162,1,11,Lun,large,push,7.19
11622,46,3,1,634,1,13,Mar,medium,pull_request,5.85
11623,1050,27,5,2216,0,3,Mar,medium,schedule,16.67
11624,82,2,2,963,1,17,Lun,small,schedule,12.98
11625,286,9,3,1486,1,19,Mar,large,push,7.3
11626,97,3,2,887,1,13,Mar,large,pull_request,4.69
11627,85,4,1,646,0,10,Gio,medium,schedule,9.1
11628,60,4,2,1215,0,16,Ven,small,pull_request,20.72
11629,527,17,4,1855,0,11,Lun,large,push,17.3
11630,181,8,2,982,1,20,Mar,large,push,5.34
11631,50,3,1,836,1,11,Gio,large,push,4.41
11632,78,4,2,995,0,15,Mar,medium,pull_request,9.47
11633,392,14,4,1904,1,7,Lun,medium,push,9.83
11634,5,3,2,877,0,22,Lun,medium,push,7.76
11635,169,7,3,1504,0,15,Mer,medium,pull_request,15.41
11636,217,5,1,738,1,21,Lun,large,pull_request,4.34
11637,53,3,2,899,1,11,Lun,small,push,14.35
11638,142,4,2,930,1,14,Gio,medium,pull_request,5.25
11639,209,11,3,1501,1,3,Mar,large,push,6.9
11640,31,3,1,775,1,16,Ven,small,push,10.99
11641,303,10,3,1242,1,10,Mer,medium,pull_request,7.47
11642,166,6,2,822,1,12,Lun,medium,pull_request,7.31
11643,101,6,1,598,1,15,Lun,medium,push,10.06
11644,135,6,1,592,1,8,Ven,medium,push,6.04
11645,261,8,2,1082,1,17,Lun,medium,schedule,8.25
11646,1533,39,7,2860,1,17,Mar,small,schedule,25.54
11647,235,10,2,942,0,14,Mar,medium,pull_request,9.73
11648,293,10,2,980,1,15,Sab,large,push,6.67
11649,148,5,2,897,0,9,Ven,small,push,11.96
11650,972,25,6,2237,1,13,Gio,small,push,25.77
11651,24,4,1,828,0,17,Mar,small,push,11.02
11652,18,2,2,1109,1,9,Lun,medium,pull_request,9.71
11653,142,7,2,1133,1,22,Lun,medium,push,9.28
11654,248,7,2,1193,1,13,Lun,medium,push,8.49
11655,7,3,2,834,0,2,Ven,medium,pull_request,8.56
11656,120,8,2,967,1,11,Mer,medium,push,8.66
11657,98,2,1,755,1,14,Lun,medium,push,6.82
11658,272,8,3,1412,1,20,Gio,large,pull_request,6.18
11659,192,6,1,779,1,16,Lun,medium,push,7.77
11660,16,1,1,615,1,15,Mer,large,pull_request,4.48
11661,37,3,2,859,1,20,Lun,medium,push,5.53
11662,49,3,2,1045,0,11,Mer,medium,push,11.95
11663,271,8,3,1450,1,12,Mar,small,push,10.89
11664,181,9,3,1470,1,16,Lun,medium,pull_request,11.36
11665,61,3,1,548,1,15,Ven,medium,push,7.06
11666,141,8,3,1412,1,10,Ven,large,pull_request,8.48
11667,37,7,2,1095,0,16,Mer,medium,schedule,12.01
11668,1144,29,6,2344,0,11,Gio,large,push,16.2
11669,226,7,3,1279,0,14,Lun,small,push,19.05
11670,285,9,3,1250,1,17,Mar,medium,push,7.97
11671,546,20,5,1907,1,11,Mar,medium,schedule,18.06
11672,367,10,2,1032,0,16,Lun,small,push,21.4
11673,124,4,1,601,1,17,Mer,medium,push,4.28
11674,98,3,1,724,0,11,Gio,small,push,11.82
11675,495,14,4,1758,1,10,Gio,small,push,19.16
11676,124,8,2,1057,1,17,Mer,medium,push,7.9
11677,53,1,1,855,0,13,Mer,large,push,4.57
11678,1044,28,5,1911,0,11,Mer,large,pull_request,13.38
11679,43,3,1,495,0,1,Ven,large,push,4.33
11680,18,4,2,954,0,10,Lun,small,pull_request,14.23
11681,358,10,2,826,1,14,Mar,small,push,9.76
11682,54,2,2,1127,1,17,Ven,small,push,12.37
11683,194,5,1,611,1,14,Mer,medium,pull_request,4.34
11684,886,23,5,1922,1,11,Gio,large,pull_request,11.66
11685,26,2,1,486,1,19,Mer,medium,pull_request,4.43
11686,115,4,2,1170,1,12,Ven,medium,push,8.0
11687,614,15,4,1666,0,10,Ven,small,pull_request,24.21
11688,254,9,2,999,0,19,Mer,medium,pull_request,8.08
11689,98,3,1,535,1,12,Lun,large,schedule,3.8
11690,1662,46,9,3575,1,13,Mer,medium,pull_request,34.71
11691,108,6,1,743,0,17,Lun,medium,push,7.16
11692,186,7,3,1284,0,11,Mar,medium,pull_request,12.93
11693,736,18,3,1513,1,14,Mer,medium,push,9.59
11694,353,11,3,1299,1,17,Mer,medium,push,10.79
11695,514,15,4,1876,1,10,Ven,large,pull_request,9.39
11696,45,1,1,851,0,18,Lun,medium,push,9.09
11697,463,13,3,1369,0,10,Mar,small,push,17.22
11698,145,6,2,1038,1,17,Gio,medium,push,7.77
11699,53,2,1,827,1,12,Mer,small,push,9.39
11700,153,5,1,524,1,14,Mar,small,pull_request,8.1
11701,148,7,3,1360,1,14,Lun,small,pull_request,14.42
11702,937,27,5,2264,1,10,Mar,large,pull_request,13.5
11703,183,7,3,1259,0,10,Ven,small,schedule,23.8
11704,51,4,2,960,1,16,Mar,large,push,5.38
11705,39,3,1,823,1,17,Mer,medium,pull_request,5.48
11706,114,6,1,742,0,9,Ven,medium,push,6.86
11707,27,2,1,658,0,16,Lun,large,pull_request,7.38
11708,55,2,1,524,1,11,Ven,small,pull_request,9.41
11709,92,6,1,555,0,15,Gio,large,schedule,6.37
11710,75,4,2,1146,1,14,Mer,medium,pull_request,7.62
11711,267,9,3,1351,1,16,Ven,small,push,18.65
11712,53,4,1,870,1,14,Lun,large,pull_request,3.45
11713,8,3,2,864,0,9,Ven,small,push,11.2
11714,19,2,1,599,1,11,Lun,small,pull_request,8.85
11715,118,6,2,874,1,12,Mar,large,push,4.52
11716,63,4,2,884,1,14,Lun,medium,push,6.56
11717,31,3,2,825,0,10,Mer,medium,pull_request,11.44
11718,1035,29,6,2451,0,11,Lun,small,push,38.37
11719,299,8,2,934,0,8,Mar,large,push,7.98
11720,113,6,2,902,1,11,Lun,medium,push,6.42
11721,155,6,2,1155,0,14,Mar,small,push,17.36
11722,90,3,2,982,1,19,Lun,large,push,4.62
11723,30,4,2,1023,0,10,Gio,medium,pull_request,13.89
11724,373,14,3,1422,1,5,Gio,medium,pull_request,9.24
11725,306,8,3,1336,1,12,Gio,medium,pull_request,9.97
11726,14,4,1,532,0,15,Gio,medium,push,6.68
11727,154,6,2,1019,0,15,Lun,small,pull_request,13.77
11728,174,4,1,856,1,11,Mar,medium,schedule,8.67
11729,84,5,1,749,1,7,Gio,medium,push,3.92
11730,1205,33,7,2855,1,18,Mer,medium,push,15.42
11731,1070,29,5,2104,1,14,Gio,small,push,22.73
11732,79,3,1,601,1,16,Lun,large,push,4.38
11733,94,6,2,998,1,12,Mar,small,push,8.99
11734,83,6,2,993,1,17,Mer,medium,pull_request,9.17
11735,61,3,2,1038,1,17,Gio,medium,push,9.83
11736,44,2,2,1161,1,9,Ven,small,pull_request,10.96
11737,210,6,2,839,1,7,Mer,medium,push,8.42
11738,1038,26,5,2051,1,9,Gio,small,push,25.02
11739,660,18,4,1641,0,17,Gio,small,pull_request,21.15
11740,286,12,3,1562,1,11,Ven,large,push,8.26
11741,8,2,1,516,0,12,Gio,medium,push,6.29
11742,15,1,2,824,0,15,Mar,medium,pull_request,8.43
11743,387,12,2,1095,1,15,Mar,small,pull_request,15.46
11744,713,18,4,1600,1,12,Ven,medium,pull_request,11.01
11745,221,8,2,915,1,13,Mer,small,pull_request,10.21
11746,86,3,2,1026,1,11,Mer,small,push,13.07
11747,531,15,4,1908,1,9,Gio,medium,push,10.9
11748,275,7,2,852,1,9,Mar,medium,push,7.06
11749,419,14,3,1386,0,18,Gio,small,push,14.3
11750,16,2,2,962,1,21,Mer,small,push,9.23
11751,175,6,2,903,1,17,Ven,medium,push,6.03
11752,845,22,4,1715,0,11,Gio,small,pull_request,24.4
11753,214,10,2,1204,1,10,Mar,small,pull_request,10.27
11754,341,11,3,1299,1,14,Ven,large,push,6.14
11755,125,3,1,560,1,9,Mar,small,pull_request,7.9
11756,135,5,2,909,1,18,Gio,medium,pull_request,7.28
11757,561,15,4,1756,1,16,Mar,large,push,12.24
11758,57,3,2,939,1,20,Mar,medium,push,6.13
11759,52,2,1,715,1,17,Gio,medium,push,5.29
11760,71,5,1,496,1,12,Gio,medium,push,5.67
11761,123,4,1,764,1,11,Ven,small,push,10.29
11762,20,2,1,533,1,17,Gio,small,pull_request,7.19
11763,268,8,3,1195,1,15,Mar,large,pull_request,10.67
11764,100,4,2,865,1,18,Ven,small,pull_request,9.27
11765,307,13,4,1836,1,11,Ven,large,push,9.59
11766,12,2,1,846,0,14,Ven,medium,pull_request,6.35
11767,308,11,2,978,1,13,Ven,medium,push,7.26
11768,522,17,4,1595,1,10,Gio,medium,push,16.41
11769,194,9,3,1516,1,14,Gio,medium,push,10.79
11770,124,3,2,820,1,8,Gio,medium,push,8.38
11771,311,9,3,1300,0,12,Mar,medium,pull_request,12.59
11772,486,14,3,1535,0,14,Gio,large,push,6.61
11773,213,7,2,971,1,9,Mar,large,push,5.71
11774,232,7,3,1448,1,16,Mer,small,pull_request,17.27
11775,743,20,5,2011,1,10,Mar,small,push,23.9
11776,277,9,2,934,0,16,Lun,large,pull_request,9.95
11777,50,5,2,948,0,4,Gio,small,pull_request,11.98
11778,483,15,4,1888,1,16,Mer,large,push,11.68
11779,105,4,1,660,1,12,Mer,small,push,6.63
11780,124,4,1,822,1,17,Mer,small,push,6.87
11781,135,3,1,875,1,14,Gio,small,pull_request,8.15
11782,348,9,2,1124,1,12,Lun,small,schedule,10.89
11783,822,23,4,1635,0,15,Mer,medium,pull_request,21.12
11784,123,6,1,702,1,12,Mar,medium,pull_request,4.87
11785,806,22,4,1668,0,11,Ven,large,push,17.15
11786,144,6,2,1047,1,12,Lun,medium,pull_request,6.56
11787,561,15,3,1469,1,16,Ven,medium,pull_request,12.68
11788,149,6,2,1210,1,15,Lun,medium,push,10.22
11789,70,4,1,770,1,18,Lun,medium,pull_request,6.17
11790,994,25,6,2418,1,0,Ven,large,pull_request,12.02
11791,63,4,1,817,1,10,Gio,medium,schedule,10.62
11792,58,5,2,1133,1,14,Mar,medium,pull_request,7.08
11793,30,2,1,594,1,15,Mer,medium,pull_request,6.84
11794,484,15,4,1567,0,9,Lun,medium,schedule,14.23
11795,627,18,4,1699,0,11,Lun,small,push,30.95
11796,181,6,2,1097,0,22,Lun,medium,pull_request,10.47
11797,41,3,1,549,1,11,Mar,large,pull_request,4.6
11798,119,7,2,1201,1,12,Lun,large,pull_request,4.52
11799,86,2,1,847,1,10,Mar,large,schedule,5.06
11800,39,3,2,815,1,3,Ven,medium,push,5.71
11801,70,4,1,626,1,11,Mar,medium,push,6.31
11802,209,7,2,933,1,10,Mar,large,push,5.63
11803,62,4,1,819,1,12,Lun,medium,push,5.61
11804,165,4,2,1151,1,10,Sab,large,pull_request,5.25
11805,17,5,1,734,1,12,Lun,medium,push,5.37
11806,761,20,5,2141,0,11,Mar,medium,push,21.83
11807,78,3,2,1138,1,18,Ven,medium,pull_request,6.79
11808,313,10,2,1116,1,11,Mer,small,pull_request,14.21
11809,148,10,3,1432,1,10,Mar,small,push,14.57
11810,187,10,3,1563,0,16,Gio,large,push,10.01
11811,35,1,2,1035,1,17,Lun,medium,pull_request,7.32
11812,52,5,1,521,0,14,Mar,small,push,6.03
11813,53,3,1,653,1,11,Mer,large,pull_request,6.95
11814,123,6,2,1075,1,17,Dom,large,pull_request,5.79
11815,516,16,3,1504,1,15,Ven,medium,pull_request,13.56
11816,193,6,2,1067,1,12,Mer,small,push,10.0
11817,45,3,2,943,1,12,Mar,small,pull_request,10.04
11818,132,4,1,548,1,0,Mer,large,push,3.05
11819,110,3,1,821,1,8,Ven,small,pull_request,9.25
11820,82,3,1,559,1,9,Gio,small,push,5.63
11821,118,5,1,474,1,10,Lun,small,push,7.14
11822,278,9,3,1431,1,19,Ven,medium,pull_request,8.74
11823,54,2,1,682,0,17,Ven,medium,push,8.67
11824,82,6,1,734,0,7,Mar,large,push,4.25
11825,353,10,2,1002,1,2,Gio,large,push,5.69
11826,201,10,2,1062,0,15,Ven,large,pull_request,6.24
11827,490,13,4,1659,1,12,Mar,small,push,16.08
11828,582,17,4,1705,0,17,Ven,medium,push,19.67
11829,27,2,2,871,0,20,Lun,medium,push,9.25
11830,165,5,1,745,1,14,Mar,large,pull_request,3.05
11831,69,7,2,1061,1,10,Ven,medium,pull_request,9.46
11832,32,2,1,595,0,18,Ven,medium,push,6.11
11833,50,2,2,1037,1,12,Lun,medium,push,8.9
11834,86,4,2,921,1,12,Ven,medium,pull_request,6.95
11835,87,5,1,753,0,16,Gio,small,push,10.22
11836,62,6,2,1079,1,12,Ven,medium,schedule,7.42
11837,118,4,1,735,1,10,Mer,medium,push,6.59
11838,1770,47,9,3499,1,16,Sab,medium,push,16.49
11839,18,1,1,812,0,10,Gio,small,push,12.4
11840,419,13,3,1486,1,7,Gio,medium,pull_request,10.14
11841,118,4,1,588,0,14,Mer,small,push,10.02
11842,74,3,2,995,1,6,Mar,small,push,11.89
11843,13,1,1,704,1,17,Lun,medium,push,5.35
11844,278,9,2,1123,1,21,Lun,small,push,8.99
11845,25,3,1,488,1,19,Ven,medium,push,4.27
11846,298,7,2,1188,1,9,Mer,medium,push,8.28
11847,815,21,4,1652,1,19,Mer,medium,pull_request,14.28
11848,29,1,1,643,1,9,Mar,small,push,7.56
11849,434,11,2,922,1,11,Gio,small,push,13.0
11850,123,6,2,1038,1,8,Mar,medium,schedule,7.26
11851,12,4,1,576,0,17,Gio,small,pull_request,8.99
11852,32,3,1,850,0,10,Lun,small,schedule,17.34
11853,146,6,2,979,1,15,Mar,medium,push,9.07
11854,187,5,1,603,0,16,Mar,small,push,11.77
11855,21,5,2,813,1,12,Lun,medium,push,6.61
11856,124,4,2,1095,0,17,Gio,small,schedule,12.18
11857,297,10,3,1547,0,11,Gio,small,schedule,17.66
11858,360,11,3,1413,1,9,Mar,large,pull_request,5.28
11859,76,3,1,829,0,13,Gio,medium,push,6.71
11860,194,7,2,980,1,16,Ven,small,pull_request,15.5
11861,390,13,3,1441,0,7,Gio,small,pull_request,21.08
11862,306,13,4,1855,1,17,Gio,medium,pull_request,10.02
11863,320,10,2,1119,1,10,Mer,medium,pull_request,9.88
11864,136,4,1,551,0,16,Mer,medium,pull_request,8.51
11865,108,6,1,832,0,9,Mar,small,push,9.52
11866,162,5,1,472,1,12,Mar,large,pull_request,4.25
11867,52,3,2,883,1,13,Lun,large,push,5.39
11868,408,11,2,899,1,13,Mer,medium,pull_request,7.87
11869,22,5,2,1092,0,11,Mar,large,push,8.26
11870,69,5,2,1176,1,14,Mer,small,pull_request,8.77
11871,115,5,2,1031,0,11,Gio,small,push,20.12
11872,201,7,3,1294,1,10,Mar,medium,push,12.45
11873,247,6,1,636,1,9,Mar,small,pull_request,8.48
11874,617,16,3,1429,1,18,Mer,small,pull_request,12.82
11875,131,5,2,902,1,9,Mer,large,schedule,4.48
11876,54,3,1,552,1,12,Mar,large,pull_request,3.85
11877,102,5,1,568,1,10,Mer,medium,push,7.73
11878,84,5,1,664,1,15,Lun,medium,push,8.99
11879,213,6,1,774,1,11,Mer,small,push,9.6
11880,37,3,2,1027,1,11,Gio,small,push,12.56
11881,99,2,1,495,1,20,Mer,medium,push,3.64
11882,715,19,5,1967,1,23,Ven,medium,push,9.3
11883,146,5,2,836,1,9,Lun,medium,schedule,7.41
11884,38,2,1,617,0,16,Mer,medium,push,7.31
11885,83,4,2,1015,1,18,Mar,large,pull_request,3.84
11886,10,2,2,924,1,20,Ven,small,pull_request,8.17
11887,112,5,2,848,1,11,Lun,small,pull_request,12.59
11888,735,21,4,1570,1,17,Mer,small,pull_request,17.05
11889,33,4,1,757,1,11,Mer,large,schedule,3.97
11890,24,3,1,648,1,15,Ven,medium,pull_request,8.13
11891,58,2,2,1214,1,14,Mer,medium,push,7.24
11892,331,9,2,1049,0,16,Mer,large,push,9.14
11893,783,24,5,1969,1,18,Mer,medium,pull_request,13.64
11894,196,9,2,832,1,9,Gio,medium,push,6.89
11895,29,5,2,1113,0,10,Lun,small,pull_request,14.34
11896,117,5,2,938,1,15,Mar,medium,push,8.92
11897,859,21,4,1757,1,11,Mar,medium,pull_request,16.06
11898,85,8,2,1005,0,14,Mar,large,push,6.26
11899,140,4,2,850,1,16,Mer,small,push,12.23
11900,156,4,2,1212,1,16,Ven,medium,schedule,12.06
11901,22,7,2,863,0,16,Mer,small,push,13.92
11902,360,12,2,1072,1,10,Lun,large,push,7.71
11903,307,11,2,872,1,5,Mer,small,pull_request,9.78
11904,13,2,1,841,1,18,Mer,small,push,10.51
11905,28,3,2,960,1,13,Gio,medium,push,5.75
11906,41,3,1,693,0,15,Gio,large,pull_request,7.36
11907,273,7,2,867,0,8,Gio,small,push,11.93
11908,53,5,1,788,0,16,Dom,small,push,13.99
11909,187,7,2,918,1,9,Lun,small,pull_request,10.75
11910,98,5,1,518,0,17,Gio,large,push,5.14
11911,130,6,1,590,1,8,Ven,medium,push,5.23
11912,207,7,2,1042,1,8,Mar,large,pull_request,5.94
11913,162,8,3,1308,0,11,Gio,small,schedule,22.39
11914,118,5,2,947,0,10,Lun,medium,push,11.13
11915,172,5,1,494,1,21,Mer,medium,push,5.7
11916,152,7,3,1477,1,13,Mar,small,schedule,8.2
11917,95,4,1,608,1,13,Mar,medium,pull_request,4.88
11918,75,6,1,819,1,7,Gio,medium,schedule,6.1
11919,950,26,6,2378,1,14,Mar,small,push,23.92
11920,74,3,2,1096,1,8,Lun,medium,schedule,8.85
11921,540,17,4,1621,1,15,Mer,medium,pull_request,13.7
11922,56,2,1,511,0,21,Mer,medium,push,5.96
11923,293,12,2,1071,0,11,Lun,medium,pull_request,14.25
11924,854,21,5,2100,1,17,Gio,large,push,11.76
11925,83,7,2,1213,1,20,Sab,medium,push,9.02
11926,58,3,2,1119,1,20,Mar,medium,pull_request,7.53
11927,75,5,1,723,1,16,Sab,small,push,11.78
11928,117,6,1,480,0,18,Dom,medium,schedule,6.45
11929,171,8,3,1508,1,11,Mer,small,schedule,17.78
11930,115,6,2,875,0,15,Ven,small,pull_request,19.75
11931,76,3,1,770,1,15,Gio,medium,push,9.29
11932,1030,28,5,2136,0,10,Ven,large,pull_request,18.44
11933,96,5,1,798,1,11,Lun,small,pull_request,9.23
11934,61,3,1,608,1,11,Gio,medium,push,6.76
11935,299,9,3,1371,1,8,Mar,small,pull_request,14.44
11936,304,9,3,1201,1,13,Gio,small,push,16.81
11937,567,15,4,1657,1,17,Mar,medium,pull_request,17.98
11938,1000,27,6,2578,1,15,Gio,small,pull_request,26.59
11939,176,7,2,881,1,15,Ven,large,pull_request,7.01
11940,87,4,1,841,1,15,Mer,small,push,9.56
11941,15,1,2,830,1,4,Mer,medium,pull_request,6.5
11942,43,1,1,620,1,0,Lun,small,push,6.56
11943,151,8,3,1318,1,10,Mar,small,pull_request,20.54
11944,33,3,1,876,1,18,Dom,medium,pull_request,6.44
11945,21,5,2,1029,1,17,Gio,medium,pull_request,7.66
11946,129,6,1,829,1,15,Gio,small,pull_request,10.92
11947,282,12,2,1181,1,12,Gio,small,pull_request,12.23
11948,92,4,1,684,1,20,Mer,small,pull_request,8.39
11949,322,11,2,1090,1,8,Mer,medium,schedule,7.22
11950,236,8,2,1138,1,9,Mar,large,push,4.37
11951,425,15,3,1393,1,15,Lun,small,pull_request,14.07
11952,1311,34,7,2936,1,14,Gio,small,pull_request,20.83
11953,2128,57,10,3798,1,21,Ven,medium,pull_request,25.73
11954,268,9,3,1464,1,17,Mar,medium,push,8.69
11955,72,2,2,980,1,19,Mer,small,push,11.74
11956,128,5,2,935,1,16,Mer,small,push,13.0
11957,677,20,5,2025,1,19,Gio,medium,schedule,10.33
11958,45,2,1,552,0,16,Gio,medium,push,7.56
11959,590,18,3,1511,1,14,Lun,medium,pull_request,7.62
11960,100,3,1,642,0,15,Gio,medium,push,7.26
11961,154,4,1,750,0,18,Gio,small,pull_request,9.65
11962,49,2,2,895,0,9,Lun,medium,push,7.57
11963,28,3,2,1097,1,14,Mer,medium,pull_request,10.06
11964,88,3,2,826,0,12,Mar,medium,pull_request,9.61
11965,503,16,3,1451,1,15,Ven,small,pull_request,16.88
11966,55,3,2,1019,1,15,Ven,medium,push,11.38
11967,707,21,4,1549,1,12,Mer,small,pull_request,13.77
11968,64,3,1,609,1,16,Mar,large,pull_request,4.43
11969,37,3,2,847,1,14,Ven,small,push,10.69
11970,159,7,3,1212,1,10,Mar,large,push,6.5
11971,253,8,3,1493,1,15,Mer,large,pull_request,9.6
11972,148,6,1,807,1,5,Mar,medium,schedule,6.42
11973,142,6,1,788,1,17,Lun,large,pull_request,4.64
11974,700,19,4,1586,1,18,Ven,small,pull_request,21.08
11975,133,3,2,1068,1,8,Mar,small,push,11.45
11976,72,2,2,1070,1,10,Gio,medium,push,9.62
11977,35,2,2,959,1,9,Gio,medium,pull_request,5.68
11978,487,12,2,1030,1,16,Gio,large,push,7.26
11979,75,5,1,552,0,8,Lun,medium,pull_request,6.06
11980,84,5,1,855,1,14,Mar,small,pull_request,8.55
11981,382,11,2,915,1,12,Ven,small,push,9.75
11982,1149,31,7,2668,1,16,Mar,medium,push,23.9
11983,158,8,2,1130,1,15,Lun,medium,push,8.5
11984,103,5,2,907,1,14,Gio,medium,push,7.26
11985,119,5,1,844,0,14,Gio,large,push,4.58
11986,73,3,1,723,1,16,Mer,small,push,7.67
11987,81,5,2,1173,1,13,Mar,medium,push,7.53
11988,82,5,1,695,1,12,Mar,small,push,8.49
11989,327,10,2,1221,0,4,Mar,medium,pull_request,9.45
11990,109,7,2,1136,1,11,Mer,medium,pull_request,10.0
11991,535,14,4,1811,1,12,Dom,medium,push,11.4
11992,106,9,3,1238,1,15,Gio,medium,pull_request,9.41
11993,80,3,1,787,1,15,Gio,small,pull_request,11.37
11994,489,15,4,1646,0,20,Mer,large,pull_request,9.33
11995,123,3,1,801,1,11,Gio,medium,schedule,8.05
11996,104,4,2,831,1,14,Mer,large,pull_request,3.8
11997,125,6,2,849,0,16,Ven,small,pull_request,15.66
11998,602,15,4,1802,0,11,Mer,small,pull_request,29.89
11999,168,5,2,829,0,14,Mar,medium,pull_request,9.29
12000,474,14,3,1305,1,12,Mer,medium,push,10.95
