id_ticket,priorita,componente,tipo,lunghezza_descrizione,commenti_24h,carico_assegnatario,esperienza_assegnatario_mesi,allegati,ore_risoluzione
T-00001,Alta,API,Richiesta,624,2,9,15,1,61.6
T-00002,Media,Documentazione,Richiesta,454,1,5,21,0,9.6
T-00003,Alta,Frontend,Bug,327,5,10,14,0,9.2
T-00004,Media,Frontend,Richiesta,281,1,7,28,1,55.8
T-00005,Bassa,Infrastruttura,Bug,583,2,7,23,0,61.3
T-00006,Critica,Database,Richiesta,454,1,10,68,0,35.6
T-00007,Alta,Mobile,Richiesta,398,0,5,5,0,32.1
T-00008,Alta,Database,Bug,1518,4,8,17,0,23.7
T-00009,Bassa,Backend,Bug,571,1,6,62,0,38.1
T-00010,Media,Mobile,Richiesta,1286,1,8,14,1,154.8
T-00011,Media,Backend,Bug,436,2,7,47,0,13.9
T-00012,Critica,Backend,Domanda,695,3,8,33,0,8.7
T-00013,Media,API,Richiesta,580,0,5,31,0,93.6
T-00014,Alta,Mobile,Richiesta,217,3,4,47,0,19.6
T-00015,Media,Infrastruttura,Bug,1414,1,9,29,1,51.7
T-00016,Bassa,Frontend,Richiesta,553,1,11,15,1,163.5
T-00017,Media,Backend,Domanda,939,0,7,44,1,17.0
T-00018,Bassa,Documentazione,Bug,382,1,2,53,0,11.4
T-00019,Alta,Backend,Bug,543,2,9,53,0,54.4
T-00020,Media,Backend,Bug,357,1,9,54,1,27.9
T-00021,Alta,Frontend,Bug,1260,1,6,41,0,12.0
T-00022,Media,Database,Richiesta,723,0,7,6,0,124.8
T-00023,Critica,Infrastruttura,Bug,748,5,4,119,0,10.4
T-00024,Alta,Mobile,Richiesta,1355,2,5,53,0,76.4
T-00025,Alta,Mobile,Bug,1201,6,12,23,1,29.7
T-00026,Bassa,Backend,Bug,950,1,9,58,1,73.8
T-00027,Media,Frontend,Bug,256,0,7,11,0,39.1
T-00028,Bassa,Database,Domanda,395,1,14,48,0,51.8
T-00029,Bassa,Backend,Richiesta,329,3,12,25,1,130.7
T-00030,Media,Frontend,Bug,928,0,11,12,0,63.7
T-00031,Alta,Frontend,Richiesta,665,1,7,12,1,41.6
T-00032,Critica,Backend,Bug,261,3,4,43,0,6.9
T-00033,Media,API,Bug,536,0,8,47,1,66.1
T-00034,Media,Mobile,Bug,245,1,10,14,0,39.5
T-00035,Media,Backend,Domanda,581,0,12,25,0,33.8
T-00036,Bassa,Database,Richiesta,222,1,11,40,1,282.1
T-00037,Bassa,Mobile,Richiesta,824,1,6,20,1,102.5
T-00038,Media,Mobile,Bug,753,1,13,106,1,161.4
T-00039,Bassa,Infrastruttura,Bug,1885,1,7,43,0,97.8
T-00040,Media,Frontend,Richiesta,998,1,7,29,1,49.9
T-00041,Media,Infrastruttura,Bug,466,0,6,65,0,67.3
T-00042,Alta,Backend,Domanda,980,2,8,46,0,12.8
T-00043,Alta,Frontend,Richiesta,259,2,7,40,0,24.0
T-00044,Media,Backend,Bug,337,2,12,44,0,61.0
T-00045,Alta,Database,Richiesta,733,5,5,54,1,44.0
T-00046,Alta,Frontend,Domanda,164,1,4,19,1,15.4
T-00047,Media,Backend,Bug,587,1,8,5,0,48.1
T-00048,Bassa,Mobile,Richiesta,325,0,6,68,0,59.5
T-00049,Media,Frontend,Domanda,638,3,9,33,0,11.1
T-00050,Bassa,Frontend,Bug,314,3,5,22,0,52.7
T-00051,Bassa,Backend,Domanda,774,1,5,15,0,36.2
T-00052,Bassa,Frontend,Bug,607,3,11,14,1,84.9
T-00053,Alta,Frontend,Richiesta,1390,4,4,36,0,18.8
T-00054,Media,Frontend,Richiesta,602,1,4,31,0,76.9
T-00055,Alta,Backend,Richiesta,378,0,4,65,1,69.8
T-00056,Alta,Mobile,Bug,517,4,7,47,0,20.9
T-00057,Media,Documentazione,Richiesta,268,1,7,53,0,53.9
T-00058,Media,Database,Bug,766,3,10,63,0,84.7
T-00059,Bassa,API,Bug,855,0,3,37,0,169.4
T-00060,Bassa,Infrastruttura,Bug,2640,1,6,86,0,145.3
T-00061,Media,Documentazione,Richiesta,413,2,8,18,1,35.6
T-00062,Media,API,Bug,511,3,4,62,0,38.2
T-00063,Media,Infrastruttura,Bug,425,1,4,5,1,50.8
T-00064,Alta,Documentazione,Domanda,681,2,8,5,1,7.5
T-00065,Media,Mobile,Bug,754,1,3,11,1,88.3
T-00066,Media,Database,Bug,581,1,8,29,1,100.0
T-00067,Media,Backend,Bug,1151,2,7,4,1,57.2
T-00068,Media,Backend,Bug,414,1,9,28,1,52.4
T-00069,Bassa,Database,Richiesta,1084,2,7,23,0,235.8
T-00070,Media,Database,Bug,829,1,7,113,0,64.4
T-00071,Bassa,Frontend,Bug,596,0,4,9,1,92.9
T-00072,Media,API,Domanda,497,1,7,35,1,19.5
T-00073,Alta,API,Richiesta,2573,2,5,47,1,31.0
T-00074,Bassa,Infrastruttura,Richiesta,368,1,5,82,0,77.1
T-00075,Bassa,Backend,Domanda,717,2,4,52,1,30.0
T-00076,Bassa,Backend,Domanda,383,1,5,69,1,31.6
T-00077,Bassa,Mobile,Bug,1752,1,9,38,1,165.9
T-00078,Media,Infrastruttura,Richiesta,1021,3,16,16,0,119.0
T-00079,Media,Documentazione,Richiesta,399,1,6,8,0,28.0
T-00080,Alta,Infrastruttura,Bug,816,0,3,56,0,18.6
T-00081,Media,Infrastruttura,Bug,700,1,7,22,0,36.7
T-00082,Media,Frontend,Bug,440,0,8,3,0,43.3
T-00083,Alta,Frontend,Richiesta,946,5,3,24,0,43.2
T-00084,Bassa,Frontend,Richiesta,758,1,6,31,1,105.3
T-00085,Bassa,API,Richiesta,683,3,6,76,0,173.4
T-00086,Bassa,Documentazione,Bug,585,1,5,26,1,33.3
T-00087,Alta,Frontend,Bug,777,2,6,31,0,20.4
T-00088,Media,API,Bug,689,3,8,31,1,27.6
T-00089,Bassa,Frontend,Bug,622,1,8,61,0,48.5
T-00090,Media,Backend,Domanda,408,0,6,17,0,9.7
T-00091,Bassa,Backend,Domanda,1658,1,6,42,0,16.6
T-00092,Media,Backend,Domanda,319,1,7,20,0,8.9
T-00093,Media,Documentazione,Domanda,776,0,10,75,0,9.7
T-00094,Media,Frontend,Domanda,495,1,7,87,1,8.7
T-00095,Media,Infrastruttura,Bug,1724,2,11,35,1,82.9
T-00096,Media,API,Bug,349,1,6,40,0,38.9
T-00097,Media,Backend,Bug,386,1,4,26,1,18.4
T-00098,Bassa,Backend,Bug,335,4,10,5,0,68.4
T-00099,Bassa,Infrastruttura,Bug,729,5,4,31,0,110.6
T-00100,Critica,Frontend,Bug,263,7,8,29,0,11.0
T-00101,Alta,Documentazione,Domanda,450,2,4,23,0,4.9
T-00102,Media,Backend,Bug,165,2,3,26,0,23.6
T-00103,Bassa,API,Domanda,693,1,10,43,1,25.8
T-00104,Critica,Infrastruttura,Richiesta,444,8,3,40,0,14.8
T-00105,Alta,Backend,Richiesta,246,3,2,26,1,48.8
T-00106,Alta,Frontend,Richiesta,1151,4,9,79,0,32.0
T-00107,Media,Documentazione,Bug,274,1,7,4,0,18.5
T-00108,Bassa,Frontend,Richiesta,968,3,4,18,0,105.5
T-00109,Bassa,Frontend,Bug,394,1,5,56,0,45.4
T-00110,Alta,Frontend,Domanda,1568,2,7,6,0,12.3
T-00111,Media,Frontend,Bug,941,4,7,4,1,37.2
T-00112,Bassa,Mobile,Bug,328,3,7,17,1,57.6
T-00113,Media,Mobile,Richiesta,346,4,5,30,0,72.6
T-00114,Media,Frontend,Richiesta,863,1,6,21,0,24.4
T-00115,Bassa,Infrastruttura,Bug,513,2,5,36,0,105.8
T-00116,Alta,Backend,Richiesta,542,4,8,4,0,28.6
T-00117,Alta,Backend,Bug,1287,3,7,16,1,13.2
T-00118,Alta,API,Richiesta,383,3,8,50,0,17.6
T-00119,Media,Documentazione,Bug,634,2,6,42,1,20.1
T-00120,Media,Backend,Bug,1064,0,10,19,1,73.4
T-00121,Media,Backend,Bug,975,2,11,34,0,76.1
T-00122,Media,Database,Bug,545,3,4,29,1,71.1
T-00123,Bassa,Infrastruttura,Bug,505,1,8,30,1,59.2
T-00124,Media,Backend,Bug,211,2,6,38,0,184.6
T-00125,Bassa,Frontend,Bug,318,1,4,90,1,53.6
T-00126,Media,Mobile,Bug,726,0,6,91,0,43.0
T-00127,Media,Frontend,Bug,552,1,6,6,1,51.5
T-00128,Bassa,Backend,Bug,628,0,9,25,1,39.9
T-00129,Bassa,Backend,Richiesta,1119,3,7,11,1,84.4
T-00130,Media,Frontend,Domanda,294,2,8,40,1,23.6
T-00131,Bassa,Database,Bug,521,0,9,26,1,111.7
T-00132,Critica,Infrastruttura,Domanda,672,0,8,63,0,23.4
T-00133,Media,API,Bug,393,1,12,31,1,29.0
T-00134,Media,API,Bug,1416,2,7,82,1,85.8
T-00135,Media,Documentazione,Richiesta,1035,1,10,94,1,27.7
T-00136,Bassa,Frontend,Richiesta,714,0,9,80,1,148.2
T-00137,Critica,Frontend,Richiesta,1761,6,6,3,0,16.3
T-00138,Media,Documentazione,Bug,244,2,5,38,0,14.8
T-00139,Alta,Backend,Richiesta,597,3,9,23,1,54.3
T-00140,Bassa,Mobile,Bug,747,0,5,26,1,67.7
T-00141,Media,Mobile,Bug,347,0,8,56,1,65.3
T-00142,Media,Backend,Bug,719,1,13,25,0,54.5
T-00143,Critica,Database,Domanda,309,3,6,32,0,25.6
T-00144,Media,Backend,Bug,908,2,10,34,0,15.5
T-00145,Media,Backend,Richiesta,1132,1,6,4,0,68.0
T-00146,Bassa,Database,Richiesta,707,3,6,22,1,264.5
T-00147,Media,Frontend,Richiesta,197,2,2,66,0,35.8
T-00148,Media,Mobile,Richiesta,336,0,6,3,0,102.1
T-00149,Media,Documentazione,Domanda,842,2,4,46,0,7.2
T-00150,Bassa,Infrastruttura,Bug,608,2,7,14,1,252.5
T-00151,Alta,Frontend,Bug,119,4,8,23,0,14.5
T-00152,Alta,Frontend,Richiesta,1265,4,14,53,0,30.7
T-00153,Bassa,Frontend,Bug,651,1,6,11,0,93.0
T-00154,Media,Backend,Bug,367,2,7,24,0,55.1
T-00155,Bassa,Documentazione,Bug,1090,4,3,6,0,41.3
T-00156,Media,Frontend,Bug,400,2,8,42,1,28.5
T-00157,Bassa,Backend,Bug,397,0,10,16,0,95.0
T-00158,Media,Infrastruttura,Bug,744,2,6,8,0,123.7
T-00159,Alta,Frontend,Domanda,1747,7,11,31,0,11.6
T-00160,Alta,Backend,Bug,1589,1,4,6,0,68.8
T-00161,Bassa,Backend,Domanda,745,2,3,22,0,18.0
T-00162,Alta,API,Domanda,792,3,5,15,1,7.0
T-00163,Bassa,Mobile,Bug,965,1,9,36,0,67.7
T-00164,Bassa,Backend,Richiesta,282,1,4,37,0,28.6
T-00165,Media,Documentazione,Richiesta,883,2,5,17,1,81.9
T-00166,Media,Infrastruttura,Richiesta,386,2,6,80,1,47.0
T-00167,Alta,Infrastruttura,Bug,726,1,11,64,0,29.1
T-00168,Alta,Backend,Bug,523,3,13,13,0,12.9
T-00169,Media,Backend,Bug,811,0,13,128,1,72.7
T-00170,Critica,Infrastruttura,Richiesta,644,5,6,51,0,21.5
T-00171,Bassa,Frontend,Domanda,95,2,7,39,1,13.1
T-00172,Media,API,Richiesta,668,0,9,41,1,67.8
T-00173,Bassa,Mobile,Richiesta,882,0,6,10,0,184.2
T-00174,Critica,Backend,Domanda,784,3,7,71,0,3.7
T-00175,Bassa,Mobile,Richiesta,564,1,4,4,1,49.8
T-00176,Bassa,Documentazione,Bug,1607,2,6,41,0,21.8
T-00177,Media,Mobile,Domanda,723,0,7,64,0,10.0
T-00178,Critica,Frontend,Bug,780,3,5,14,0,12.5
T-00179,Alta,Infrastruttura,Bug,1123,5,8,53,0,50.1
T-00180,Alta,Database,Bug,746,2,7,33,1,73.2
T-00181,Alta,Mobile,Domanda,350,4,4,56,1,3.3
T-00182,Alta,Infrastruttura,Bug,139,2,8,62,0,29.8
T-00183,Media,Mobile,Bug,451,2,10,85,0,29.1
T-00184,Media,Frontend,Bug,947,1,7,73,1,141.0
T-00185,Alta,Backend,Bug,485,2,6,5,0,43.6
T-00186,Media,Backend,Bug,970,3,6,13,1,103.3
T-00187,Media,Database,Richiesta,656,3,8,44,0,115.9
T-00188,Bassa,Database,Domanda,1300,2,8,63,0,49.8
T-00189,Alta,API,Bug,503,7,5,12,1,14.2
T-00190,Bassa,Frontend,Bug,794,1,10,50,0,53.1
T-00191,Critica,Mobile,Bug,813,2,7,77,0,9.2
T-00192,Bassa,Documentazione,Bug,1477,3,6,61,0,43.8
T-00193,Bassa,Backend,Richiesta,215,4,6,50,0,122.2
T-00194,Alta,Mobile,Richiesta,456,2,7,29,0,30.9
T-00195,Bassa,API,Richiesta,998,1,7,28,0,83.8
T-00196,Bassa,Database,Bug,1517,0,6,115,1,51.2
T-00197,Media,Backend,Richiesta,693,1,9,20,0,85.2
T-00198,Alta,Mobile,Bug,503,3,12,13,0,55.5
T-00199,Bassa,Documentazione,Bug,945,0,5,8,1,82.1
T-00200,Media,Mobile,Domanda,1010,0,7,47,1,43.6
T-00201,Alta,Documentazione,Richiesta,484,3,5,43,0,16.2
T-00202,Critica,Documentazione,Domanda,732,5,5,31,1,2.4
T-00203,Media,Frontend,Domanda,1218,1,10,43,0,34.0
T-00204,Bassa,API,Richiesta,1865,0,10,56,0,90.8
T-00205,Bassa,Database,Domanda,937,1,2,26,0,28.9
T-00206,Bassa,Documentazione,Bug,616,3,4,45,0,55.6
T-00207,Bassa,Backend,Bug,581,2,4,24,0,36.1
T-00208,Media,Frontend,Bug,838,3,10,46,0,37.5
T-00209,Bassa,Infrastruttura,Bug,560,0,6,77,0,116.6
T-00210,Media,Frontend,Bug,672,2,8,60,1,37.6
T-00211,Media,Mobile,Bug,318,0,7,96,1,60.5
T-00212,Media,Frontend,Richiesta,1307,1,7,20,1,151.1
T-00213,Bassa,Documentazione,Richiesta,303,1,13,16,1,88.0
T-00214,Alta,Infrastruttura,Richiesta,463,1,5,42,1,93.5
T-00215,Alta,Frontend,Bug,636,0,3,21,0,12.7
T-00216,Alta,Mobile,Richiesta,1981,6,4,48,0,30.6
T-00217,Bassa,Frontend,Bug,466,2,7,36,0,154.0
T-00218,Bassa,API,Bug,402,2,4,13,0,127.1
T-00219,Critica,API,Bug,431,7,6,43,0,4.4
T-00220,Media,Infrastruttura,Bug,1623,2,8,14,0,86.1
T-00221,Media,Backend,Bug,111,1,9,81,0,26.8
T-00222,Media,Backend,Richiesta,329,1,7,26,0,67.5
T-00223,Media,Mobile,Richiesta,3089,2,7,16,1,207.1
T-00224,Critica,API,Richiesta,855,9,9,37,0,33.7
T-00225,Bassa,Database,Bug,309,1,8,40,0,86.6
T-00226,Critica,Backend,Richiesta,585,4,5,20,0,27.6
T-00227,Bassa,Frontend,Richiesta,625,1,6,19,0,121.9
T-00228,Media,Infrastruttura,Bug,997,2,8,6,1,86.7
T-00229,Media,Backend,Richiesta,1809,2,7,58,0,33.1
T-00230,Bassa,Frontend,Bug,758,2,9,79,0,86.7
T-00231,Bassa,Documentazione,Bug,434,2,8,64,1,41.1
T-00232,Media,Backend,Bug,962,0,6,16,0,61.1
T-00233,Critica,Mobile,Bug,395,9,2,43,0,4.1
T-00234,Media,Frontend,Bug,323,1,6,37,0,69.4
T-00235,Critica,Infrastruttura,Bug,209,3,8,8,0,17.9
T-00236,Alta,Mobile,Bug,235,5,6,19,0,10.1
T-00237,Media,Infrastruttura,Domanda,350,1,5,40,0,10.8
T-00238,Alta,Backend,Bug,296,1,12,3,0,40.5
T-00239,Bassa,Database,Bug,724,2,6,11,0,138.7
T-00240,Bassa,Mobile,Bug,292,1,6,53,0,46.0
T-00241,Alta,Backend,Domanda,91,1,6,15,0,7.7
T-00242,Alta,Backend,Richiesta,321,1,7,8,0,47.1
T-00243,Bassa,Backend,Domanda,452,2,5,62,0,21.2
T-00244,Media,Documentazione,Bug,417,1,8,15,0,15.9
T-00245,Media,Mobile,Bug,1493,1,10,53,0,96.3
T-00246,Alta,API,Richiesta,415,2,5,94,0,31.1
T-00247,Media,Mobile,Bug,1018,3,5,11,1,66.2
T-00248,Media,Database,Richiesta,593,0,4,27,1,62.8
T-00249,Media,Database,Domanda,585,3,11,38,0,13.7
T-00250,Media,Frontend,Bug,363,3,6,61,1,27.3
T-00251,Media,API,Domanda,579,1,9,19,0,28.2
T-00252,Alta,Backend,Richiesta,379,5,6,1,0,44.7
T-00253,Media,Infrastruttura,Bug,664,1,5,11,0,83.4
T-00254,Bassa,Infrastruttura,Bug,521,2,7,23,0,81.4
T-00255,Bassa,Frontend,Bug,340,1,6,53,1,35.0
T-00256,Alta,API,Richiesta,1088,6,4,27,0,26.4
T-00257,Alta,Backend,Bug,775,4,6,51,0,19.3
T-00258,Bassa,Documentazione,Bug,459,1,9,22,1,69.0
T-00259,Bassa,Documentazione,Richiesta,655,1,6,35,0,41.0
T-00260,Media,Documentazione,Bug,571,2,8,56,0,15.7
T-00261,Bassa,Frontend,Bug,357,3,8,67,0,107.6
T-00262,Alta,Backend,Richiesta,626,4,9,108,1,56.6
T-00263,Media,Backend,Bug,413,1,7,39,0,25.2
T-00264,Bassa,Backend,Bug,340,1,6,4,1,139.4
T-00265,Critica,Backend,Bug,227,6,13,44,0,6.4
T-00266,Bassa,Backend,Bug,484,0,10,4,1,83.9
T-00267,Bassa,Documentazione,Bug,843,2,5,48,1,29.4
T-00268,Bassa,Backend,Richiesta,395,3,13,34,1,120.8
T-00269,Bassa,Backend,Domanda,2723,1,7,64,0,47.9
T-00270,Bassa,Infrastruttura,Bug,1021,2,5,22,0,112.5
T-00271,Bassa,API,Domanda,1312,0,7,35,1,49.8
T-00272,Bassa,Mobile,Richiesta,967,6,6,44,0,73.5
T-00273,Bassa,API,Richiesta,1824,1,8,2,1,205.8
T-00274,Media,Infrastruttura,Richiesta,374,0,6,43,1,93.7
T-00275,Media,API,Richiesta,129,1,8,16,0,24.6
T-00276,Media,Database,Richiesta,459,4,5,40,0,75.6
T-00277,Media,Mobile,Bug,839,0,4,3,0,54.3
T-00278,Media,Frontend,Bug,657,1,5,49,1,24.9
T-00279,Alta,Frontend,Bug,708,2,12,46,0,20.7
T-00280,Alta,Database,Bug,1325,2,8,62,0,30.9
T-00281,Bassa,Backend,Richiesta,755,1,6,6,1,117.1
T-00282,Bassa,Mobile,Bug,969,1,7,106,0,143.6
T-00283,Bassa,Frontend,Bug,341,0,3,9,0,127.1
T-00284,Bassa,Backend,Bug,311,3,7,35,0,15.4
T-00285,Media,Backend,Bug,1580,1,10,23,0,80.9
T-00286,Media,Infrastruttura,Richiesta,637,1,6,28,0,143.6
T-00287,Bassa,Frontend,Richiesta,413,0,6,96,1,64.2
T-00288,Media,API,Bug,413,1,9,11,1,73.9
T-00289,Media,Infrastruttura,Bug,406,0,5,86,1,103.7
T-00290,Bassa,Backend,Bug,392,0,6,54,1,35.0
T-00291,Alta,Mobile,Bug,278,6,4,30,0,15.3
T-00292,Bassa,Frontend,Richiesta,244,3,8,30,0,162.9
T-00293,Critica,Backend,Richiesta,534,2,8,46,0,11.0
T-00294,Bassa,API,Bug,420,0,6,22,1,67.6
T-00295,Alta,Documentazione,Bug,1166,1,6,26,0,11.6
T-00296,Alta,Frontend,Domanda,715,5,8,35,1,12.7
T-00297,Critica,API,Richiesta,704,12,7,80,0,15.3
T-00298,Alta,Frontend,Bug,384,5,7,28,1,17.8
T-00299,Alta,API,Bug,558,2,5,5,0,22.2
T-00300,Media,API,Bug,745,2,5,36,1,18.2
T-00301,Alta,API,Domanda,922,5,8,29,0,16.6
T-00302,Bassa,API,Bug,567,3,7,18,0,52.9
T-00303,Media,Backend,Bug,1146,1,5,40,1,45.2
T-00304,Media,API,Domanda,603,2,9,18,0,27.5
T-00305,Alta,API,Richiesta,965,8,5,27,1,29.0
T-00306,Media,API,Bug,447,2,5,35,1,54.6
T-00307,Media,Backend,Bug,202,1,6,38,1,43.4
T-00308,Media,Frontend,Bug,705,2,11,43,0,45.2
T-00309,Bassa,Frontend,Richiesta,927,0,9,47,0,127.5
T-00310,Bassa,Backend,Bug,847,2,7,34,0,43.3
T-00311,Media,Backend,Domanda,773,2,8,6,0,18.5
T-00312,Media,Frontend,Domanda,487,3,8,39,0,20.2
T-00313,Bassa,Mobile,Bug,370,2,4,61,1,36.6
T-00314,Media,Backend,Richiesta,835,0,9,5,1,72.2
T-00315,Media,Infrastruttura,Bug,775,1,9,7,0,55.7
T-00316,Media,Database,Bug,429,4,6,16,1,54.7
T-00317,Media,Mobile,Richiesta,1167,2,8,58,0,138.3
T-00318,Media,Database,Bug,353,1,7,15,0,71.1
T-00319,Bassa,Database,Bug,423,0,6,59,0,30.8
T-00320,Critica,API,Bug,1602,2,6,37,1,22.3
T-00321,Alta,Documentazione,Bug,1010,8,7,19,1,8.8
T-00322,Media,Database,Bug,484,4,6,168,0,32.6
T-00323,Media,Database,Richiesta,713,1,11,9,0,116.2
T-00324,Media,API,Richiesta,658,0,10,32,0,51.7
T-00325,Alta,Mobile,Richiesta,116,1,7,13,0,28.2
T-00326,Media,Backend,Richiesta,348,1,4,40,0,37.9
T-00327,Alta,Database,Bug,582,4,5,14,1,35.4
T-00328,Media,Database,Richiesta,484,0,4,21,1,59.7
T-00329,Media,Documentazione,Bug,696,3,8,16,0,13.2
T-00330,Bassa,Database,Bug,1182,1,8,25,1,194.4
T-00331,Alta,Database,Domanda,495,3,6,61,1,18.0
T-00332,Bassa,Documentazione,Bug,318,1,9,8,0,47.5
T-00333,Media,Database,Bug,729,1,6,15,1,52.3
T-00334,Alta,Backend,Bug,493,1,3,22,0,14.4
T-00335,Bassa,Backend,Bug,546,1,12,26,0,66.7
T-00336,Media,Backend,Bug,504,4,9,76,0,46.8
T-00337,Bassa,Backend,Bug,2303,0,5,16,1,77.1
T-00338,Alta,Frontend,Domanda,156,4,9,59,0,7.4
T-00339,Bassa,Mobile,Bug,475,1,3,83,0,65.1
T-00340,Critica,Mobile,Bug,599,4,6,27,0,22.0
T-00341,Bassa,Backend,Bug,375,2,9,12,0,114.1
T-00342,Critica,API,Richiesta,1029,3,7,69,0,22.5
T-00343,Alta,Backend,Bug,977,1,7,55,0,13.1
T-00344,Media,Documentazione,Bug,583,2,4,11,1,26.9
T-00345,Alta,Backend,Bug,510,4,10,92,0,19.1
T-00346,Alta,API,Richiesta,561,4,5,17,0,23.5
T-00347,Critica,Frontend,Richiesta,563,8,6,27,1,23.0
T-00348,Bassa,API,Richiesta,572,1,7,49,1,95.8
T-00349,Media,Frontend,Richiesta,536,0,5,84,0,32.3
T-00350,Bassa,Mobile,Bug,698,1,7,38,0,130.5
T-00351,Media,Backend,Bug,943,4,3,25,0,27.8
T-00352,Bassa,Documentazione,Bug,287,1,8,22,0,24.7
T-00353,Media,Database,Bug,319,1,5,25,1,31.3
T-00354,Media,Mobile,Bug,210,1,10,127,0,19.7
T-00355,Media,Infrastruttura,Bug,1009,1,10,43,0,57.8
T-00356,Media,Documentazione,Bug,697,1,7,35,0,28.7
T-00357,Alta,Backend,Richiesta,812,3,8,56,0,21.4
T-00358,Alta,Frontend,Bug,254,7,4,26,0,4.5
T-00359,Media,Frontend,Richiesta,1751,1,9,81,1,81.2
T-00360,Media,Frontend,Richiesta,416,1,4,45,0,30.3
T-00361,Critica,API,Bug,664,8,5,24,0,8.4
T-00362,Bassa,Documentazione,Bug,1002,1,6,20,1,78.8
T-00363,Bassa,Documentazione,Richiesta,332,1,9,6,0,57.8
T-00364,Bassa,Database,Richiesta,432,1,8,61,0,1078.4
T-00365,Media,API,Bug,668,1,13,8,0,59.5
T-00366,Media,Infrastruttura,Bug,3332,0,11,78,0,165.5
T-00367,Alta,Documentazione,Richiesta,719,3,7,15,0,14.4
T-00368,Media,Backend,Richiesta,1573,2,7,16,0,85.1
T-00369,Media,Database,Bug,1237,3,5,106,1,30.8
T-00370,Alta,Infrastruttura,Bug,748,7,6,57,1,18.0
T-00371,Alta,Frontend,Domanda,331,2,6,34,0,5.8
T-00372,Bassa,Frontend,Bug,1133,3,5,100,0,23.6
T-00373,Media,Documentazione,Domanda,244,1,3,29,1,6.7
T-00374,Media,Documentazione,Bug,1568,1,13,21,0,33.1
T-00375,Bassa,Documentazione,Bug,677,2,4,36,0,32.2
T-00376,Bassa,Mobile,Bug,122,2,7,64,1,26.4
T-00377,Critica,Frontend,Bug,489,5,4,10,0,11.6
T-00378,Media,Frontend,Domanda,888,2,10,16,1,43.9
T-00379,Media,Database,Bug,520,1,4,13,0,103.7
T-00380,Alta,API,Domanda,921,2,8,11,1,29.3
T-00381,Media,Database,Bug,360,1,6,27,0,51.6
T-00382,Critica,API,Domanda,274,8,6,11,0,2.6
T-00383,Alta,Frontend,Domanda,575,1,6,5,0,11.0
T-00384,Media,Mobile,Richiesta,611,3,6,16,1,62.7
T-00385,Media,Frontend,Bug,487,0,10,15,0,20.6
T-00386,Critica,Frontend,Richiesta,1253,7,10,43,0,24.3
T-00387,Alta,Backend,Bug,360,3,6,60,1,16.3
T-00388,Critica,Backend,Domanda,724,3,5,18,0,2.6
T-00389,Bassa,Infrastruttura,Bug,625,1,7,16,0,90.7
T-00390,Alta,Frontend,Bug,236,0,7,102,0,12.1
T-00391,Media,Backend,Bug,272,1,5,58,1,31.5
T-00392,Bassa,Mobile,Richiesta,604,2,5,40,0,97.3
T-00393,Media,API,Domanda,1970,0,9,24,0,48.6
T-00394,Media,Backend,Bug,849,2,6,57,1,23.2
T-00395,Bassa,Frontend,Richiesta,213,2,9,12,0,73.1
T-00396,Media,Backend,Domanda,93,2,6,59,0,5.8
T-00397,Alta,API,Bug,931,5,5,45,0,31.1
T-00398,Bassa,Frontend,Bug,566,3,8,51,0,39.7
T-00399,Media,Backend,Richiesta,1190,3,7,34,0,56.8
T-00400,Media,Backend,Richiesta,354,3,4,9,0,74.7
T-00401,Media,API,Bug,740,3,7,12,0,73.9
T-00402,Alta,Backend,Richiesta,997,1,8,47,1,89.3
T-00403,Alta,Infrastruttura,Bug,459,6,6,43,0,11.2
T-00404,Bassa,Backend,Domanda,465,1,4,20,0,29.7
T-00405,Critica,API,Domanda,609,6,8,20,0,5.0
T-00406,Alta,Frontend,Richiesta,831,1,7,70,1,31.7
T-00407,Bassa,Frontend,Bug,595,3,7,31,1,60.7
T-00408,Alta,Backend,Bug,1076,2,10,15,1,66.0
T-00409,Bassa,Infrastruttura,Bug,455,1,8,78,1,152.3
T-00410,Critica,Infrastruttura,Bug,270,4,8,73,1,121.4
T-00411,Media,Backend,Richiesta,1965,3,4,31,1,79.4
T-00412,Media,Backend,Bug,417,2,5,36,0,90.0
T-00413,Bassa,Documentazione,Bug,427,1,7,58,0,24.4
T-00414,Alta,Database,Bug,577,2,5,49,0,13.2
T-00415,Bassa,Backend,Bug,625,1,8,8,0,73.2
T-00416,Bassa,Backend,Bug,476,2,6,80,0,50.5
T-00417,Bassa,API,Richiesta,594,0,2,7,0,164.8
T-00418,Alta,Mobile,Richiesta,586,4,6,43,0,24.5
T-00419,Bassa,API,Bug,666,0,8,10,1,115.6
T-00420,Alta,Documentazione,Domanda,146,5,6,49,0,1.2
T-00421,Media,Database,Domanda,1855,1,8,17,0,57.1
T-00422,Bassa,Frontend,Bug,549,0,11,18,1,91.7
T-00423,Bassa,Database,Richiesta,850,2,4,56,0,104.9
T-00424,Bassa,Frontend,Bug,262,3,4,10,0,106.1
T-00425,Media,Backend,Bug,452,0,6,20,0,67.6
T-00426,Alta,Backend,Bug,401,4,5,11,0,11.5
T-00427,Bassa,Frontend,Bug,1449,1,4,34,1,67.2
T-00428,Alta,Mobile,Domanda,422,2,5,10,0,31.7
T-00429,Bassa,Backend,Domanda,946,0,6,40,1,83.3
T-00430,Alta,Frontend,Richiesta,406,0,8,73,0,41.0
T-00431,Critica,API,Richiesta,457,6,8,3,1,7.9
T-00432,Alta,API,Richiesta,518,5,6,17,0,49.1
T-00433,Media,Mobile,Domanda,1296,0,15,12,0,29.1
T-00434,Alta,Infrastruttura,Bug,193,1,7,8,0,55.7
T-00435,Bassa,Mobile,Bug,272,3,8,39,0,41.7
T-00436,Bassa,Backend,Richiesta,187,3,9,36,1,105.0
T-00437,Bassa,Database,Bug,312,0,9,80,1,67.3
T-00438,Media,API,Bug,369,0,7,52,0,29.6
T-00439,Alta,Backend,Bug,228,4,7,32,1,23.7
T-00440,Media,Backend,Richiesta,386,1,4,38,0,26.4
T-00441,Alta,Backend,Bug,179,3,7,20,1,54.6
T-00442,Bassa,Database,Bug,326,0,5,39,0,49.9
T-00443,Alta,Frontend,Bug,1233,2,14,7,0,22.8
T-00444,Bassa,Backend,Bug,764,0,5,28,0,96.9
T-00445,Bassa,Infrastruttura,Domanda,671,3,6,44,0,62.6
T-00446,Alta,Documentazione,Bug,329,4,8,26,1,9.1
T-00447,Critica,Backend,Richiesta,239,3,7,17,0,9.8
T-00448,Media,Documentazione,Richiesta,303,3,7,33,0,15.6
T-00449,Bassa,Backend,Bug,585,2,8,15,1,51.7
T-00450,Media,Documentazione,Richiesta,1010,3,10,25,0,44.0
T-00451,Bassa,Documentazione,Richiesta,1031,2,6,55,0,48.0
T-00452,Alta,Backend,Richiesta,876,1,12,58,1,63.1
T-00453,Alta,Mobile,Bug,385,3,7,37,0,24.9
T-00454,Bassa,Documentazione,Bug,609,1,7,13,1,61.2
T-00455,Bassa,Documentazione,Domanda,495,4,4,23,0,8.3
T-00456,Bassa,Documentazione,Richiesta,532,0,6,34,0,36.9
T-00457,Critica,API,Domanda,2037,1,10,17,0,9.6
T-00458,Media,Backend,Domanda,208,0,13,95,0,14.1
T-00459,Alta,Infrastruttura,Bug,521,5,5,17,0,30.3
T-00460,Media,API,Richiesta,1241,0,11,32,0,68.1
T-00461,Media,API,Bug,249,0,10,61,1,52.3
T-00462,Bassa,Frontend,Richiesta,408,2,6,85,0,34.8
T-00463,Critica,API,Bug,437,5,9,12,1,10.6
T-00464,Media,Backend,Bug,525,4,8,7,0,66.0
T-00465,Media,Mobile,Richiesta,230,2,2,36,1,26.4
T-00466,Media,Backend,Richiesta,858,0,6,102,0,85.0
T-00467,Media,Mobile,Richiesta,895,2,7,8,1,46.9
T-00468,Critica,Infrastruttura,Bug,814,4,14,24,0,13.7
T-00469,Bassa,Database,Bug,356,2,10,39,0,47.1
T-00470,Media,Database,Domanda,632,1,10,33,0,29.3
T-00471,Media,Frontend,Bug,350,1,11,43,1,56.4
T-00472,Media,Documentazione,Bug,491,2,7,77,1,31.3
T-00473,Bassa,Mobile,Richiesta,2184,3,4,61,1,208.5
T-00474,Bassa,Frontend,Bug,635,1,12,23,0,119.4
T-00475,Bassa,Backend,Richiesta,294,0,7,8,0,71.2
T-00476,Media,Backend,Bug,669,0,6,65,0,26.4
T-00477,Media,Database,Richiesta,267,0,2,24,0,88.4
T-00478,Media,Documentazione,Domanda,292,3,7,33,0,11.8
T-00479,Media,Mobile,Domanda,321,2,7,57,1,9.4
T-00480,Media,Backend,Richiesta,460,2,11,63,1,119.4
T-00481,Media,Infrastruttura,Bug,1053,2,5,55,0,23.9
T-00482,Bassa,Frontend,Richiesta,849,2,9,91,1,106.2
T-00483,Media,Infrastruttura,Richiesta,821,4,13,30,0,111.7
T-00484,Media,Backend,Richiesta,310,1,11,18,0,63.4
T-00485,Bassa,API,Richiesta,434,3,10,14,0,104.1
T-00486,Media,Documentazione,Richiesta,706,2,9,19,0,24.7
T-00487,Media,Frontend,Richiesta,412,0,9,20,0,73.9
T-00488,Bassa,API,Richiesta,508,1,7,37,1,107.4
T-00489,Media,Documentazione,Bug,782,0,9,47,1,42.1
T-00490,Media,Backend,Bug,487,0,11,12,0,115.5
T-00491,Alta,Backend,Richiesta,687,4,7,57,1,33.9
T-00492,Media,API,Bug,1560,0,7,61,1,36.9
T-00493,Media,Frontend,Domanda,541,0,7,47,0,8.4
T-00494,Media,Backend,Richiesta,1217,1,8,21,0,178.8
T-00495,Alta,Database,Bug,839,4,5,75,1,53.6
T-00496,Media,Mobile,Richiesta,249,2,4,30,0,68.3
T-00497,Media,Frontend,Richiesta,310,3,5,16,0,40.2
T-00498,Media,Frontend,Richiesta,364,1,5,12,1,74.5
T-00499,Media,Infrastruttura,Bug,359,0,3,35,1,95.4
T-00500,Media,Database,Domanda,568,0,7,22,1,21.6
T-00501,Alta,Infrastruttura,Bug,868,3,14,9,1,62.8
T-00502,Alta,Frontend,Richiesta,1274,5,8,7,0,21.1
T-00503,Critica,Documentazione,Bug,722,4,7,39,1,6.3
T-00504,Media,API,Richiesta,459,1,6,8,1,130.8
T-00505,Media,Backend,Richiesta,172,5,11,2,0,81.8
T-00506,Alta,Infrastruttura,Richiesta,626,1,4,62,0,45.6
T-00507,Media,Database,Bug,609,2,10,13,0,20.9
T-00508,Alta,Backend,Richiesta,670,0,7,43,1,31.8
T-00509,Media,Backend,Richiesta,2123,1,3,34,1,81.9
T-00510,Bassa,API,Bug,1263,1,5,18,1,77.5
T-00511,Bassa,Backend,Domanda,961,2,7,80,0,25.0
T-00512,Alta,Frontend,Richiesta,337,3,5,48,0,22.9
T-00513,Bassa,Backend,Domanda,441,4,8,28,0,18.3
T-00514,Bassa,Frontend,Domanda,567,2,6,14,1,25.1
T-00515,Media,Frontend,Domanda,377,4,10,45,0,11.0
T-00516,Bassa,Database,Richiesta,810,4,9,51,1,110.0
T-00517,Media,Frontend,Richiesta,743,2,5,32,0,111.4
T-00518,Alta,Backend,Bug,312,5,7,29,0,13.5
T-00519,Bassa,API,Bug,1230,3,5,48,0,21.9
T-00520,Alta,Frontend,Richiesta,638,2,11,28,1,92.1
T-00521,Alta,API,Bug,213,1,6,16,0,12.5
T-00522,Media,Backend,Domanda,582,2,8,8,1,30.3
T-00523,Bassa,Backend,Bug,710,4,5,28,0,41.6
T-00524,Media,Backend,Bug,1076,0,7,8,0,74.0
T-00525,Bassa,Database,Bug,490,0,6,51,0,86.0
T-00526,Media,Frontend,Bug,986,3,10,28,0,66.9
T-00527,Critica,Infrastruttura,Bug,671,3,6,57,0,15.1
T-00528,Critica,Frontend,Bug,273,3,8,36,0,6.7
T-00529,Alta,Database,Richiesta,257,3,4,43,0,34.4
T-00530,Media,API,Bug,1177,1,3,17,0,34.8
T-00531,Media,Backend,Bug,1230,0,9,27,0,25.5
T-00532,Alta,Database,Bug,728,4,6,36,0,21.6
T-00533,Media,Frontend,Bug,1472,4,11,33,1,183.9
T-00534,Media,Frontend,Bug,1131,2,13,32,0,23.6
T-00535,Bassa,Backend,Richiesta,904,3,5,12,0,113.6
T-00536,Bassa,Mobile,Richiesta,347,2,10,5,0,110.9
T-00537,Media,Documentazione,Bug,1696,1,4,11,0,58.7
T-00538,Bassa,Backend,Richiesta,828,6,12,2,0,74.6
T-00539,Bassa,API,Bug,476,0,4,6,0,67.1
T-00540,Alta,Mobile,Bug,402,4,3,37,0,22.4
T-00541,Critica,Frontend,Domanda,700,2,7,24,1,4.9
T-00542,Media,Mobile,Bug,220,1,10,15,1,35.3
T-00543,Alta,API,Domanda,913,3,7,24,0,9.4
T-00544,Critica,Documentazione,Bug,339,6,4,4,0,3.8
T-00545,Bassa,Documentazione,Bug,749,0,10,27,0,40.8
T-00546,Media,Backend,Bug,439,1,9,9,0,72.1
T-00547,Media,Frontend,Bug,512,3,12,68,1,45.2
T-00548,Bassa,Database,Domanda,381,1,5,45,0,38.8
T-00549,Alta,Backend,Bug,545,0,10,42,0,33.2
T-00550,Media,Frontend,Domanda,1864,3,6,32,1,27.4
T-00551,Media,Documentazione,Domanda,1377,0,12,47,1,26.6
T-00552,Bassa,Backend,Richiesta,742,1,8,28,0,104.8
T-00553,Bassa,Database,Bug,591,2,4,15,1,136.4
T-00554,Alta,Infrastruttura,Bug,996,1,9,42,1,27.5
T-00555,Bassa,Frontend,Bug,1182,1,5,59,1,23.1
T-00556,Bassa,Database,Richiesta,365,2,6,12,0,288.8
T-00557,Bassa,Documentazione,Bug,573,1,11,7,1,44.8
T-00558,Media,Database,Domanda,201,2,9,97,0,16.2
T-00559,Media,Backend,Richiesta,1177,0,8,73,0,41.0
T-00560,Media,Backend,Bug,2071,2,3,30,0,25.3
T-00561,Bassa,Documentazione,Richiesta,630,4,7,3,0,36.5
T-00562,Bassa,Frontend,Bug,168,1,5,36,0,51.9
T-00563,Alta,Database,Domanda,865,7,8,132,0,5.9
T-00564,Media,Backend,Bug,349,0,6,47,0,30.2
T-00565,Media,Frontend,Domanda,403,1,11,44,1,12.0
T-00566,Media,Documentazione,Richiesta,874,2,9,28,0,296.9
T-00567,Alta,Database,Domanda,699,2,7,42,0,19.2
T-00568,Bassa,Documentazione,Bug,448,3,7,47,1,24.3
T-00569,Media,Frontend,Richiesta,406,0,7,34,0,70.2
T-00570,Media,Database,Bug,647,0,6,25,1,62.1
T-00571,Media,Infrastruttura,Richiesta,469,0,10,34,0,94.2
T-00572,Alta,Frontend,Bug,308,4,11,33,0,17.7
T-00573,Media,Frontend,Bug,491,0,7,3,0,54.5
T-00574,Alta,Infrastruttura,Bug,736,4,4,115,0,13.5
T-00575,Alta,Frontend,Bug,539,5,3,44,0,15.7
T-00576,Media,Database,Bug,257,2,7,66,0,121.3
T-00577,Alta,Documentazione,Richiesta,1086,3,9,37,0,22.4
T-00578,Media,Backend,Bug,116,2,9,19,0,31.3
T-00579,Alta,Frontend,Richiesta,459,3,5,56,1,22.8
T-00580,Media,Backend,Bug,414,0,5,6,0,51.0
T-00581,Media,Frontend,Richiesta,656,2,9,46,1,29.1
T-00582,Media,Backend,Richiesta,840,1,6,56,1,141.8
T-00583,Bassa,API,Bug,1180,0,3,28,0,109.0
T-00584,Media,Backend,Richiesta,391,2,11,43,1,51.9
T-00585,Alta,API,Domanda,853,5,4,4,1,8.7
T-00586,Media,Frontend,Richiesta,675,2,10,44,0,45.1
T-00587,Bassa,Frontend,Bug,215,2,5,22,0,47.1
T-00588,Media,Frontend,Bug,1877,1,5,43,0,42.6
T-00589,Bassa,Mobile,Richiesta,253,1,6,29,1,110.6
T-00590,Bassa,Database,Bug,772,2,6,28,0,60.3
T-00591,Critica,Frontend,Richiesta,758,6,8,44,0,11.4
T-00592,Media,Infrastruttura,Bug,708,2,7,23,1,119.6
T-00593,Media,API,Richiesta,446,1,6,28,0,42.6
T-00594,Media,Backend,Bug,986,1,7,100,0,11.1
T-00595,Bassa,Documentazione,Bug,235,1,4,69,0,19.4
T-00596,Bassa,Frontend,Domanda,577,3,10,25,1,82.3
T-00597,Alta,Backend,Domanda,428,3,6,29,0,11.4
T-00598,Media,Database,Domanda,400,1,12,18,0,22.4
T-00599,Critica,Backend,Domanda,776,3,6,22,0,5.2
T-00600,Media,Backend,Bug,1145,2,12,23,0,84.7
T-00601,Media,Mobile,Bug,488,0,8,32,1,24.8
T-00602,Alta,Backend,Bug,958,3,5,4,0,17.0
T-00603,Alta,Infrastruttura,Bug,618,0,7,22,0,49.3
T-00604,Alta,Documentazione,Bug,351,1,7,19,1,25.8
T-00605,Critica,API,Domanda,514,7,13,75,0,3.4
T-00606,Alta,Mobile,Bug,501,2,3,29,0,41.0
T-00607,Alta,Mobile,Bug,395,2,7,36,1,17.8
T-00608,Bassa,Documentazione,Bug,776,4,10,21,1,9.2
T-00609,Alta,Frontend,Bug,691,2,11,29,0,35.4
T-00610,Media,Backend,Bug,231,1,7,22,0,44.3
T-00611,Media,Database,Richiesta,223,2,9,33,0,452.1
T-00612,Media,Database,Bug,774,4,7,43,0,69.1
T-00613,Critica,Backend,Richiesta,368,6,8,9,0,17.4
T-00614,Critica,API,Domanda,719,8,9,47,0,3.4
T-00615,Bassa,Backend,Richiesta,959,3,8,14,0,108.0
T-00616,Alta,Documentazione,Richiesta,280,2,5,102,0,8.0
T-00617,Alta,Frontend,Bug,257,3,8,32,1,14.6
T-00618,Media,Backend,Bug,1639,0,7,35,1,27.9
T-00619,Bassa,Backend,Bug,741,1,6,36,1,44.6
T-00620,Bassa,Backend,Domanda,467,0,7,31,0,26.3
T-00621,Alta,Frontend,Richiesta,343,1,6,17,0,10.1
T-00622,Media,Backend,Bug,442,1,9,35,0,17.3
T-00623,Critica,Frontend,Bug,294,7,6,34,0,5.7
T-00624,Media,Backend,Richiesta,1019,4,6,15,1,64.3
T-00625,Critica,Frontend,Richiesta,376,4,6,9,1,13.4
T-00626,Media,Frontend,Richiesta,1156,1,9,56,0,21.9
T-00627,Alta,Frontend,Domanda,472,3,4,22,0,12.6
T-00628,Bassa,Frontend,Richiesta,321,3,7,26,0,36.6
T-00629,Media,Backend,Richiesta,465,0,5,34,1,43.4
T-00630,Alta,Backend,Bug,124,3,10,16,0,10.4
T-00631,Critica,Backend,Bug,558,14,6,38,0,10.6
T-00632,Alta,Mobile,Domanda,542,3,8,27,0,12.2
T-00633,Bassa,Documentazione,Richiesta,984,1,8,29,1,56.9
T-00634,Media,Documentazione,Bug,193,1,12,64,0,14.1
T-00635,Bassa,Database,Richiesta,1205,1,5,33,0,172.3
T-00636,Bassa,Database,Bug,982,3,4,25,1,55.3
T-00637,Media,Frontend,Richiesta,1272,0,5,13,1,88.6
T-00638,Alta,Mobile,Bug,581,9,5,36,0,11.6
T-00639,Alta,Mobile,Richiesta,1102,0,3,55,1,52.5
T-00640,Alta,Infrastruttura,Bug,248,3,4,26,0,28.9
T-00641,Alta,Infrastruttura,Bug,920,2,12,54,1,38.6
T-00642,Alta,Frontend,Bug,378,3,7,37,0,6.5
T-00643,Bassa,Mobile,Richiesta,223,3,6,31,1,76.1
T-00644,Bassa,Infrastruttura,Bug,306,1,4,40,1,42.9
T-00645,Media,Frontend,Bug,602,1,8,10,0,42.8
T-00646,Alta,Documentazione,Richiesta,366,0,8,22,0,16.9
T-00647,Bassa,Backend,Bug,752,2,6,23,1,58.8
T-00648,Media,Documentazione,Bug,203,0,6,26,0,9.3
T-00649,Media,Mobile,Bug,167,1,3,91,1,41.2
T-00650,Bassa,Backend,Domanda,1367,2,3,32,0,21.8
T-00651,Media,API,Bug,1032,1,8,8,0,153.7
T-00652,Alta,Backend,Bug,320,8,7,18,1,16.5
T-00653,Media,Mobile,Bug,599,2,6,29,0,49.4
T-00654,Bassa,Mobile,Bug,1106,3,12,33,1,115.4
T-00655,Alta,API,Bug,772,4,7,1,0,27.5
T-00656,Media,Infrastruttura,Bug,656,1,6,42,0,97.0
T-00657,Alta,Backend,Bug,1158,4,6,44,0,36.2
T-00658,Bassa,Frontend,Bug,387,2,7,12,0,24.8
T-00659,Media,Frontend,Domanda,611,3,8,54,1,20.0
T-00660,Media,Backend,Bug,594,1,7,25,0,54.3
T-00661,Bassa,Frontend,Bug,509,1,9,14,0,69.5
T-00662,Alta,Frontend,Domanda,475,4,3,11,1,14.1
T-00663,Bassa,Frontend,Domanda,627,1,4,42,0,44.1
T-00664,Bassa,Frontend,Richiesta,613,2,9,19,0,149.0
T-00665,Media,Infrastruttura,Bug,320,1,9,36,1,51.1
T-00666,Alta,Frontend,Bug,971,3,10,11,1,17.1
T-00667,Alta,Infrastruttura,Bug,334,4,10,23,0,45.2
T-00668,Critica,Frontend,Bug,526,5,4,40,1,15.5
T-00669,Bassa,Frontend,Bug,503,2,4,62,0,16.6
T-00670,Media,Database,Richiesta,744,2,8,67,0,131.6
T-00671,Bassa,Frontend,Bug,168,2,4,62,0,28.0
T-00672,Media,Frontend,Richiesta,1024,2,5,137,1,16.9
T-00673,Critica,Database,Bug,400,10,8,36,0,13.3
T-00674,Alta,Backend,Bug,1248,2,8,11,1,53.1
T-00675,Media,Frontend,Richiesta,450,2,6,19,0,40.5
T-00676,Media,API,Domanda,583,1,8,66,0,9.1
T-00677,Alta,Frontend,Bug,1892,3,5,17,1,56.9
T-00678,Media,Infrastruttura,Richiesta,508,0,9,1,1,99.3
T-00679,Bassa,Frontend,Bug,1262,1,5,24,0,113.7
T-00680,Media,Documentazione,Bug,614,2,8,53,0,9.8
T-00681,Bassa,Mobile,Richiesta,770,4,12,18,1,187.3
T-00682,Bassa,Documentazione,Bug,626,1,5,68,0,33.3
T-00683,Bassa,Infrastruttura,Bug,998,1,7,97,0,137.3
T-00684,Media,Backend,Bug,398,1,8,35,0,77.7
T-00685,Media,Database,Bug,332,2,6,109,1,25.8
T-00686,Media,Backend,Bug,409,1,5,81,0,36.2
T-00687,Media,Infrastruttura,Bug,637,3,3,54,0,23.2
T-00688,Critica,API,Domanda,526,6,5,39,0,1.8
T-00689,Alta,Frontend,Richiesta,919,3,7,36,0,23.6
T-00690,Media,Documentazione,Bug,1313,2,7,28,0,29.6
T-00691,Bassa,Backend,Bug,334,2,7,45,0,115.9
T-00692,Alta,API,Richiesta,386,5,7,4,0,64.0
T-00693,Bassa,Mobile,Bug,253,1,8,84,0,45.5
T-00694,Media,Backend,Bug,2029,1,8,110,0,50.7
T-00695,Alta,API,Richiesta,720,0,3,4,1,60.5
T-00696,Media,Infrastruttura,Bug,800,2,8,52,0,88.0
T-00697,Alta,Backend,Bug,268,2,5,79,0,13.2
T-00698,Media,Database,Bug,600,1,13,33,0,82.5
T-00699,Media,Frontend,Bug,814,4,6,27,0,30.0
T-00700,Bassa,API,Bug,516,1,6,22,1,64.3
T-00701,Bassa,Backend,Domanda,1144,2,4,19,1,26.8
T-00702,Media,Documentazione,Bug,2402,2,6,38,1,27.4
T-00703,Bassa,Infrastruttura,Richiesta,340,2,7,68,0,93.6
T-00704,Alta,Backend,Richiesta,325,2,7,5,1,22.1
T-00705,Bassa,Frontend,Bug,354,2,4,13,0,67.8
T-00706,Media,API,Bug,1573,0,7,18,0,72.5
T-00707,Alta,Mobile,Bug,1121,5,9,7,0,71.0
T-00708,Alta,Frontend,Richiesta,553,2,11,48,0,39.3
T-00709,Media,Backend,Bug,613,4,8,43,0,29.6
T-00710,Media,Backend,Richiesta,368,0,6,56,0,38.9
T-00711,Critica,Documentazione,Domanda,1023,2,7,3,1,3.9
T-00712,Media,Database,Richiesta,478,1,8,52,1,115.5
T-00713,Alta,Infrastruttura,Domanda,513,5,3,67,0,7.1
T-00714,Alta,Database,Richiesta,865,3,3,48,0,20.0
T-00715,Alta,Documentazione,Domanda,536,7,5,31,0,2.2
T-00716,Bassa,Backend,Richiesta,521,1,6,28,1,110.0
T-00717,Media,Backend,Richiesta,604,2,3,40,0,66.3
T-00718,Bassa,Documentazione,Richiesta,967,1,11,37,0,36.6
T-00719,Media,Documentazione,Domanda,1611,2,4,18,0,10.5
T-00720,Critica,Frontend,Bug,853,4,8,3,0,14.3
T-00721,Media,Frontend,Richiesta,972,0,6,21,0,52.5
T-00722,Media,Database,Bug,532,2,6,102,1,33.0
T-00723,Bassa,Frontend,Domanda,392,1,9,4,1,21.2
T-00724,Critica,Backend,Bug,888,2,7,37,1,16.9
T-00725,Bassa,Infrastruttura,Richiesta,665,2,9,86,0,226.8
T-00726,Bassa,Frontend,Richiesta,256,1,8,57,0,118.6
T-00727,Bassa,Mobile,Domanda,493,2,12,63,1,21.0
T-00728,Bassa,Backend,Bug,571,0,5,59,0,55.2
T-00729,Media,Backend,Richiesta,442,2,10,7,0,26.5
T-00730,Media,API,Richiesta,1460,2,9,76,1,76.3
T-00731,Media,Frontend,Domanda,800,3,8,83,0,15.4
T-00732,Bassa,API,Domanda,1368,1,4,10,0,62.8
T-00733,Bassa,Backend,Richiesta,703,3,4,22,0,39.2
T-00734,Media,Documentazione,Richiesta,630,1,7,33,0,19.6
T-00735,Bassa,Mobile,Bug,342,1,6,22,0,71.2
T-00736,Media,Infrastruttura,Domanda,604,2,2,17,0,9.6
T-00737,Bassa,Backend,Bug,605,3,9,17,0,79.5
T-00738,Media,Frontend,Richiesta,264,0,6,51,1,60.2
T-00739,Media,Frontend,Richiesta,434,1,9,62,1,30.3
T-00740,Media,Database,Bug,494,1,2,17,1,54.8
T-00741,Bassa,Frontend,Bug,769,2,7,62,1,34.1
T-00742,Bassa,Backend,Bug,791,2,9,22,0,152.1
T-00743,Alta,Frontend,Domanda,423,5,6,11,0,6.9
T-00744,Bassa,Frontend,Bug,795,0,10,40,0,57.6
T-00745,Media,Frontend,Bug,538,0,5,32,0,19.3
T-00746,Media,Backend,Richiesta,107,0,5,41,1,50.4
T-00747,Media,Frontend,Bug,449,3,7,40,0,53.0
T-00748,Media,API,Domanda,1146,3,8,37,1,13.5
T-00749,Alta,Frontend,Bug,219,2,8,29,0,13.4
T-00750,Alta,Frontend,Bug,642,5,5,61,0,9.6
T-00751,Bassa,Database,Bug,1553,2,16,49,1,384.7
T-00752,Media,Mobile,Bug,380,2,7,23,0,17.2
T-00753,Bassa,Frontend,Bug,601,2,8,23,1,121.4
T-00754,Media,API,Richiesta,274,3,14,7,1,64.3
T-00755,Media,Documentazione,Bug,1593,2,8,8,1,31.5
T-00756,Bassa,Database,Bug,571,1,5,28,1,85.0
T-00757,Media,Documentazione,Bug,617,2,4,56,0,17.5
T-00758,Critica,Mobile,Bug,1352,6,7,15,0,10.9
T-00759,Bassa,Backend,Domanda,892,3,2,50,1,35.6
T-00760,Media,Frontend,Bug,355,2,6,36,0,45.6
T-00761,Alta,API,Domanda,407,6,8,16,0,4.5
T-00762,Bassa,Documentazione,Bug,807,3,6,33,0,43.1
T-00763,Bassa,Database,Bug,413,1,8,32,0,80.6
T-00764,Bassa,Backend,Bug,168,4,7,16,0,46.8
T-00765,Alta,API,Bug,581,5,8,48,1,39.6
T-00766,Bassa,Backend,Richiesta,247,1,8,59,0,59.1
T-00767,Bassa,Mobile,Bug,1582,2,8,25,0,746.4
T-00768,Bassa,Database,Bug,667,0,4,12,0,123.3
T-00769,Bassa,Mobile,Richiesta,349,4,6,61,0,65.9
T-00770,Media,Infrastruttura,Richiesta,395,2,8,7,0,110.7
T-00771,Bassa,API,Domanda,193,2,7,39,1,22.9
T-00772,Media,API,Domanda,310,2,8,15,0,8.6
T-00773,Media,Mobile,Richiesta,1104,2,5,11,0,57.4
T-00774,Alta,Infrastruttura,Richiesta,2289,3,7,20,0,45.1
T-00775,Bassa,Infrastruttura,Richiesta,928,1,8,32,0,164.3
T-00776,Alta,Backend,Bug,568,3,9,13,1,52.1
T-00777,Media,API,Richiesta,463,3,1,9,1,58.5
T-00778,Bassa,Backend,Bug,338,3,4,5,1,30.2
T-00779,Alta,Infrastruttura,Richiesta,2065,3,11,86,1,64.5
T-00780,Alta,API,Domanda,536,2,8,41,0,9.7
T-00781,Bassa,Frontend,Bug,2135,1,6,16,1,129.0
T-00782,Alta,Backend,Richiesta,1384,4,6,42,0,26.0
T-00783,Media,Frontend,Domanda,211,0,6,32,1,7.1
T-00784,Media,Mobile,Bug,402,5,5,52,0,27.0
T-00785,Critica,Backend,Bug,402,8,7,26,0,11.1
T-00786,Media,Backend,Domanda,572,2,5,58,0,14.3
T-00787,Alta,Infrastruttura,Domanda,579,0,8,18,0,11.6
T-00788,Media,Mobile,Bug,3622,1,7,36,0,158.2
T-00789,Alta,Backend,Bug,314,4,6,56,0,14.5
T-00790,Media,Frontend,Richiesta,688,3,7,37,1,58.5
T-00791,Bassa,Documentazione,Bug,869,2,6,104,0,19.3
T-00792,Media,Mobile,Bug,599,2,13,51,0,90.2
T-00793,Media,API,Bug,641,1,10,42,0,59.0
T-00794,Bassa,Frontend,Bug,321,2,6,23,0,54.9
T-00795,Bassa,Frontend,Richiesta,640,1,9,37,0,59.0
T-00796,Media,Backend,Richiesta,815,4,4,70,0,69.3
T-00797,Bassa,Mobile,Richiesta,730,1,7,21,0,179.6
T-00798,Bassa,Backend,Richiesta,845,0,10,15,0,240.4
T-00799,Alta,Backend,Bug,1400,3,5,21,0,26.0
T-00800,Alta,Mobile,Bug,1053,2,9,20,0,33.0
T-00801,Alta,Documentazione,Bug,626,1,4,46,1,10.3
T-00802,Media,Mobile,Bug,297,2,7,96,1,87.8
T-00803,Alta,Database,Bug,419,6,9,8,0,22.3
T-00804,Media,Database,Bug,526,3,9,32,0,33.0
T-00805,Bassa,Frontend,Bug,698,2,7,13,1,59.1
T-00806,Bassa,Frontend,Bug,450,2,11,40,0,48.9
T-00807,Media,Database,Richiesta,342,1,6,43,0,123.9
T-00808,Bassa,Frontend,Richiesta,294,1,3,20,0,35.1
T-00809,Media,API,Domanda,223,4,9,47,0,8.5
T-00810,Critica,Infrastruttura,Richiesta,521,5,8,18,1,32.3
T-00811,Bassa,Documentazione,Richiesta,248,1,6,18,1,83.5
T-00812,Bassa,Backend,Bug,329,0,9,15,0,105.1
T-00813,Critica,Frontend,Richiesta,474,3,7,21,0,32.6
T-00814,Media,Backend,Bug,269,2,11,30,1,51.9
T-00815,Bassa,Frontend,Bug,754,1,11,28,0,71.9
T-00816,Alta,Frontend,Bug,935,2,8,35,0,33.7
T-00817,Alta,Backend,Bug,432,2,7,45,0,11.0
T-00818,Media,Mobile,Bug,462,3,5,35,1,17.7
T-00819,Media,Database,Richiesta,828,1,8,85,1,140.5
T-00820,Bassa,Documentazione,Richiesta,391,0,6,32,0,52.8
T-00821,Bassa,Backend,Richiesta,375,2,3,53,1,113.8
T-00822,Media,Backend,Richiesta,1230,1,5,7,0,51.8
T-00823,Bassa,Frontend,Bug,1020,1,6,35,0,114.7
T-00824,Media,Backend,Bug,861,0,9,27,1,82.9
T-00825,Alta,Frontend,Richiesta,1046,3,8,25,1,37.8
T-00826,Bassa,Documentazione,Bug,183,0,3,69,0,21.6
T-00827,Media,Backend,Bug,1352,3,7,106,0,40.0
T-00828,Bassa,Backend,Bug,759,3,7,46,1,47.2
T-00829,Alta,API,Domanda,1100,2,4,5,0,8.3
T-00830,Bassa,Database,Richiesta,757,2,5,19,0,163.6
T-00831,Media,API,Bug,618,3,10,8,0,38.0
T-00832,Media,Frontend,Richiesta,509,1,6,34,0,25.2
T-00833,Media,Infrastruttura,Bug,748,1,5,42,0,66.6
T-00834,Media,Backend,Bug,498,1,5,6,0,59.1
T-00835,Alta,Frontend,Bug,1010,0,8,77,0,36.1
T-00836,Media,API,Bug,232,2,8,10,0,43.6
T-00837,Alta,Infrastruttura,Richiesta,434,2,5,40,0,61.1
T-00838,Critica,Frontend,Bug,2046,7,2,76,0,11.6
T-00839,Media,API,Richiesta,412,1,3,34,0,46.2
T-00840,Media,Backend,Bug,520,0,8,17,0,18.7
T-00841,Bassa,Backend,Richiesta,353,2,11,16,1,211.7
T-00842,Alta,Backend,Richiesta,734,4,6,35,1,22.6
T-00843,Media,Mobile,Richiesta,386,2,6,53,0,31.0
T-00844,Media,Frontend,Richiesta,537,2,9,39,1,35.7
T-00845,Bassa,Mobile,Domanda,998,2,10,15,1,139.6
T-00846,Alta,Backend,Bug,395,3,9,27,0,27.1
T-00847,Media,Infrastruttura,Richiesta,963,2,8,14,1,78.9
T-00848,Media,Infrastruttura,Richiesta,983,3,6,14,0,71.8
T-00849,Bassa,Backend,Bug,1130,0,7,13,0,94.7
T-00850,Critica,Backend,Bug,653,2,6,22,0,17.2
T-00851,Bassa,Backend,Bug,4195,2,8,29,0,130.3
T-00852,Bassa,Infrastruttura,Bug,1130,0,12,32,1,123.0
T-00853,Alta,Backend,Bug,729,0,6,38,1,32.6
T-00854,Alta,Database,Bug,355,3,9,16,0,24.1
T-00855,Bassa,Frontend,Richiesta,566,0,8,30,0,159.8
T-00856,Media,Mobile,Bug,1412,0,10,32,1,80.7
T-00857,Alta,Database,Richiesta,1673,2,7,65,1,43.4
T-00858,Alta,Database,Bug,1457,3,2,6,0,45.1
T-00859,Media,Documentazione,Richiesta,961,0,5,8,0,44.9
T-00860,Media,Backend,Bug,282,0,10,44,0,33.3
T-00861,Alta,Infrastruttura,Bug,804,2,7,47,0,49.1
T-00862,Alta,Backend,Bug,285,2,11,44,1,33.0
T-00863,Alta,Database,Richiesta,246,0,9,44,1,88.1
T-00864,Media,Infrastruttura,Bug,693,0,6,7,1,111.8
T-00865,Bassa,API,Domanda,821,0,8,96,0,22.8
T-00866,Alta,API,Bug,1032,1,8,60,1,13.0
T-00867,Alta,Frontend,Richiesta,809,7,6,7,1,29.9
T-00868,Alta,Frontend,Bug,825,1,6,24,1,28.8
T-00869,Bassa,Frontend,Richiesta,332,1,7,23,1,91.0
T-00870,Bassa,Database,Bug,563,1,8,27,0,26.9
T-00871,Alta,Database,Bug,243,3,4,21,0,29.9
T-00872,Bassa,Frontend,Bug,180,2,4,11,0,26.0
T-00873,Critica,Frontend,Bug,936,8,7,33,0,11.9
T-00874,Media,Frontend,Bug,382,3,6,68,0,50.5
T-00875,Alta,Frontend,Domanda,1013,1,7,20,1,9.9
T-00876,Alta,Backend,Bug,1167,1,9,37,0,38.5
T-00877,Media,Infrastruttura,Bug,414,1,7,28,0,59.7
T-00878,Media,API,Domanda,855,1,1,44,0,15.7
T-00879,Media,Backend,Bug,404,1,9,26,1,50.3
T-00880,Media,API,Bug,198,1,4,18,1,24.3
T-00881,Media,Infrastruttura,Richiesta,646,3,8,21,0,62.9
T-00882,Media,Backend,Domanda,452,0,10,66,1,38.4
T-00883,Critica,Backend,Richiesta,461,8,10,31,1,20.4
T-00884,Media,Backend,Bug,1963,1,9,30,1,430.8
T-00885,Bassa,Backend,Domanda,240,2,8,64,1,25.9
T-00886,Media,Mobile,Bug,755,1,7,73,0,64.9
T-00887,Media,Documentazione,Domanda,330,1,7,3,1,6.0
T-00888,Bassa,Backend,Richiesta,1035,3,5,9,0,110.8
T-00889,Bassa,Mobile,Domanda,718,3,7,52,1,36.9
T-00890,Media,Backend,Bug,753,1,8,32,0,84.3
T-00891,Media,API,Bug,340,1,5,73,0,89.2
T-00892,Critica,Mobile,Richiesta,379,3,6,6,1,25.8
T-00893,Bassa,Frontend,Bug,1047,1,4,35,1,48.1
T-00894,Bassa,Backend,Bug,1736,8,7,45,1,37.0
T-00895,Alta,API,Domanda,800,6,7,23,1,5.7
T-00896,Alta,Documentazione,Richiesta,350,7,4,50,1,7.1
T-00897,Bassa,Frontend,Bug,735,1,6,53,0,15.0
T-00898,Bassa,Backend,Bug,2575,1,7,28,1,84.1
T-00899,Bassa,Backend,Bug,638,0,10,27,0,124.5
T-00900,Media,API,Bug,1442,2,3,56,0,36.3
T-00901,Media,API,Bug,385,1,4,35,0,165.1
T-00902,Bassa,Mobile,Richiesta,585,0,6,43,0,53.9
T-00903,Bassa,Mobile,Richiesta,870,0,10,35,1,276.1
T-00904,Media,Infrastruttura,Bug,762,4,7,33,1,78.0
T-00905,Critica,Infrastruttura,Bug,379,4,9,27,0,17.7
T-00906,Media,Backend,Richiesta,369,2,3,45,1,16.9
T-00907,Media,API,Richiesta,1086,2,8,15,0,59.5
T-00908,Bassa,Frontend,Domanda,1226,0,6,7,1,43.0
T-00909,Bassa,Frontend,Bug,1487,0,7,30,0,79.5
T-00910,Bassa,Documentazione,Richiesta,1771,2,7,74,0,60.2
T-00911,Alta,API,Bug,650,1,5,35,1,32.2
T-00912,Alta,Documentazione,Bug,498,1,7,25,0,13.0
T-00913,Alta,Frontend,Domanda,1350,4,5,23,0,10.8
T-00914,Critica,Database,Bug,920,2,10,21,0,17.2
T-00915,Critica,Database,Bug,333,7,6,1,0,7.4
T-00916,Critica,Backend,Bug,323,2,9,67,0,13.6
T-00917,Bassa,Backend,Bug,806,2,5,20,0,92.3
T-00918,Bassa,Database,Bug,539,3,6,30,0,103.3
T-00919,Media,Backend,Richiesta,591,1,7,24,1,76.6
T-00920,Media,Documentazione,Bug,1142,1,7,17,0,22.8
T-00921,Bassa,Backend,Bug,946,1,11,69,0,91.6
T-00922,Alta,Backend,Domanda,1333,3,7,12,1,15.2
T-00923,Media,Mobile,Bug,188,2,8,46,1,43.9
T-00924,Media,Backend,Domanda,699,2,8,8,1,68.5
T-00925,Bassa,Documentazione,Bug,910,1,3,27,1,23.9
T-00926,Bassa,Mobile,Richiesta,240,2,6,63,1,345.8
T-00927,Bassa,Backend,Bug,405,1,9,21,1,46.4
T-00928,Alta,API,Richiesta,362,4,7,43,0,29.5
T-00929,Media,API,Bug,608,0,4,20,0,22.6
T-00930,Alta,Mobile,Domanda,1593,5,4,23,0,11.2
T-00931,Bassa,Infrastruttura,Bug,2019,1,8,51,0,1941.7
T-00932,Media,Mobile,Richiesta,368,1,2,44,0,46.6
T-00933,Media,API,Bug,823,3,5,74,0,45.7
T-00934,Alta,Frontend,Bug,839,0,8,21,0,22.0
T-00935,Alta,API,Bug,757,3,4,39,1,8.1
T-00936,Bassa,Documentazione,Bug,762,0,3,32,0,43.2
T-00937,Critica,API,Bug,720,6,12,39,1,14.5
T-00938,Bassa,API,Richiesta,1652,1,8,59,1,108.8
T-00939,Alta,Frontend,Bug,1163,4,8,18,1,21.1
T-00940,Bassa,Mobile,Bug,318,1,6,37,0,74.1
T-00941,Bassa,Documentazione,Bug,967,1,8,69,1,27.6
T-00942,Alta,Backend,Bug,1025,4,2,32,1,24.0
T-00943,Bassa,Backend,Bug,725,1,5,50,0,106.3
T-00944,Media,Database,Richiesta,1183,3,8,5,0,276.5
T-00945,Media,Database,Bug,672,1,6,33,0,108.7
T-00946,Bassa,API,Domanda,677,1,4,22,1,29.4
T-00947,Alta,Backend,Bug,645,0,11,44,1,38.6
T-00948,Alta,Frontend,Bug,179,7,7,38,0,8.8
T-00949,Alta,API,Domanda,572,3,8,15,1,60.7
T-00950,Media,API,Bug,402,2,3,9,0,45.5
T-00951,Media,API,Bug,294,0,8,98,1,27.8
T-00952,Bassa,Mobile,Domanda,1418,1,8,40,1,51.1
T-00953,Bassa,API,Domanda,812,5,6,39,0,13.6
T-00954,Bassa,Mobile,Richiesta,589,1,5,17,1,228.0
T-00955,Critica,API,Bug,428,1,6,24,1,11.6
T-00956,Alta,Database,Richiesta,717,2,4,69,0,61.8
T-00957,Alta,API,Domanda,1088,1,7,32,1,8.8
T-00958,Media,Backend,Domanda,365,3,8,71,0,8.5
T-00959,Media,Frontend,Bug,598,3,3,40,0,46.0
T-00960,Media,Database,Bug,1010,2,8,61,0,44.9
T-00961,Media,Infrastruttura,Bug,188,4,7,4,0,21.9
T-00962,Media,API,Bug,580,2,9,16,0,27.7
T-00963,Bassa,Backend,Richiesta,464,0,7,32,0,154.9
T-00964,Bassa,API,Bug,554,2,5,25,1,89.6
T-00965,Critica,Backend,Bug,444,6,8,44,0,6.9
T-00966,Media,Mobile,Bug,652,0,7,9,1,46.0
T-00967,Critica,Infrastruttura,Bug,1903,4,7,9,0,35.0
T-00968,Bassa,API,Bug,494,1,8,43,0,116.1
T-00969,Media,API,Bug,715,2,11,59,1,46.5
T-00970,Bassa,Frontend,Bug,1986,5,6,24,0,80.2
T-00971,Bassa,Frontend,Domanda,431,1,8,76,0,28.8
T-00972,Bassa,Infrastruttura,Bug,1782,5,6,87,1,242.9
T-00973,Bassa,Mobile,Bug,602,1,5,29,0,42.3
T-00974,Alta,Database,Bug,1748,3,5,23,0,27.8
T-00975,Media,Frontend,Bug,941,1,8,19,0,35.5
T-00976,Media,Backend,Bug,721,2,6,16,0,61.4
T-00977,Media,Backend,Bug,577,2,5,49,1,32.9
T-00978,Media,Backend,Bug,413,1,7,15,0,47.5
T-00979,Media,Frontend,Bug,628,1,7,12,0,41.6
T-00980,Bassa,Documentazione,Richiesta,1028,0,5,16,0,62.1
T-00981,Critica,Database,Bug,595,1,6,30,0,19.8
T-00982,Alta,Backend,Bug,496,3,5,31,0,30.2
T-00983,Alta,Backend,Richiesta,516,2,5,47,1,20.4
T-00984,Media,Frontend,Bug,1088,0,8,28,1,49.0
T-00985,Bassa,Infrastruttura,Bug,1251,0,12,8,0,110.5
T-00986,Critica,Frontend,Bug,402,7,12,22,1,12.4
T-00987,Media,Mobile,Bug,402,3,6,30,1,36.3
T-00988,Bassa,Infrastruttura,Bug,753,2,7,18,0,180.5
T-00989,Media,Backend,Domanda,1500,2,4,37,0,16.9
T-00990,Alta,API,Domanda,1193,3,5,2,0,8.3
T-00991,Media,Documentazione,Domanda,283,3,9,27,0,6.3
T-00992,Alta,Frontend,Bug,512,6,11,67,0,34.5
T-00993,Alta,Backend,Bug,343,2,4,58,0,7.7
T-00994,Bassa,Documentazione,Bug,511,2,6,33,1,25.2
T-00995,Critica,Infrastruttura,Bug,1571,3,7,31,0,24.4
T-00996,Media,Database,Bug,256,1,12,41,0,44.6
T-00997,Media,API,Bug,227,2,6,13,1,42.0
T-00998,Bassa,Backend,Bug,365,1,9,55,0,61.2
T-00999,Critica,Infrastruttura,Bug,713,4,6,74,0,16.7
T-01000,Bassa,Database,Bug,871,1,8,27,0,122.6
T-01001,Bassa,Backend,Richiesta,780,3,10,33,1,122.4
T-01002,Media,API,Bug,1215,1,5,47,0,22.9
T-01003,Bassa,Documentazione,Domanda,208,1,7,17,0,12.4
T-01004,Bassa,Infrastruttura,Bug,1224,2,9,76,1,55.2
T-01005,Media,Frontend,Bug,498,2,5,97,1,18.4
T-01006,Media,Backend,Bug,931,1,7,44,1,62.0
T-01007,Critica,Documentazione,Bug,271,3,5,80,1,7.2
T-01008,Media,Documentazione,Bug,602,0,6,11,1,74.0
T-01009,Alta,Database,Bug,691,4,10,37,0,28.1
T-01010,Media,API,Richiesta,1200,1,11,5,0,66.1
T-01011,Media,Database,Bug,232,1,8,22,0,64.7
T-01012,Media,Frontend,Bug,611,4,6,23,0,69.1
T-01013,Media,Backend,Domanda,313,3,5,18,0,24.3
T-01014,Critica,Backend,Bug,813,4,8,11,0,9.1
T-01015,Media,Backend,Richiesta,956,1,4,43,0,55.2
T-01016,Bassa,Infrastruttura,Bug,1299,1,8,16,0,210.9
T-01017,Media,Backend,Bug,435,0,5,43,0,54.3
T-01018,Alta,Backend,Bug,1047,3,11,29,1,44.9
T-01019,Bassa,Database,Bug,1358,2,4,38,0,78.3
T-01020,Media,Backend,Richiesta,224,1,5,20,1,67.7
T-01021,Alta,Backend,Bug,866,2,8,29,0,41.2
T-01022,Alta,API,Bug,1066,1,8,108,0,13.8
T-01023,Critica,Frontend,Bug,514,9,6,37,1,13.4
T-01024,Media,API,Domanda,290,4,12,76,1,20.8
T-01025,Media,Documentazione,Richiesta,1056,0,11,73,1,31.9
T-01026,Media,Backend,Domanda,292,3,6,10,1,21.8
T-01027,Critica,Documentazione,Richiesta,539,7,7,73,0,8.8
T-01028,Media,Documentazione,Richiesta,586,1,2,29,1,40.3
T-01029,Alta,Infrastruttura,Bug,922,5,9,23,1,83.5
T-01030,Media,API,Domanda,412,2,12,13,1,21.0
T-01031,Media,API,Bug,398,1,8,10,1,53.5
T-01032,Alta,API,Bug,637,5,14,43,1,8.6
T-01033,Media,API,Richiesta,1097,2,4,9,0,103.0
T-01034,Alta,Backend,Bug,2367,5,5,44,0,37.4
T-01035,Media,Documentazione,Bug,243,4,11,3,0,35.6
T-01036,Media,API,Bug,725,1,6,14,1,31.3
T-01037,Media,Mobile,Bug,313,4,3,26,0,42.7
T-01038,Media,Frontend,Richiesta,1106,0,12,31,1,150.5
T-01039,Media,Backend,Bug,342,1,8,15,0,30.9
T-01040,Bassa,Database,Richiesta,400,2,8,10,0,232.8
T-01041,Bassa,Database,Bug,421,0,6,23,0,116.6
T-01042,Media,Frontend,Richiesta,573,3,5,19,0,21.0
T-01043,Media,Frontend,Bug,728,0,7,21,0,54.5
T-01044,Media,Backend,Domanda,802,1,11,45,0,14.9
T-01045,Bassa,Database,Bug,598,2,11,65,0,46.8
T-01046,Media,Frontend,Bug,270,2,8,22,0,35.8
T-01047,Bassa,Documentazione,Bug,929,1,5,45,0,32.8
T-01048,Alta,Backend,Bug,581,5,8,19,0,40.1
T-01049,Alta,Frontend,Bug,1205,3,10,18,0,29.6
T-01050,Bassa,Frontend,Richiesta,392,3,3,23,1,95.5
T-01051,Media,Database,Domanda,229,0,8,59,1,25.9
T-01052,Bassa,Database,Richiesta,588,1,6,7,1,271.1
T-01053,Bassa,API,Bug,1306,0,7,6,0,64.4
T-01054,Bassa,Documentazione,Bug,661,2,7,85,0,30.1
T-01055,Bassa,Frontend,Richiesta,532,1,8,14,0,406.3
T-01056,Media,API,Richiesta,356,0,12,26,0,99.2
T-01057,Alta,Backend,Bug,1723,2,10,21,0,41.2
T-01058,Bassa,Frontend,Domanda,323,2,6,74,0,11.8
T-01059,Media,Database,Bug,388,2,10,59,0,44.8
T-01060,Alta,Backend,Richiesta,845,2,5,10,0,78.8
T-01061,Critica,API,Domanda,197,0,5,31,0,1.8
T-01062,Media,API,Richiesta,1289,1,3,38,0,80.3
T-01063,Bassa,Mobile,Bug,873,2,5,45,1,133.2
T-01064,Media,Database,Richiesta,1029,2,8,4,0,146.2
T-01065,Media,API,Bug,839,2,8,6,0,116.6
T-01066,Critica,Frontend,Richiesta,545,6,3,47,0,15.3
T-01067,Media,Backend,Bug,317,1,9,9,0,52.0
T-01068,Media,Backend,Richiesta,552,3,4,37,0,37.7
T-01069,Bassa,API,Domanda,334,5,9,11,0,26.2
T-01070,Media,Documentazione,Bug,803,3,7,7,0,30.3
T-01071,Alta,Backend,Bug,974,3,10,14,0,30.9
T-01072,Media,API,Richiesta,1455,1,5,28,1,54.8
T-01073,Media,Mobile,Bug,750,2,6,36,1,27.9
T-01074,Critica,Infrastruttura,Bug,1045,4,6,39,0,20.4
T-01075,Alta,Database,Bug,502,4,6,51,0,12.5
T-01076,Media,API,Bug,450,4,9,14,1,33.2
T-01077,Media,API,Richiesta,797,3,8,49,0,18.9
T-01078,Media,Infrastruttura,Richiesta,476,2,6,30,1,130.5
T-01079,Media,Backend,Bug,705,0,3,34,0,63.9
T-01080,Media,Documentazione,Bug,317,2,3,114,1,11.5
T-01081,Bassa,Backend,Bug,354,1,10,43,0,156.7
T-01082,Alta,Infrastruttura,Bug,878,7,7,24,0,53.8
T-01083,Critica,Backend,Richiesta,1021,2,9,21,1,36.1
T-01084,Alta,Backend,Bug,332,3,8,28,1,21.2
T-01085,Critica,Backend,Bug,897,7,2,8,0,8.0
T-01086,Alta,Frontend,Domanda,436,3,3,37,1,7.9
T-01087,Alta,Frontend,Bug,606,5,4,28,1,15.0
T-01088,Alta,Backend,Richiesta,1404,3,6,33,0,49.3
T-01089,Media,Database,Bug,974,2,6,30,0,79.9
T-01090,Media,Frontend,Bug,967,2,7,9,0,37.8
T-01091,Bassa,Mobile,Bug,1886,0,9,44,1,209.2
T-01092,Media,Infrastruttura,Richiesta,393,0,9,18,0,95.9
T-01093,Bassa,API,Richiesta,332,3,4,55,0,61.0
T-01094,Bassa,Backend,Bug,389,1,6,47,0,36.5
T-01095,Media,Frontend,Bug,515,2,5,82,0,21.4
T-01096,Media,Documentazione,Bug,146,2,7,28,0,37.6
T-01097,Bassa,Backend,Richiesta,530,1,10,51,0,73.7
T-01098,Alta,Frontend,Richiesta,433,0,8,88,0,31.5
T-01099,Alta,Documentazione,Richiesta,960,1,6,16,0,17.2
T-01100,Bassa,Documentazione,Domanda,741,3,5,59,0,4.0
T-01101,Bassa,Frontend,Bug,418,4,12,43,0,72.3
T-01102,Media,API,Richiesta,855,1,7,12,0,55.6
T-01103,Alta,Database,Richiesta,926,8,10,26,1,57.7
T-01104,Alta,Mobile,Bug,378,1,9,126,0,28.7
T-01105,Bassa,Backend,Domanda,446,0,4,57,0,24.1
T-01106,Alta,Backend,Bug,158,5,8,40,0,16.4
T-01107,Bassa,API,Richiesta,312,2,10,17,1,74.2
T-01108,Media,Backend,Richiesta,384,0,10,3,1,119.5
T-01109,Critica,API,Domanda,627,4,5,9,1,4.6
T-01110,Bassa,Frontend,Bug,340,1,4,29,0,18.4
T-01111,Bassa,Infrastruttura,Bug,441,3,6,29,0,121.4
T-01112,Media,Infrastruttura,Richiesta,288,0,11,68,0,148.2
T-01113,Media,Database,Richiesta,665,2,10,14,0,208.9
T-01114,Critica,Mobile,Bug,775,4,7,13,1,43.8
T-01115,Critica,Frontend,Richiesta,764,9,11,43,0,19.6
T-01116,Bassa,Database,Bug,604,1,6,22,1,136.4
T-01117,Bassa,Backend,Richiesta,238,3,6,21,1,133.7
T-01118,Alta,Infrastruttura,Domanda,414,4,3,63,1,6.0
T-01119,Bassa,Infrastruttura,Bug,470,0,5,12,0,48.8
T-01120,Alta,Documentazione,Bug,471,3,4,57,1,7.2
T-01121,Media,Infrastruttura,Domanda,628,0,7,40,0,46.9
T-01122,Bassa,Documentazione,Richiesta,1411,0,11,20,0,66.2
T-01123,Alta,Backend,Domanda,977,5,6,28,0,10.5
T-01124,Bassa,Documentazione,Bug,332,0,6,15,1,47.1
T-01125,Media,API,Domanda,901,3,7,25,1,20.0
T-01126,Media,Frontend,Bug,881,1,8,85,0,19.0
T-01127,Media,API,Bug,370,1,6,16,1,46.6
T-01128,Media,Frontend,Bug,998,2,9,6,0,39.0
T-01129,Media,Frontend,Richiesta,545,0,7,29,1,134.7
T-01130,Critica,Backend,Domanda,257,3,10,75,0,6.6
T-01131,Critica,Backend,Richiesta,788,2,7,34,0,17.8
T-01132,Media,Database,Richiesta,683,1,7,24,0,209.9
T-01133,Bassa,Infrastruttura,Bug,523,3,8,23,1,127.5
T-01134,Alta,API,Bug,587,3,7,58,1,9.7
T-01135,Critica,Database,Bug,390,6,8,37,0,13.1
T-01136,Media,Frontend,Bug,865,2,7,43,0,74.2
T-01137,Media,Database,Bug,585,2,10,32,0,44.6
T-01138,Media,Backend,Domanda,663,4,6,52,1,13.6
T-01139,Bassa,Infrastruttura,Richiesta,743,3,5,85,0,59.0
T-01140,Media,Backend,Richiesta,300,0,6,29,0,31.8
T-01141,Media,Mobile,Bug,351,1,7,37,0,27.4
T-01142,Alta,Mobile,Bug,159,1,5,83,0,8.3
T-01143,Alta,API,Bug,842,5,3,32,1,13.8
T-01144,Alta,Infrastruttura,Bug,290,4,10,58,0,59.1
T-01145,Media,Frontend,Bug,650,2,6,14,0,34.8
T-01146,Media,Infrastruttura,Bug,750,1,5,16,0,92.2
T-01147,Alta,Mobile,Bug,861,0,4,98,0,34.1
T-01148,Alta,Mobile,Richiesta,291,5,4,49,0,13.1
T-01149,Media,API,Bug,577,1,10,26,0,32.6
T-01150,Alta,Infrastruttura,Bug,1635,4,4,19,1,56.2
T-01151,Bassa,Documentazione,Bug,1678,3,6,23,0,30.0
T-01152,Alta,Frontend,Bug,1085,4,7,10,0,30.4
T-01153,Bassa,Infrastruttura,Bug,735,2,9,46,0,233.1
T-01154,Bassa,Mobile,Bug,328,1,10,43,0,38.5
T-01155,Media,Database,Richiesta,923,1,6,42,0,77.1
T-01156,Bassa,Documentazione,Bug,546,5,7,71,1,23.4
T-01157,Bassa,Frontend,Domanda,840,3,11,31,0,22.4
T-01158,Bassa,API,Bug,410,0,6,40,1,50.1
T-01159,Media,Backend,Bug,541,2,5,6,0,31.3
T-01160,Alta,Backend,Bug,662,2,5,49,0,20.0
T-01161,Bassa,Infrastruttura,Bug,696,2,6,44,0,101.0
T-01162,Media,Frontend,Bug,807,0,8,11,1,79.8
T-01163,Alta,Frontend,Domanda,424,3,11,26,0,8.4
T-01164,Bassa,Backend,Bug,268,1,6,64,1,551.4
T-01165,Bassa,Database,Richiesta,1590,1,5,39,0,127.4
T-01166,Alta,Infrastruttura,Bug,2672,3,6,18,0,28.0
T-01167,Alta,Infrastruttura,Bug,785,1,6,44,0,31.3
T-01168,Media,Backend,Bug,271,0,12,92,0,45.8
T-01169,Alta,API,Bug,377,2,7,8,0,31.9
T-01170,Bassa,Database,Bug,814,1,10,48,0,224.1
T-01171,Media,API,Domanda,1342,5,4,38,0,14.8
T-01172,Alta,Frontend,Richiesta,290,2,6,10,0,36.0
T-01173,Bassa,Frontend,Domanda,557,1,8,39,1,49.2
T-01174,Alta,Database,Bug,675,2,4,19,1,23.7
T-01175,Media,API,Richiesta,1008,3,7,24,0,57.2
T-01176,Alta,Database,Richiesta,488,3,1,44,0,107.3
T-01177,Media,Database,Richiesta,235,2,6,43,0,88.6
T-01178,Media,Infrastruttura,Domanda,871,2,11,42,0,38.8
T-01179,Bassa,Mobile,Richiesta,1178,0,8,126,0,157.9
T-01180,Bassa,Frontend,Domanda,571,1,7,27,0,13.3
T-01181,Alta,Infrastruttura,Richiesta,765,3,7,12,0,42.4
T-01182,Bassa,Infrastruttura,Bug,451,1,6,48,0,55.8
T-01183,Bassa,Backend,Richiesta,361,5,10,37,0,100.8
T-01184,Bassa,API,Bug,1111,0,9,20,0,81.5
T-01185,Bassa,Frontend,Domanda,757,3,7,19,0,24.8
T-01186,Alta,Mobile,Richiesta,805,4,8,74,0,28.3
T-01187,Media,Backend,Bug,1478,1,13,4,1,42.6
T-01188,Critica,API,Bug,319,3,6,37,0,14.1
T-01189,Bassa,Frontend,Bug,431,1,8,18,0,27.8
T-01190,Media,Database,Bug,660,2,6,41,1,41.8
T-01191,Media,Documentazione,Bug,428,2,4,16,0,9.3
T-01192,Media,Frontend,Richiesta,960,2,5,41,0,33.6
T-01193,Alta,Infrastruttura,Richiesta,536,3,6,62,1,48.9
T-01194,Critica,Documentazione,Richiesta,331,5,5,20,1,13.1
T-01195,Alta,Infrastruttura,Bug,624,2,8,23,1,21.0
T-01196,Bassa,Backend,Bug,665,1,5,40,1,54.6
T-01197,Bassa,Infrastruttura,Bug,1051,0,10,51,1,70.0
T-01198,Media,Backend,Domanda,760,0,11,111,0,12.9
T-01199,Bassa,Frontend,Bug,791,0,9,23,0,80.7
T-01200,Alta,Infrastruttura,Bug,727,2,7,23,0,53.6
T-01201,Media,API,Bug,536,1,10,13,0,18.9
T-01202,Media,Database,Richiesta,390,1,7,3,1,126.9
T-01203,Alta,Frontend,Bug,714,5,14,62,0,14.0
T-01204,Alta,Infrastruttura,Richiesta,491,1,10,28,1,39.9
T-01205,Bassa,Mobile,Richiesta,1654,2,13,12,0,212.9
T-01206,Bassa,Database,Richiesta,1342,1,3,56,0,178.7
T-01207,Media,Infrastruttura,Bug,877,1,5,48,1,62.6
T-01208,Media,Backend,Bug,753,0,8,23,0,31.7
T-01209,Bassa,Backend,Bug,569,0,10,38,0,80.1
T-01210,Media,API,Bug,282,4,4,14,0,18.6
T-01211,Alta,Documentazione,Richiesta,527,2,6,50,0,19.6
T-01212,Alta,Backend,Bug,638,5,8,19,0,35.4
T-01213,Media,Backend,Bug,689,3,6,67,1,56.0
T-01214,Media,Backend,Bug,795,0,4,44,1,43.3
T-01215,Bassa,Infrastruttura,Richiesta,1043,4,2,10,1,237.2
T-01216,Media,Backend,Bug,396,0,5,62,1,22.7
T-01217,Media,Database,Richiesta,398,1,8,59,1,186.6
T-01218,Media,Documentazione,Bug,1433,2,5,54,0,12.9
T-01219,Media,Backend,Domanda,953,1,6,56,1,7.3
T-01220,Bassa,API,Richiesta,475,1,10,31,1,226.0
T-01221,Bassa,Database,Bug,563,1,6,37,0,65.8
T-01222,Bassa,Infrastruttura,Bug,564,0,6,26,0,113.6
T-01223,Alta,Frontend,Bug,611,2,4,6,1,13.2
T-01224,Media,Frontend,Bug,797,2,2,44,1,86.5
T-01225,Bassa,Backend,Bug,2746,1,11,8,1,348.1
T-01226,Alta,Mobile,Domanda,672,2,9,13,0,25.2
T-01227,Media,Mobile,Richiesta,893,0,6,19,1,94.4
T-01228,Media,Backend,Bug,218,1,3,32,0,41.8
T-01229,Critica,Frontend,Richiesta,449,4,7,96,1,11.7
T-01230,Bassa,Infrastruttura,Bug,1254,0,11,18,0,289.2
T-01231,Bassa,Backend,Domanda,764,3,8,102,1,19.4
T-01232,Media,Frontend,Bug,43,1,6,58,1,36.0
T-01233,Bassa,API,Richiesta,899,0,6,40,0,88.4
T-01234,Media,Frontend,Richiesta,1897,2,9,17,1,75.2
T-01235,Bassa,Frontend,Bug,181,3,9,33,1,38.9
T-01236,Bassa,Database,Bug,1493,3,10,35,0,137.7
T-01237,Bassa,Backend,Bug,114,4,10,49,0,35.5
T-01238,Media,Database,Domanda,1053,2,6,18,1,35.6
T-01239,Bassa,Mobile,Bug,597,0,3,59,0,48.7
T-01240,Bassa,API,Richiesta,146,2,6,30,0,91.0
T-01241,Alta,Backend,Richiesta,784,5,9,44,0,65.0
T-01242,Media,Infrastruttura,Richiesta,1197,2,7,28,0,112.2
T-01243,Media,Backend,Bug,746,1,7,73,0,102.9
T-01244,Bassa,Mobile,Bug,852,2,7,13,1,158.0
T-01245,Media,Frontend,Richiesta,469,1,7,38,0,129.7
T-01246,Bassa,Mobile,Bug,196,2,9,10,0,426.8
T-01247,Media,Backend,Domanda,909,0,8,46,0,9.4
T-01248,Bassa,Backend,Bug,1714,2,10,12,1,440.2
T-01249,Alta,Database,Bug,1182,2,5,25,0,27.3
T-01250,Critica,Backend,Richiesta,182,5,6,23,1,8.8
T-01251,Bassa,Backend,Bug,242,1,10,118,1,19.1
T-01252,Bassa,Mobile,Bug,361,2,8,17,1,125.9
T-01253,Bassa,Infrastruttura,Bug,231,2,9,59,0,33.7
T-01254,Media,Backend,Bug,616,0,5,2,0,70.1
T-01255,Bassa,Infrastruttura,Richiesta,760,1,4,32,0,387.6
T-01256,Alta,Mobile,Bug,254,2,2,75,0,9.5
T-01257,Alta,Infrastruttura,Bug,956,6,4,6,0,35.1
T-01258,Alta,API,Bug,861,3,12,58,0,22.0
T-01259,Media,API,Domanda,432,0,4,28,0,20.0
T-01260,Critica,Database,Bug,541,2,6,4,0,11.3
T-01261,Bassa,API,Domanda,186,2,4,63,0,13.5
T-01262,Media,Documentazione,Domanda,492,2,9,48,0,13.0
T-01263,Media,Backend,Bug,603,2,9,15,1,51.0
T-01264,Critica,Frontend,Richiesta,664,4,6,50,0,6.6
T-01265,Media,Backend,Richiesta,753,1,9,7,0,143.5
T-01266,Alta,Documentazione,Bug,695,7,1,20,0,3.9
T-01267,Bassa,Frontend,Bug,512,1,9,32,1,72.9
T-01268,Critica,API,Richiesta,712,4,10,30,1,29.5
T-01269,Media,Infrastruttura,Richiesta,1095,0,6,43,0,112.9
T-01270,Media,Documentazione,Richiesta,567,1,8,116,0,73.7
T-01271,Critica,Backend,Domanda,726,3,7,36,1,7.9
T-01272,Media,Mobile,Bug,537,1,6,37,1,42.6
T-01273,Media,Infrastruttura,Richiesta,407,2,8,67,0,97.6
T-01274,Media,Backend,Domanda,821,2,6,30,0,18.2
T-01275,Bassa,Mobile,Bug,430,0,4,5,0,74.2
T-01276,Media,Frontend,Bug,756,0,9,34,1,54.7
T-01277,Bassa,API,Bug,610,1,6,4,0,58.9
T-01278,Bassa,Database,Domanda,500,2,8,63,1,40.2
T-01279,Alta,Frontend,Bug,493,2,8,31,1,17.5
T-01280,Media,Backend,Richiesta,442,2,8,41,1,26.5
T-01281,Media,Backend,Bug,224,0,4,13,1,60.2
T-01282,Media,Backend,Bug,755,1,10,14,0,43.4
T-01283,Media,API,Richiesta,689,4,5,47,1,52.3
T-01284,Media,Frontend,Bug,999,0,4,25,1,30.2
T-01285,Critica,Backend,Domanda,436,6,7,17,1,3.3
T-01286,Critica,API,Bug,1871,8,12,75,0,7.9
T-01287,Media,API,Domanda,478,0,5,34,0,22.2
T-01288,Media,Database,Bug,355,0,4,19,1,94.5
T-01289,Media,Documentazione,Domanda,331,3,6,36,0,6.1
T-01290,Media,Frontend,Richiesta,212,0,9,22,1,44.1
T-01291,Media,Infrastruttura,Bug,1505,4,7,44,0,29.7
T-01292,Media,Backend,Bug,1366,1,6,13,0,76.3
T-01293,Media,Mobile,Bug,860,2,7,64,1,34.4
T-01294,Media,Documentazione,Richiesta,350,1,8,22,1,20.3
T-01295,Media,Infrastruttura,Richiesta,1779,0,6,10,0,139.7
T-01296,Media,API,Bug,486,2,12,11,0,43.2
T-01297,Bassa,API,Bug,511,1,14,27,0,47.1
T-01298,Bassa,Frontend,Richiesta,1421,2,7,17,0,60.0
T-01299,Alta,API,Bug,891,4,13,8,0,37.4
T-01300,Media,Mobile,Richiesta,2248,5,7,8,0,62.6
T-01301,Bassa,Documentazione,Bug,697,2,4,32,0,37.3
T-01302,Media,Database,Richiesta,473,0,5,37,0,84.3
T-01303,Alta,Backend,Domanda,416,3,9,33,1,15.6
T-01304,Bassa,API,Bug,198,1,8,74,1,34.3
T-01305,Alta,Backend,Bug,508,6,5,41,0,17.0
T-01306,Critica,Backend,Bug,1192,6,5,19,1,17.4
T-01307,Media,Frontend,Richiesta,859,1,5,166,0,23.6
T-01308,Media,Mobile,Bug,607,2,7,15,0,78.2
T-01309,Bassa,Backend,Domanda,330,1,8,7,0,13.3
T-01310,Critica,Backend,Richiesta,687,2,6,49,1,13.9
T-01311,Media,Backend,Bug,1102,0,5,97,0,17.0
T-01312,Critica,Infrastruttura,Richiesta,777,2,10,56,0,24.2
T-01313,Media,API,Bug,663,1,7,26,1,43.5
T-01314,Bassa,Backend,Richiesta,372,2,3,16,1,124.0
T-01315,Bassa,Backend,Bug,1010,3,10,47,1,80.4
T-01316,Media,API,Richiesta,92,2,8,27,1,32.2
T-01317,Media,Frontend,Domanda,755,0,7,24,1,9.2
T-01318,Bassa,API,Richiesta,2805,0,10,78,0,87.9
T-01319,Alta,Frontend,Domanda,243,2,7,5,1,55.7
T-01320,Alta,Documentazione,Bug,519,2,5,40,0,14.6
T-01321,Media,Frontend,Richiesta,597,0,9,17,0,55.6
T-01322,Media,API,Richiesta,455,2,7,31,1,101.4
T-01323,Bassa,Backend,Richiesta,1117,1,8,14,0,91.1
T-01324,Alta,Documentazione,Bug,797,2,6,27,0,10.2
T-01325,Media,Documentazione,Bug,657,2,6,131,0,11.4
T-01326,Alta,Mobile,Richiesta,968,3,5,53,1,74.5
T-01327,Media,Database,Bug,606,1,7,47,1,65.7
T-01328,Media,Backend,Richiesta,4043,4,5,31,0,34.6
T-01329,Bassa,Infrastruttura,Richiesta,657,1,5,29,0,228.2
T-01330,Bassa,Mobile,Domanda,675,1,6,33,1,76.8
T-01331,Alta,Backend,Bug,215,2,9,43,0,17.0
T-01332,Media,Database,Domanda,433,1,6,53,0,12.8
T-01333,Media,Database,Bug,1194,3,4,105,0,59.2
T-01334,Critica,Infrastruttura,Bug,269,1,5,25,0,39.0
T-01335,Critica,API,Richiesta,164,3,7,76,0,15.8
T-01336,Alta,API,Bug,612,2,8,105,1,9.3
T-01337,Bassa,API,Bug,1366,1,9,56,0,116.1
T-01338,Media,Frontend,Bug,615,0,3,29,1,42.2
T-01339,Alta,Frontend,Bug,490,3,7,56,1,11.6
T-01340,Media,Backend,Richiesta,197,3,5,7,0,76.1
T-01341,Bassa,Mobile,Bug,787,2,7,94,1,82.2
T-01342,Alta,Frontend,Bug,892,2,10,60,0,41.0
T-01343,Media,Frontend,Richiesta,206,1,7,28,0,26.0
T-01344,Media,Backend,Bug,1185,1,4,26,0,52.9
T-01345,Critica,Backend,Richiesta,950,4,11,9,1,19.6
T-01346,Media,API,Domanda,1184,0,8,66,1,22.9
T-01347,Media,Backend,Richiesta,852,4,9,27,0,126.9
T-01348,Media,Backend,Domanda,888,3,11,99,1,9.0
T-01349,Media,Mobile,Bug,820,0,9,7,0,35.3
T-01350,Bassa,Frontend,Richiesta,1010,1,11,15,0,205.9
T-01351,Alta,Frontend,Bug,201,4,7,13,0,14.3
T-01352,Alta,Frontend,Bug,244,3,8,2,1,33.0
T-01353,Bassa,Infrastruttura,Richiesta,386,1,5,49,0,83.6
T-01354,Media,Frontend,Bug,555,1,6,11,0,37.4
T-01355,Alta,Mobile,Domanda,757,2,7,15,1,17.5
T-01356,Bassa,Documentazione,Richiesta,729,1,7,12,0,66.2
T-01357,Media,API,Domanda,1173,4,4,23,0,6.3
T-01358,Media,Frontend,Bug,1195,1,5,86,0,111.0
T-01359,Media,Mobile,Bug,355,2,5,43,0,36.6
T-01360,Bassa,Database,Richiesta,692,3,8,35,0,77.4
T-01361,Media,Frontend,Bug,361,1,4,31,0,31.5
T-01362,Media,Database,Bug,536,1,10,20,1,94.2
T-01363,Media,Frontend,Richiesta,728,2,6,20,1,92.0
T-01364,Bassa,Backend,Domanda,78,3,9,34,1,27.6
T-01365,Media,Frontend,Richiesta,2550,0,11,80,0,75.3
T-01366,Media,Backend,Bug,843,0,5,19,0,21.5
T-01367,Bassa,Frontend,Bug,420,2,5,61,0,51.2
T-01368,Bassa,API,Richiesta,1907,5,9,12,0,60.4
T-01369,Bassa,Documentazione,Bug,487,0,5,49,0,51.9
T-01370,Media,Backend,Bug,650,3,6,78,0,21.8
T-01371,Bassa,API,Bug,448,2,6,29,1,500.2
T-01372,Critica,Database,Bug,1617,4,5,20,1,16.5
T-01373,Media,Backend,Bug,563,2,9,49,0,32.5
T-01374,Alta,Backend,Bug,656,6,7,93,1,11.3
T-01375,Critica,Backend,Richiesta,1235,2,9,59,0,32.7
T-01376,Bassa,Backend,Bug,852,3,6,101,1,41.2
T-01377,Media,Frontend,Richiesta,581,2,8,31,0,75.2
T-01378,Alta,Frontend,Bug,1168,4,8,30,0,16.8
T-01379,Media,Database,Domanda,2752,1,11,8,0,42.0
T-01380,Media,Backend,Bug,726,0,10,19,0,58.6
T-01381,Media,Backend,Bug,644,1,7,28,1,51.9
T-01382,Bassa,Backend,Bug,665,2,6,30,0,43.1
T-01383,Media,Database,Bug,1317,2,11,48,1,118.1
T-01384,Critica,Frontend,Bug,419,8,6,21,0,6.3
T-01385,Critica,Database,Richiesta,508,8,13,22,1,37.0
T-01386,Bassa,Backend,Domanda,239,2,9,113,0,16.8
T-01387,Alta,Backend,Bug,295,6,10,2,1,28.9
T-01388,Media,Documentazione,Bug,440,0,8,3,1,22.5
T-01389,Alta,Backend,Richiesta,580,2,2,14,0,20.3
T-01390,Bassa,Backend,Richiesta,1734,2,10,3,0,205.5
T-01391,Critica,Backend,Bug,828,2,6,4,0,12.3
T-01392,Alta,Documentazione,Richiesta,347,1,8,23,1,37.5
T-01393,Bassa,API,Bug,388,3,5,39,1,53.4
T-01394,Bassa,API,Richiesta,1369,1,10,22,0,80.5
T-01395,Alta,Documentazione,Bug,1180,2,6,41,1,10.7
T-01396,Bassa,Backend,Bug,610,2,12,54,1,55.3
T-01397,Media,Documentazione,Bug,460,2,7,36,1,228.9
T-01398,Alta,Backend,Richiesta,1178,4,5,41,0,45.3
T-01399,Media,API,Bug,331,2,5,25,0,29.5
T-01400,Media,Frontend,Richiesta,759,4,4,21,1,54.2
T-01401,Media,Frontend,Richiesta,2346,2,12,3,1,109.5
T-01402,Bassa,Documentazione,Richiesta,679,0,1,55,0,57.7
T-01403,Critica,Backend,Bug,377,5,6,35,1,13.0
T-01404,Media,Documentazione,Bug,768,0,8,38,0,33.6
T-01405,Bassa,Frontend,Bug,453,1,9,8,1,68.9
T-01406,Bassa,API,Richiesta,260,2,9,15,1,75.6
T-01407,Critica,Documentazione,Domanda,914,2,4,24,1,3.9
T-01408,Bassa,Backend,Bug,1173,0,10,11,1,248.6
T-01409,Alta,Documentazione,Domanda,498,3,3,35,0,5.6
T-01410,Alta,API,Bug,478,2,8,34,0,44.4
T-01411,Alta,Mobile,Bug,337,1,10,32,1,32.5
T-01412,Critica,Backend,Bug,548,5,4,55,1,6.1
T-01413,Alta,Database,Richiesta,428,4,11,36,0,32.2
T-01414,Critica,API,Bug,327,5,8,74,1,16.6
T-01415,Bassa,Database,Bug,1867,0,15,37,0,88.1
T-01416,Alta,Backend,Richiesta,794,4,9,18,0,76.3
T-01417,Media,Backend,Bug,846,2,4,30,1,29.2
T-01418,Media,Infrastruttura,Bug,1019,0,4,1,1,196.9
T-01419,Alta,Backend,Bug,953,4,10,39,1,28.0
T-01420,Critica,Mobile,Bug,468,5,9,15,1,20.8
T-01421,Alta,Documentazione,Bug,707,2,6,33,0,33.6
T-01422,Media,Backend,Bug,511,3,6,17,0,31.4
T-01423,Media,Backend,Richiesta,781,1,5,11,1,63.1
T-01424,Media,API,Bug,737,0,7,89,0,26.2
T-01425,Media,Backend,Richiesta,477,2,4,17,0,32.9
T-01426,Media,API,Bug,270,2,15,15,0,42.7
T-01427,Bassa,API,Bug,655,1,9,50,0,54.9
T-01428,Bassa,API,Bug,531,0,5,23,0,36.9
T-01429,Alta,Frontend,Bug,193,5,9,16,0,13.3
T-01430,Media,API,Bug,814,3,12,51,1,62.0
T-01431,Critica,API,Bug,1071,4,10,29,0,10.2
T-01432,Media,Backend,Domanda,2735,3,6,55,0,17.7
T-01433,Bassa,API,Richiesta,474,0,7,75,0,159.6
T-01434,Bassa,Infrastruttura,Bug,434,0,9,23,1,69.3
T-01435,Bassa,API,Richiesta,308,3,5,48,0,152.8
T-01436,Critica,Database,Richiesta,680,3,4,78,0,14.3
T-01437,Bassa,Frontend,Richiesta,677,5,4,92,1,59.7
T-01438,Media,Backend,Bug,369,2,4,19,0,56.9
T-01439,Critica,Backend,Bug,540,5,9,61,0,21.7
T-01440,Critica,Backend,Bug,183,6,5,3,1,10.8
T-01441,Bassa,Documentazione,Bug,1046,3,7,36,0,25.9
T-01442,Bassa,Backend,Bug,378,1,7,9,0,48.5
T-01443,Bassa,Infrastruttura,Domanda,588,2,4,23,0,27.3
T-01444,Bassa,Backend,Domanda,255,3,6,119,1,35.1
T-01445,Bassa,Frontend,Bug,423,1,3,56,1,311.1
T-01446,Media,Frontend,Bug,507,3,6,9,1,40.8
T-01447,Alta,Frontend,Bug,596,5,4,12,1,10.6
T-01448,Media,Mobile,Bug,800,2,8,65,1,28.5
T-01449,Media,Documentazione,Richiesta,1423,3,12,64,0,39.9
T-01450,Bassa,Infrastruttura,Bug,931,1,8,66,0,93.6
T-01451,Alta,Backend,Richiesta,1069,5,7,36,1,32.7
T-01452,Media,Mobile,Domanda,1429,0,7,56,1,12.7
T-01453,Alta,Backend,Richiesta,845,4,6,23,0,32.2
T-01454,Critica,Documentazione,Richiesta,587,5,9,23,0,19.0
T-01455,Media,Database,Bug,1099,2,11,35,0,53.4
T-01456,Bassa,Frontend,Bug,1142,2,10,16,0,123.0
T-01457,Bassa,Backend,Bug,885,1,11,14,0,21.5
T-01458,Media,Backend,Richiesta,251,5,9,46,1,32.3
T-01459,Critica,Backend,Bug,362,5,13,48,1,5.8
T-01460,Media,Documentazione,Richiesta,509,0,7,14,0,60.6
T-01461,Alta,Mobile,Bug,958,3,9,19,1,51.7
T-01462,Media,Documentazione,Bug,592,1,6,41,0,12.2
T-01463,Bassa,Backend,Bug,1187,3,7,39,0,82.2
T-01464,Media,API,Domanda,1321,3,5,36,1,29.4
T-01465,Media,Frontend,Bug,1232,1,5,15,1,84.9
T-01466,Media,Database,Bug,1237,2,6,130,1,39.6
T-01467,Media,Frontend,Bug,322,2,10,21,0,89.6
T-01468,Bassa,Frontend,Richiesta,802,1,12,42,0,79.6
T-01469,Alta,API,Domanda,417,8,4,11,1,8.2
T-01470,Bassa,Backend,Bug,223,1,6,29,1,150.7
T-01471,Critica,Database,Domanda,505,6,6,14,0,5.6
T-01472,Bassa,API,Bug,1328,1,5,20,0,59.1
T-01473,Bassa,Backend,Richiesta,791,3,9,37,0,320.7
T-01474,Media,Documentazione,Bug,2013,0,9,73,0,34.2
T-01475,Media,Database,Bug,667,3,8,19,0,34.4
T-01476,Media,Infrastruttura,Richiesta,2606,1,3,36,1,116.1
T-01477,Media,API,Bug,667,0,7,42,0,66.1
T-01478,Critica,Mobile,Bug,608,2,7,50,1,14.6
T-01479,Media,Mobile,Richiesta,278,2,7,5,0,86.4
T-01480,Media,Infrastruttura,Domanda,1168,3,6,55,0,11.2
T-01481,Media,API,Bug,444,0,5,42,0,18.1
T-01482,Bassa,Frontend,Richiesta,407,1,10,36,1,74.1
T-01483,Media,Backend,Richiesta,1294,4,7,17,0,60.1
T-01484,Bassa,API,Bug,1202,5,3,39,1,64.1
T-01485,Media,Backend,Domanda,1183,0,8,107,0,22.1
T-01486,Bassa,Backend,Bug,483,1,4,67,0,151.7
T-01487,Critica,Backend,Richiesta,582,7,7,23,1,12.0
T-01488,Media,Database,Bug,579,1,6,36,0,47.7
T-01489,Alta,Backend,Bug,960,6,4,37,0,12.6
T-01490,Media,API,Bug,1524,1,7,25,1,416.7
T-01491,Bassa,Mobile,Bug,748,1,6,9,0,142.5
T-01492,Alta,Infrastruttura,Domanda,1962,2,10,23,0,18.5
T-01493,Media,Frontend,Domanda,1028,1,5,45,1,39.6
T-01494,Alta,Database,Bug,521,1,5,22,0,22.8
T-01495,Media,API,Bug,986,0,10,29,0,90.4
T-01496,Media,Database,Bug,1670,6,7,73,1,102.4
T-01497,Alta,API,Bug,1990,0,7,29,1,20.4
T-01498,Media,Backend,Bug,1223,2,5,31,0,56.1
T-01499,Media,Documentazione,Domanda,609,1,5,34,0,2.2
T-01500,Media,Backend,Richiesta,527,2,7,21,1,96.9
